# Blender 5.1.1
# www.blender.org
mtllib es6_tire_FR.mtl
o es6_tire_FR
v 0.001096 -0.003567 -0.126925
v 0.000988 -0.002799 -0.137658
v 0.000022 -0.002953 -0.138002
v 0.001073 -0.008819 -0.126973
v 0.000861 -0.008765 -0.146629
v 0.000801 -0.003795 -0.146602
v 0.000047 0.006246 -0.136349
v 0.001026 0.006096 -0.136166
v 0.001057 0.006602 -0.126740
v 0.001134 0.011884 -0.127015
v 0.000161 0.012036 -0.127339
v 0.000872 0.011926 -0.146601
v 0.000859 0.006879 -0.146604
v 0.000861 0.020413 -0.146646
v 0.000866 0.015593 -0.146510
v 0.001102 0.015244 -0.127082
v 0.001100 0.020494 -0.127079
v 0.001091 0.043098 -0.130545
v 0.000966 0.043927 -0.141464
v 0.000130 0.043518 -0.130694
v 0.001023 0.039432 -0.135650
v 0.001032 0.035774 -0.131348
v 0.001177 0.035072 -0.125912
v 0.001033 0.027596 -0.127557
v 0.001086 0.030595 -0.132185
v 0.000089 0.028865 -0.133609
v 0.000945 0.037275 -0.141095
v 0.000830 0.037095 -0.146979
v 0.000935 0.031781 -0.141868
v -0.000014 0.030627 -0.141761
v 0.000859 0.028886 -0.146327
v 0.000950 0.024615 -0.143030
v 0.000037 0.022383 -0.137372
v 0.001015 0.028363 -0.137661
v 0.001052 0.023507 -0.132262
v -0.029454 -0.000373 0.016914
v -0.028807 -0.000351 0.017143
v -0.025659 -0.000423 0.034120
v -0.025672 -0.009134 0.033148
v -0.025660 -0.025567 0.022765
v -0.026438 -0.031965 0.007891
v -0.026406 -0.019930 0.027477
v -0.025656 -0.033057 -0.001282
v -0.029390 -0.009938 0.013106
v -0.029403 -0.014662 0.001937
v -0.029501 -0.010003 -0.009232
v -0.028818 -0.014891 0.003308
v -0.028818 -0.008665 0.013710
v -0.025671 -0.026735 -0.016894
v -0.025696 -0.014246 -0.027804
v -0.025655 -0.000410 -0.030395
v -0.027529 -0.000231 -0.021240
v -0.028822 -0.000536 -0.012837
v -0.028818 -0.009797 -0.009185
v -0.029761 0.010991 0.002163
v -0.025776 0.027204 0.018732
v -0.029127 0.011385 0.001095
v -0.025768 0.021675 -0.022139
v -0.025759 0.027167 -0.014858
v -0.025771 0.014325 -0.026782
v -0.029045 0.000760 -0.013730
v -0.028857 -0.000241 -0.012161
v -0.029716 -0.000191 0.001935
v -0.028250 0.018094 -0.005656
v -0.028857 -0.000241 0.016031
v -0.029054 0.000753 0.017589
v -0.025770 0.021671 0.026002
v -0.028674 0.015440 0.007263
v -0.025771 0.014326 0.030645
v -0.054520 -0.286361 -0.019556
v -0.036406 -0.047095 -0.008869
v -0.055174 -0.070348 -0.238914
v -0.054347 -0.110846 -0.253682
v -0.054229 -0.078046 -0.273614
v -0.054653 -0.068021 -0.275988
v -0.036553 -0.004205 -0.045924
v -0.054652 0.243109 -0.148212
v -0.036502 0.044075 -0.016174
v -0.054346 0.239251 0.143965
v -0.054292 0.223207 0.178413
v -0.036292 0.032614 0.036904
v -0.037500 0.032692 0.041605
v -0.050508 0.090069 0.078439
v -0.037609 0.039041 0.036790
v -0.048317 0.073770 0.082729
v -0.054427 0.112268 0.121421
v -0.055532 0.151427 0.130573
v -0.055249 0.155051 0.167328
v -0.054216 0.183812 0.221878
v -0.054250 0.217977 0.187245
v -0.054145 0.153849 0.235079
v -0.054179 0.125133 0.260387
v -0.054488 0.158804 0.225076
v -0.055079 0.157978 0.195130
v -0.054448 0.128038 0.250000
v -0.054407 0.110098 0.258500
v -0.054179 0.067704 0.280385
v -0.054535 0.034565 0.280387
v -0.054180 0.019861 0.288148
v -0.055172 -0.085419 0.238045
v -0.054392 -0.061383 0.273842
v -0.054206 -0.099652 0.270622
v -0.054181 -0.049879 0.285012
v -0.036743 -0.026246 0.042837
v -0.054180 -0.266295 0.109613
v -0.054448 -0.270528 0.073382
v -0.054182 -0.284833 0.042372
v -0.054408 -0.277863 0.028760
v -0.054403 -0.276303 0.025224
v -0.054235 -0.286532 -0.009301
v -0.055183 -0.251165 -0.005901
v -0.054257 -0.238830 -0.144426
v -0.054179 -0.253775 -0.133306
v -0.054179 -0.219027 -0.183265
v -0.054462 -0.197431 -0.196922
v -0.054149 -0.262182 -0.095870
v -0.054216 -0.275064 -0.079604
v -0.054232 -0.259763 -0.084345
v -0.055238 -0.223789 -0.040612
v -0.054318 -0.159378 -0.009721
v -0.054325 -0.160450 -0.028188
v -0.044457 -0.081944 -0.015501
v -0.044382 -0.084834 -0.004010
v -0.038166 -0.055782 -0.002033
v -0.038989 -0.058981 -0.001920
v -0.054181 -0.184915 -0.217601
v -0.054445 -0.143922 -0.238020
v -0.054183 -0.126711 -0.256008
v -0.054181 0.151499 -0.241304
v -0.054462 0.127955 -0.246828
v -0.054179 0.108365 -0.263121
v -0.054257 0.065242 -0.269991
v -0.054178 0.059576 -0.278506
v -0.054179 0.009928 -0.284365
v -0.054139 0.011819 -0.277196
v -0.054213 -0.037524 -0.282329
v -0.054235 0.001592 -0.271353
v -0.055236 -0.028882 -0.223636
v -0.054318 -0.038360 -0.152797
v -0.054325 -0.021124 -0.159533
v -0.046114 -0.010503 -0.091529
v -0.038955 -0.014227 -0.052953
v -0.054445 0.183598 -0.208613
v -0.054182 0.206000 -0.197815
v -0.054392 0.208712 -0.182056
v -0.054215 0.237775 -0.156960
v -0.055182 0.207130 -0.138977
v -0.054181 0.277962 0.071251
v -0.054426 0.266317 0.089867
v -0.054274 0.279879 0.002130
v -0.054179 0.285366 0.023511
v -0.054178 0.284927 -0.027601
v -0.054411 0.271377 -0.062129
v -0.054179 0.275166 -0.076613
v -0.054490 0.267074 -0.077797
v -0.054213 0.258567 -0.121123
v -0.055239 0.205385 -0.094803
v -0.054216 0.134062 -0.081292
v -0.054427 0.147972 -0.068232
v -0.045976 0.084430 -0.036105
v -0.044941 0.074377 -0.044575
v -0.038300 0.046559 -0.027543
v -0.054192 0.258233 0.126035
v -0.054239 0.233968 0.163790
v -0.055183 0.197825 0.155818
v -0.054289 -0.005708 0.281169
v -0.046533 -0.036695 0.091382
v -0.038128 -0.021012 0.052963
v -0.047956 -0.052965 0.095030
v -0.054540 -0.081798 0.151468
v -0.054410 -0.062077 0.152737
v -0.054734 -0.109187 0.266653
v -0.055388 -0.107112 0.199734
v -0.054307 -0.153925 0.241836
v -0.054193 -0.119864 0.262162
v -0.054181 -0.189489 0.217464
v -0.054147 -0.174388 0.220734
v -0.054234 -0.162673 0.222000
v -0.054259 -0.213428 0.183441
v -0.054179 -0.233099 0.170461
v -0.054462 -0.250511 0.127885
v -0.054634 -0.222564 0.146213
v -0.054952 -0.228017 0.137415
v -0.055469 -0.157769 0.122144
v -0.055515 -0.161408 0.128711
v -0.055309 -0.164960 -0.109860
v -0.055333 -0.166903 -0.110013
v -0.055522 -0.170966 -0.112402
v -0.055312 -0.164885 -0.109890
v -0.055531 -0.163637 -0.112330
v -0.054870 -0.205931 -0.164299
v -0.054952 -0.199468 -0.172601
v -0.054890 -0.205731 -0.166150
v -0.054900 -0.205726 -0.166164
v -0.054633 0.094593 -0.245161
v -0.054952 0.104183 -0.241249
v -0.055360 0.057624 -0.188096
v -0.055298 0.055755 -0.195439
v -0.055299 0.056008 -0.188250
v -0.055266 0.055309 -0.188781
v -0.054949 0.263310 0.026337
v -0.054632 0.264070 0.016001
v -0.055470 0.197511 -0.002610
v -0.055515 0.204326 -0.005775
v -0.054633 0.068058 0.257889
v -0.054952 0.057997 0.260355
v -0.055515 0.070304 0.194331
v -0.055469 0.065190 0.188829
v -0.052136 -0.273514 0.028023
v -0.052843 -0.247368 0.026888
v -0.033268 -0.055279 -0.024102
v -0.030356 -0.043603 -0.019307
v -0.034789 -0.062328 -0.017163
v -0.030145 -0.043997 -0.013519
v -0.034424 -0.061256 -0.031810
v -0.035153 -0.062531 -0.047098
v 0.006441 -0.044231 -0.019382
v 0.006441 -0.055160 -0.024030
v 0.006441 -0.061564 -0.032515
v 0.006441 -0.058242 -0.054216
v 0.006441 -0.049697 -0.060209
v 0.006441 -0.062873 -0.044638
v 0.006441 -0.029024 -0.022934
v -0.027500 -0.029972 -0.022941
v -0.027009 -0.024614 -0.023639
v -0.027375 -0.035943 0.001990
v -0.029137 -0.041488 -0.007834
v -0.032164 -0.054532 0.003231
v -0.046202 -0.120649 -0.002384
v -0.038908 -0.093147 0.021551
v -0.051994 -0.172787 -0.007132
v -0.052805 -0.231590 -0.012091
v -0.051867 -0.286046 -0.016747
v -0.051727 -0.181792 0.024442
v -0.052665 -0.247574 -0.006359
v -0.051800 -0.286419 -0.012205
v -0.052069 -0.279684 -0.064915
v -0.052069 -0.285821 -0.019460
v -0.052069 -0.251115 -0.138193
v -0.052069 -0.202472 -0.202195
v -0.047958 -0.022465 -0.212842
v -0.048065 -0.021695 -0.219552
v -0.048239 -0.019430 -0.225910
v -0.049273 -0.007303 -0.247778
v -0.049996 0.004913 -0.267344
v -0.053910 0.271023 -0.065660
v -0.049792 0.261569 -0.072847
v -0.049961 0.264005 -0.067983
v -0.049994 0.257395 -0.076179
v -0.049272 0.235032 -0.081740
v -0.048239 0.210488 -0.086520
v -0.048061 0.203849 -0.086725
v -0.047959 0.197126 -0.085364
v -0.049366 0.156002 -0.065187
v -0.046205 0.124466 -0.049715
v -0.041636 0.093012 -0.033921
v -0.040119 0.098682 -0.014366
v -0.036453 0.087536 0.002532
v -0.037682 0.093890 -0.000502
v -0.030144 0.043993 -0.011042
v -0.034250 0.065184 -0.008602
v -0.030480 0.047566 -0.006447
v -0.035354 0.079065 0.006531
v 0.006441 0.077380 0.002708
v 0.006441 0.069079 -0.006193
v 0.006441 0.047415 -0.006309
v -0.035629 0.077846 0.020257
v -0.036868 0.083337 0.031333
v -0.006864 0.101459 0.017337
v -0.007707 0.100206 0.027281
v -0.007737 0.103066 0.008542
v -0.013011 0.109181 0.005375
v -0.019148 0.121948 0.005030
v -0.023749 0.141369 0.005110
v -0.027552 0.168670 0.005765
v -0.047214 0.162473 0.001225
v -0.048469 0.163739 -0.012480
v -0.049519 0.174038 -0.010510
v -0.049064 0.181911 0.005164
v -0.050298 0.184009 -0.007610
v -0.050479 0.193658 -0.003760
v -0.050902 0.247590 0.026930
v -0.045657 0.259072 0.047238
v -0.049674 0.270769 0.040142
v -0.029309 0.186068 0.011070
v -0.030349 0.206679 0.021450
v -0.030288 0.222148 0.029680
v -0.028849 0.239178 0.039040
v -0.044724 0.262154 0.050107
v -0.039718 0.256768 0.049893
v -0.027281 0.247725 0.045427
v -0.047961 0.143744 0.162863
v -0.048063 0.147102 0.168826
v -0.048239 0.148968 0.175220
v -0.049270 0.152007 0.200063
v -0.055079 0.157978 0.195120
v -0.049992 0.153636 0.223015
v -0.049791 -0.168337 0.216558
v -0.053694 -0.259220 -0.089383
v -0.054200 -0.198319 -0.054320
v -0.053951 -0.209656 -0.164832
v -0.052657 -0.158608 -0.033977
v -0.046960 -0.105851 -0.024819
v -0.054252 -0.163821 -0.106632
v -0.040372 -0.067507 -0.019464
v -0.042250 -0.078200 -0.054503
v -0.054386 -0.172358 -0.109422
v -0.053655 -0.239399 -0.135134
v -0.053695 -0.197824 -0.189942
v -0.053852 -0.198397 -0.175983
v -0.043558 -0.172912 -0.194435
v -0.054484 -0.153141 -0.112405
v -0.047235 -0.136468 -0.120883
v -0.054373 -0.160179 -0.111987
v -0.052203 -0.202488 -0.174413
v -0.052163 -0.208124 -0.167077
v -0.052273 -0.208217 -0.162006
v -0.052239 -0.197807 -0.174960
v -0.052705 -0.160541 -0.111643
v -0.052713 -0.164066 -0.107377
v -0.053329 -0.172659 -0.109697
v -0.052279 -0.208180 -0.161920
v -0.038782 -0.067449 -0.019561
v -0.045621 -0.107316 -0.025068
v -0.049688 -0.142940 -0.031210
v -0.051005 -0.162677 -0.034722
v -0.051089 -0.182470 -0.038210
v -0.051240 -0.216892 -0.044992
v -0.049647 -0.217714 -0.045459
v -0.051988 -0.256407 -0.085673
v -0.052069 -0.232071 -0.147802
v -0.052080 -0.197436 -0.189969
v -0.042987 -0.175814 -0.194580
v -0.041849 -0.171779 -0.192780
v -0.043824 -0.159733 -0.165369
v -0.045511 -0.140981 -0.128687
v -0.045117 -0.129773 -0.113010
v -0.040590 -0.078078 -0.054356
v -0.053693 0.006580 -0.272359
v -0.051241 -0.022550 -0.218391
v -0.051988 0.003925 -0.268543
v -0.049647 -0.022361 -0.219315
v -0.051089 -0.018371 -0.183560
v -0.052805 -0.015886 -0.165925
v -0.051005 -0.015574 -0.163657
v -0.049688 -0.012810 -0.143800
v -0.048872 -0.009379 -0.119974
v -0.045623 -0.007645 -0.108035
v -0.038782 -0.000561 -0.068400
v -0.040372 -0.000673 -0.068426
v -0.042251 0.029353 -0.089429
v -0.040590 0.029263 -0.089280
v -0.045111 0.068965 -0.156413
v -0.053750 0.057560 -0.171380
v -0.047235 0.074466 -0.165347
v -0.054253 0.052469 -0.186958
v -0.053835 0.120791 -0.244935
v -0.043557 0.133162 -0.222734
v -0.053854 0.107740 -0.241278
v -0.054445 0.058686 -0.185146
v -0.054386 0.052483 -0.195944
v -0.053975 0.092111 -0.247120
v -0.054200 -0.007942 -0.203606
v -0.053661 0.072057 -0.264656
v -0.052080 0.121292 -0.244649
v -0.052074 0.082380 -0.260792
v -0.052050 0.012579 -0.273341
v -0.045510 0.080327 -0.171853
v -0.043841 0.109393 -0.201028
v -0.041849 0.131941 -0.221154
v -0.042984 0.132405 -0.225533
v -0.052260 0.106413 -0.239612
v -0.052704 0.058248 -0.185390
v -0.052713 0.053095 -0.187427
v -0.052823 0.052498 -0.195787
v -0.052269 0.091900 -0.246792
v -0.052997 0.096798 -0.248090
v -0.052173 0.104844 -0.244448
v -0.053694 0.262738 -0.076112
v -0.054200 0.192847 -0.068676
v -0.051241 0.202385 -0.087135
v -0.052805 0.154578 -0.064588
v -0.053663 0.275437 -0.013148
v -0.053975 0.265151 0.013021
v -0.054386 0.204240 -0.008840
v -0.054253 0.195699 -0.006079
v -0.053749 0.182435 0.003568
v -0.048873 0.112884 -0.044204
v -0.042251 0.095797 0.002077
v -0.040372 0.066549 -0.019986
v -0.038782 0.066558 -0.019875
v -0.040591 0.095620 0.002032
v -0.045617 0.102023 -0.038846
v -0.047234 0.181929 0.021519
v -0.045117 0.171893 0.019088
v -0.045511 0.190182 0.025185
v -0.043827 0.226871 0.043818
v -0.043557 0.254660 0.059610
v -0.053859 0.272014 0.040941
v -0.041849 0.252773 0.058938
v -0.053852 0.264439 0.029696
v -0.054445 0.195896 0.000396
v -0.052268 0.264765 0.012917
v -0.052887 0.204100 -0.008262
v -0.052715 0.196333 -0.005615
v -0.053524 0.195617 0.000344
v -0.052283 0.263104 0.029047
v -0.052173 0.266560 0.025966
v -0.052996 0.267542 0.017177
v -0.042982 0.257081 0.058034
v -0.052080 0.271831 0.041545
v -0.052074 0.275167 -0.000329
v -0.052050 0.265530 -0.070694
v -0.049688 0.134478 -0.054820
v -0.051005 0.152508 -0.063582
v -0.051089 0.170569 -0.072400
v -0.049647 0.203341 -0.087243
v -0.051989 0.258302 -0.077453
v -0.053693 0.155258 0.228147
v -0.054200 0.126595 0.164009
v -0.053660 0.099273 0.259698
v -0.053986 0.071224 0.258009
v -0.051240 0.147103 0.167371
v -0.046955 0.069100 0.085750
v -0.040372 0.041250 0.058902
v -0.053738 0.054627 0.176414
v -0.054253 0.067929 0.186036
v -0.054386 0.073202 0.193311
v -0.053821 0.046719 0.273149
v -0.053853 0.055142 0.262476
v -0.043557 0.023680 0.262414
v -0.043824 0.030101 0.231148
v -0.047235 0.037427 0.181480
v -0.045511 0.036490 0.190456
v -0.042250 0.029303 0.093547
v -0.045117 0.036639 0.171176
v -0.052049 0.152225 0.230957
v -0.052069 0.098991 0.259445
v -0.052080 0.046149 0.273212
v -0.042986 0.025940 0.264238
v -0.041849 0.023734 0.260410
v -0.049647 0.147490 0.168228
v -0.051988 0.155162 0.223493
v -0.051089 0.123238 0.141640
v -0.052657 0.106419 0.124191
v -0.051005 0.109277 0.127189
v -0.049688 0.095368 0.112750
v -0.045617 0.070150 0.086826
v -0.038782 0.041144 0.058948
v -0.040591 0.029290 0.093365
v -0.054445 0.061836 0.188230
v -0.052996 0.068017 0.261549
v -0.052255 0.071175 0.257683
v -0.052823 0.072593 0.193216
v -0.052715 0.067683 0.186785
v -0.052706 0.062334 0.188170
v -0.052260 0.055238 0.260340
v -0.052172 0.059353 0.263335
v -0.052657 -0.083549 0.141381
v -0.046961 -0.058536 0.094049
v -0.054200 -0.115181 0.172877
v -0.040372 -0.041599 0.059228
v -0.053693 -0.167331 0.219952
v -0.054252 -0.154259 0.123888
v -0.053988 -0.221710 0.149261
v -0.053664 -0.215856 0.175151
v -0.054386 -0.159565 0.131156
v -0.042250 -0.078229 0.058573
v -0.053853 -0.230911 0.135351
v -0.053825 -0.243547 0.130833
v -0.054373 -0.158238 0.118774
v -0.052260 -0.228850 0.134781
v -0.052177 -0.230424 0.139620
v -0.052996 -0.226059 0.147290
v -0.052269 -0.221340 0.149120
v -0.052882 -0.159785 0.130604
v -0.052715 -0.155047 0.123895
v -0.052705 -0.158025 0.119224
v -0.053590 -0.147981 0.107561
v -0.040590 -0.078056 0.058504
v -0.047235 -0.159327 0.093465
v -0.043556 -0.240575 0.105405
v -0.052080 -0.243905 0.130111
v -0.052049 -0.170947 0.217933
v -0.052069 -0.214488 0.176104
v -0.051241 -0.112033 0.193403
v -0.051987 -0.162912 0.218419
v -0.049647 -0.112738 0.194046
v -0.051089 -0.094951 0.162780
v -0.051005 -0.085522 0.145031
v -0.049688 -0.076081 0.127340
v -0.045620 -0.059224 0.095360
v -0.038782 -0.041674 0.059147
v -0.042985 -0.241610 0.108112
v -0.041849 -0.238654 0.104845
v -0.043827 -0.208813 0.101850
v -0.045511 -0.168188 0.095357
v -0.045116 -0.149784 0.089535
v -0.023369 -0.137331 0.030150
v -0.018011 -0.115823 0.030185
v -0.040536 -0.257098 0.031711
v -0.027822 -0.247565 0.035328
v -0.028659 -0.241911 0.033330
v -0.030389 -0.217151 0.032270
v -0.028779 -0.180610 0.031210
v -0.026269 -0.156391 0.030570
v -0.054290 -0.277923 0.028455
v -0.029279 -0.044750 0.009151
v 0.006441 -0.035135 0.018289
v 0.006441 -0.043620 0.009937
v 0.006441 -0.064180 0.046961
v -0.052069 -0.280188 0.065233
v -0.052070 -0.287163 -0.009370
v -0.052069 -0.257043 0.131129
v -0.046188 -0.131722 -0.029508
v -0.041223 -0.097271 -0.023543
v -0.040123 -0.090193 -0.042966
v -0.037263 -0.076031 -0.049967
v -0.047214 -0.132627 -0.093074
v -0.048469 -0.141710 -0.082740
v -0.049519 -0.148880 -0.090380
v -0.049068 -0.146060 -0.107713
v -0.050298 -0.155250 -0.098590
v -0.050479 -0.160790 -0.107370
v -0.051003 -0.186354 -0.163910
v -0.045657 -0.183745 -0.187095
v -0.049677 -0.197365 -0.188210
v -0.044132 -0.183827 -0.190996
v -0.039784 -0.180643 -0.186802
v -0.027282 -0.175615 -0.178945
v -0.028849 -0.172460 -0.168760
v -0.030289 -0.164180 -0.151180
v -0.030349 -0.156501 -0.135420
v -0.029309 -0.145930 -0.114910
v -0.027552 -0.134971 -0.100393
v -0.023749 -0.113270 -0.083820
v -0.019149 -0.097611 -0.072330
v -0.013006 -0.087073 -0.065108
v -0.007735 -0.080268 -0.064071
v -0.049361 -0.166336 -0.035524
v -0.047961 -0.211559 -0.043393
v -0.048065 -0.217723 -0.046203
v -0.048239 -0.223051 -0.050310
v -0.049273 -0.240102 -0.068615
v -0.049993 -0.254914 -0.086241
v -0.049792 -0.256336 -0.091405
v -0.049964 -0.255448 -0.096766
v -0.049845 -0.244802 -0.120439
v -0.050017 -0.229419 -0.147024
v -0.049741 -0.214007 -0.168857
v -0.026803 -0.157008 -0.196636
v -0.036871 -0.085385 0.027503
v -0.034145 -0.064221 0.009919
v -0.035573 -0.075145 0.028299
v 0.006441 -0.074684 0.030574
v 0.006441 -0.058436 0.007705
v 0.006441 -0.071657 0.017492
v -0.039838 -0.259514 0.036197
v -0.039811 -0.253370 0.067676
v -0.026892 -0.250031 0.039966
v -0.026829 -0.246831 0.059280
v -0.026803 -0.237697 0.089645
v -0.044134 -0.240653 0.116819
v -0.036871 -0.050903 -0.070932
v -0.035626 -0.052968 -0.058731
v -0.036605 -0.068600 -0.051646
v -0.006865 -0.073801 -0.070249
v -0.007702 -0.066959 -0.077530
v -0.013459 -0.106923 0.031065
v -0.010030 -0.101771 0.033179
v -0.007704 -0.096628 0.040724
v -0.049688 -0.286421 -0.012180
v -0.049740 -0.286052 -0.016752
v -0.036453 0.027264 -0.081456
v -0.037683 0.026347 -0.088442
v -0.007737 0.037778 -0.094367
v -0.012987 0.036655 -0.101128
v -0.006866 0.045646 -0.090125
v -0.007702 0.054684 -0.085875
v -0.036871 0.053380 -0.068560
v -0.035277 0.025482 -0.071958
v -0.035552 0.045561 -0.061409
v -0.035232 0.036184 -0.069849
v -0.034790 -0.001292 -0.062821
v 0.006441 0.034879 -0.070496
v -0.034202 0.009788 -0.063487
v 0.006441 0.007463 -0.058155
v 0.006441 0.013545 -0.066833
v 0.006441 0.006452 -0.046060
v 0.006441 0.024719 -0.071825
v -0.030486 0.006369 -0.046241
v -0.027539 0.013560 -0.034215
v -0.027126 0.012958 -0.030252
v -0.030144 0.000900 -0.044240
v -0.019149 0.040268 -0.113410
v -0.023749 0.046359 -0.131860
v -0.027547 0.055396 -0.157580
v -0.048409 0.052835 -0.161169
v -0.029309 0.065829 -0.172530
v -0.048810 0.064783 -0.176589
v -0.030349 0.082079 -0.188920
v -0.030289 0.094689 -0.201090
v -0.045486 0.122659 -0.230683
v -0.028849 0.108849 -0.214390
v -0.039796 0.123487 -0.227760
v -0.027283 0.117552 -0.220542
v -0.044127 0.126481 -0.232071
v -0.050887 0.100871 -0.227096
v -0.049672 0.119653 -0.244094
v -0.050506 0.054105 -0.184370
v -0.050299 0.047439 -0.176340
v -0.049519 0.041589 -0.167750
v -0.048469 0.036539 -0.158570
v -0.040112 0.014636 -0.097280
v -0.041222 -0.006028 -0.098018
v -0.046215 -0.011028 -0.132823
v -0.049366 -0.015986 -0.167542
v -0.029139 -0.003749 -0.040111
v -0.026920 -0.004232 -0.032192
v -0.032009 -0.018214 -0.048758
v -0.046212 -0.033382 -0.113772
v -0.052834 -0.048171 -0.178314
v -0.051889 -0.070787 -0.275458
v -0.051727 -0.077781 -0.163580
v -0.052857 -0.100175 -0.224740
v -0.052663 -0.068806 -0.235653
v -0.052236 -0.109974 -0.250817
v -0.051799 -0.075260 -0.274404
v -0.052069 0.055496 -0.279754
v -0.052069 0.131364 -0.253275
v -0.039776 -0.108562 -0.233200
v -0.027819 -0.108468 -0.222769
v -0.028659 -0.104810 -0.218000
v -0.030383 -0.096133 -0.194786
v -0.028779 -0.083850 -0.160350
v -0.026269 -0.075760 -0.137510
v -0.023369 -0.069470 -0.119520
v -0.028707 -0.021757 -0.034959
v -0.032019 -0.022866 -0.048752
v 0.006441 -0.021243 -0.037065
v -0.049739 0.096100 -0.253934
v -0.050037 0.070808 -0.261778
v -0.049846 0.040545 -0.268267
v -0.049960 0.014729 -0.271075
v -0.049790 0.009353 -0.270262
v -0.052069 -0.146978 -0.244543
v -0.052070 -0.078240 -0.274433
v -0.038907 -0.047635 -0.080148
v -0.035571 -0.043532 -0.061529
v -0.034454 -0.030137 -0.057632
v 0.006441 -0.037845 -0.061024
v 0.006441 -0.023652 -0.050974
v -0.026803 0.140101 -0.208342
v -0.026891 -0.113658 -0.223665
v -0.039927 -0.115668 -0.232757
v -0.039793 -0.141028 -0.218254
v -0.026829 -0.131010 -0.214660
v -0.010028 -0.061367 -0.084756
v -0.013459 -0.060937 -0.090315
v -0.018018 -0.062855 -0.099078
v -0.049689 -0.075281 -0.274398
v -0.049741 -0.070810 -0.275458
v -0.052069 -0.068170 -0.276070
v -0.052069 -0.023056 -0.284288
v -0.038907 0.063151 -0.068300
v -0.023369 0.093848 -0.101230
v -0.018018 0.076442 -0.088624
v -0.046210 0.099518 -0.065134
v -0.052829 0.156296 -0.099118
v -0.051727 0.133169 -0.122745
v -0.052838 0.184350 -0.162916
v -0.052235 0.206202 -0.180332
v -0.039750 0.189857 -0.173533
v -0.027823 0.179978 -0.170205
v -0.028659 0.176579 -0.165270
v -0.030379 0.157179 -0.149860
v -0.028779 0.128229 -0.127530
v -0.026269 0.109019 -0.112770
v -0.052665 0.204495 -0.136494
v -0.051809 0.239357 -0.154604
v -0.052070 0.238457 -0.157453
v -0.049688 0.239348 -0.154623
v -0.049741 0.241726 -0.150692
v -0.051879 0.241730 -0.150683
v -0.052069 0.243139 -0.148380
v -0.052069 0.264897 -0.107969
v -0.052069 0.284853 -0.031889
v -0.052069 0.283101 0.048513
v -0.032167 0.042690 -0.030789
v -0.041589 0.059848 -0.035680
v -0.026975 0.032014 -0.012564
v -0.029140 0.038630 -0.014188
v -0.026895 0.033362 0.010376
v -0.027420 0.037444 0.005763
v -0.029086 0.029047 -0.029641
v -0.032274 0.041737 -0.035609
v 0.006441 0.029834 -0.029786
v -0.052069 0.188759 -0.213614
v -0.049848 0.269308 -0.042569
v -0.050040 0.272480 -0.011880
v -0.049739 0.272843 0.014703
v -0.026803 0.243053 0.070724
v -0.034871 0.047875 -0.048523
v -0.013460 0.068704 -0.084099
v -0.010040 0.063322 -0.082769
v -0.039816 0.165595 -0.199861
v -0.026829 0.165309 -0.189160
v -0.026893 0.179260 -0.175408
v -0.039941 0.187273 -0.180172
v 0.006441 0.047567 -0.045782
v 0.006441 0.045703 -0.061573
v 0.006441 0.040770 -0.034867
v -0.038908 0.086114 0.040726
v -0.035569 0.071835 0.028079
v -0.034501 0.058840 0.032953
v -0.031890 0.047141 0.029619
v 0.006441 0.060366 0.032778
v 0.006441 0.074624 0.025789
v 0.006441 0.047362 0.029751
v -0.032007 0.043850 0.032622
v -0.028704 0.038613 0.019367
v 0.006441 0.039440 0.021384
v 0.006441 0.037297 0.009004
v -0.026923 0.022814 0.027444
v -0.029140 0.027087 0.034123
v -0.027132 0.007746 0.035978
v -0.030142 0.025732 0.040202
v -0.037379 0.038538 0.036740
v -0.030371 0.022039 0.044677
v -0.027538 0.009600 0.039492
v 0.006441 0.007721 0.039221
v 0.006441 0.022498 0.045105
v 0.006441 0.028577 0.055225
v -0.033258 0.028631 0.055354
v 0.006441 0.028883 0.065563
v 0.006441 0.024538 0.074100
v 0.006441 0.017746 0.080020
v 0.006441 0.008501 0.081935
v -0.035557 0.006710 0.082302
v -0.035300 0.021251 0.077739
v -0.034672 0.028733 0.066235
v -0.036872 -0.002431 0.090726
v -0.036452 0.026276 0.085803
v -0.041637 0.062648 0.079755
v -0.046222 0.087475 0.104871
v -0.049358 0.111758 0.129902
v -0.040120 0.045802 0.091189
v -0.037681 0.031131 0.090907
v -0.019148 0.034548 0.119310
v -0.023749 0.040468 0.137800
v -0.027553 0.048280 0.163969
v -0.047216 0.050689 0.156686
v -0.013002 0.030264 0.107264
v -0.007736 0.025364 0.102431
v -0.049065 0.052946 0.176402
v -0.029308 0.048618 0.182160
v -0.030349 0.045108 0.204960
v -0.030288 0.042058 0.222220
v -0.045667 0.036775 0.262782
v -0.028849 0.038418 0.241310
v -0.048469 0.064108 0.153640
v -0.049518 0.065418 0.164050
v -0.050298 0.065738 0.174430
v -0.050479 0.065068 0.184800
v -0.050913 0.052556 0.245468
v -0.049677 0.047137 0.271690
v -0.044721 0.034994 0.266577
v -0.027283 0.034990 0.251404
v -0.046212 0.094354 0.076300
v -0.052834 0.144252 0.119834
v -0.051727 0.159533 0.090494
v -0.052857 0.213602 0.126817
v -0.052663 0.194646 0.154079
v -0.052236 0.236860 0.142158
v -0.051799 0.222638 0.181650
v -0.051889 0.219643 0.185127
v -0.055079 0.190268 0.163640
v -0.054339 0.126728 0.109540
v -0.052069 0.186269 0.220278
v -0.052069 0.217888 0.187160
v -0.052068 0.120128 0.262767
v -0.052068 0.043011 0.286010
v -0.054178 0.242278 0.154415
v -0.054239 0.233968 0.163780
v -0.049740 0.219659 0.185101
v -0.049688 0.222657 0.181628
v -0.052070 0.225074 0.179909
v -0.052069 0.263100 0.115356
v -0.013459 0.102848 0.041137
v -0.018018 0.109554 0.047090
v -0.010035 0.099930 0.036401
v -0.006865 0.016511 0.103625
v -0.007702 0.006696 0.105500
v -0.039712 0.033524 0.261390
v -0.049737 0.071976 0.265806
v -0.050873 0.099928 0.258222
v -0.054448 0.110398 0.258360
v -0.049847 0.125344 0.244747
v -0.050025 0.097210 0.257227
v -0.049961 0.147875 0.231856
v -0.026803 0.009496 0.254779
v -0.049791 0.151751 0.228025
v -0.026890 0.223899 0.118002
v -0.039938 0.230864 0.124202
v -0.039763 0.225363 0.128722
v -0.027820 0.219156 0.120352
v -0.039813 0.242879 0.097537
v -0.026829 0.232628 0.100540
v -0.023369 0.126918 0.059740
v -0.030374 0.192729 0.104963
v -0.028659 0.213388 0.118640
v -0.028779 0.162558 0.084320
v -0.026269 0.142588 0.070600
v -0.046200 -0.041738 0.115021
v -0.032007 -0.015831 0.053556
v -0.029385 -0.020720 0.040295
v -0.029808 -0.027409 0.037496
v -0.026948 -0.015756 0.033663
v -0.027087 -0.030591 0.019128
v -0.031919 -0.036546 0.042319
v -0.027491 -0.033152 0.022331
v 0.006441 -0.034198 0.036887
v 0.006441 -0.032686 0.027008
v -0.041637 -0.054845 0.085993
v -0.042889 -0.039451 0.068590
v -0.046172 -0.070900 0.117060
v -0.034705 -0.053134 0.049512
v -0.049358 -0.087355 0.148190
v -0.055079 -0.089401 0.166260
v -0.047961 -0.108843 0.188813
v -0.048064 -0.113435 0.193827
v -0.049273 -0.141648 0.208164
v -0.049990 -0.163003 0.216811
v -0.048239 -0.118971 0.197600
v -0.049965 -0.173170 0.214050
v -0.028703 -0.004837 0.044473
v -0.031896 -0.011962 0.055792
v -0.036605 -0.072507 0.050299
v -0.035178 -0.067949 0.044739
v -0.037215 -0.073191 0.057780
v 0.006441 -0.051376 0.049449
v 0.006441 -0.042115 0.046064
v 0.006441 -0.071926 0.039342
v -0.052068 -0.026684 0.287653
v -0.052069 -0.211216 0.197139
v -0.052069 -0.150307 0.246987
v -0.054178 -0.152674 0.245087
v -0.054239 -0.153931 0.241820
v -0.052068 -0.109021 0.266830
v -0.049741 -0.106519 0.267875
v -0.051889 -0.106547 0.267867
v -0.052808 -0.085317 0.217682
v -0.051799 -0.102322 0.269648
v -0.049688 -0.102290 0.269662
v -0.052070 -0.099902 0.271424
v -0.052664 -0.084751 0.234507
v -0.052237 -0.060366 0.270980
v -0.052843 -0.053045 0.244530
v -0.051994 -0.062370 0.163143
v -0.051728 -0.035131 0.181477
v -0.040249 -0.012792 0.103351
v -0.018018 -0.009278 0.120509
v -0.013459 -0.005692 0.112300
v -0.039744 -0.051130 0.255863
v -0.027823 -0.045096 0.247382
v -0.028659 -0.045251 0.241380
v -0.030388 -0.038611 0.217500
v -0.028779 -0.028321 0.182430
v -0.026269 -0.021441 0.159200
v -0.023369 -0.015952 0.140940
v -0.034904 -0.010232 0.071193
v -0.038060 -0.008629 0.094670
v -0.010027 -0.002071 0.108055
v 0.006441 -0.011233 0.068488
v 0.006441 -0.002653 0.078890
v 0.006441 -0.012021 0.056044
v -0.045485 -0.236737 0.117944
v -0.049674 -0.242187 0.130557
v -0.050906 -0.216886 0.127829
v -0.039772 -0.235663 0.115082
v -0.048788 -0.158144 0.108200
v -0.050505 -0.154070 0.120775
v -0.027283 -0.226643 0.112742
v -0.028849 -0.215991 0.112880
v -0.030288 -0.196701 0.110440
v -0.030349 -0.179351 0.108010
v -0.029309 -0.156581 0.104300
v -0.048282 -0.138134 0.102282
v -0.027552 -0.139379 0.098355
v -0.023748 -0.116908 0.082843
v -0.050298 -0.143931 0.118200
v -0.049519 -0.134160 0.114680
v -0.048469 -0.124671 0.110220
v -0.040118 -0.070932 0.073515
v -0.019148 -0.101151 0.071500
v -0.012995 -0.091008 0.063690
v -0.007736 -0.087946 0.057544
v -0.006865 -0.091810 0.049492
v -0.049740 -0.228916 0.152362
v -0.050010 -0.212933 0.173762
v -0.049844 -0.192391 0.196617
v -0.039806 -0.016037 0.262896
v -0.026828 -0.022091 0.254080
v -0.026891 -0.041417 0.251170
v -0.039936 -0.045161 0.259712
v -0.054448 -0.003431 0.281190
v 0.006441 0.040310 0.000938
v 0.006441 0.058907 -0.009092
v 0.006441 0.079446 0.013535
v 0.006441 -0.006492 0.045875
v 0.006441 0.014842 -0.032752
v -0.053406 0.197664 -0.000393
v -0.052058 0.261177 0.029032
v -0.053397 -0.171457 -0.110685
v -0.051984 -0.201014 -0.175008
v 0.201167 -0.271219 0.007851
v 0.202337 -0.283431 -0.031573
v 0.202352 -0.283201 0.031520
v 0.198351 -0.285064 0.015296
v 0.202337 -0.272483 0.086593
v 0.198351 -0.270310 0.093274
v 0.201167 -0.259028 0.082363
v 0.202352 -0.246611 0.144120
v 0.198351 -0.246611 0.144120
v 0.201167 -0.226806 0.150586
v 0.196458 -0.238076 0.121589
v 0.196472 -0.258061 0.066090
v 0.196458 -0.195844 0.182545
v 0.202337 -0.214397 0.190092
v 0.198351 -0.209695 0.195312
v 0.201167 -0.176971 0.207362
v 0.202338 -0.154168 0.241904
v 0.198351 -0.148210 0.245625
v 0.196472 -0.156341 0.216900
v 0.201167 -0.113396 0.248186
v 0.202337 -0.082017 0.275077
v 0.198351 -0.075263 0.277012
v 0.196458 -0.105390 0.246556
v 0.199591 -0.058672 0.262899
v 0.202337 -0.003509 0.287091
v 0.198351 0.003516 0.287090
v 0.201167 -0.003382 0.272989
v 0.201167 0.071484 0.263422
v 0.202337 0.075251 0.277002
v 0.198351 0.082003 0.275066
v 0.202352 0.133648 0.253160
v 0.198351 0.133648 0.253160
v 0.196459 0.003279 0.268248
v 0.201167 0.140841 0.233571
v 0.202337 0.180695 0.222598
v 0.198351 0.186077 0.218081
v 0.196472 0.055268 0.261880
v 0.201167 0.199278 0.185769
v 0.202337 0.234566 0.164225
v 0.198351 0.238494 0.158400
v 0.196459 0.111416 0.243854
v 0.201167 0.242284 0.123708
v 0.196458 0.173795 0.203787
v 0.196460 0.240942 0.115634
v 0.202352 0.263979 0.108420
v 0.198351 0.263979 0.108420
v 0.201172 0.262608 0.067230
v 0.196458 0.263000 0.044801
v 0.201167 0.270933 0.014644
v 0.202337 0.280376 0.054726
v 0.198351 0.281595 0.047808
v 0.202337 0.284122 -0.024608
v 0.198350 0.283387 -0.031596
v 0.201167 0.263984 -0.060573
v 0.202352 0.270779 -0.086230
v 0.198350 0.270779 -0.086230
v 0.029150 0.246860 0.030002
v 0.029150 0.240516 0.064100
v 0.196458 0.264665 -0.029390
v 0.196459 0.245839 -0.101134
v 0.202337 0.248824 -0.137907
v 0.198350 0.245310 -0.143990
v 0.201172 0.243259 -0.116900
v 0.201167 0.215751 -0.162636
v 0.196459 0.207953 -0.164917
v 0.202337 0.200691 -0.201095
v 0.198350 0.195635 -0.205976
v 0.201167 0.162128 -0.215708
v 0.196472 0.170919 -0.201970
v 0.196459 0.122142 -0.235112
v 0.201172 0.110069 -0.245520
v 0.202337 0.136987 -0.248559
v 0.198350 0.130784 -0.251856
v 0.201167 0.059654 -0.262859
v 0.196459 0.052118 -0.259617
v 0.202352 0.078459 -0.271950
v 0.198350 0.078459 -0.271950
v 0.202337 0.023364 -0.282649
v 0.198350 0.016357 -0.283138
v 0.201168 -0.015567 -0.269064
v 0.202337 -0.055952 -0.278076
v 0.198350 -0.062825 -0.276614
v 0.201167 -0.089643 -0.254277
v 0.202337 -0.130904 -0.251818
v 0.198350 -0.137107 -0.248519
v 0.196460 -0.094304 -0.247530
v 0.202352 -0.183050 -0.216370
v 0.198350 -0.183050 -0.216370
v 0.202337 -0.222755 -0.176635
v 0.198350 -0.227079 -0.171097
v 0.202337 -0.263272 -0.108393
v 0.198350 -0.255941 -0.123070
v 0.198350 -0.277747 -0.063821
v 0.201167 -0.233238 -0.136789
v 0.201167 -0.262389 -0.067160
v 0.201167 -0.186022 -0.195701
v 0.201172 -0.143460 -0.227790
v 0.196459 -0.248351 -0.095015
v 0.196472 -0.261921 -0.044430
v 0.196460 -0.266246 0.014325
v 0.029140 -0.248269 -0.009228
v 0.029149 -0.244329 -0.043667
v 0.196459 -0.212074 -0.159694
v 0.029156 -0.235632 -0.077225
v 0.196459 -0.159357 -0.211893
v 0.029132 -0.222338 -0.109254
v 0.029149 -0.204745 -0.139097
v 0.029159 -0.183140 -0.166225
v 0.029152 -0.157969 -0.190085
v 0.029165 -0.129755 -0.210186
v 0.029164 -0.098990 -0.226182
v 0.029151 -0.066286 -0.237741
v -0.008682 -0.247420 -0.006761
v -0.008699 -0.243830 -0.041106
v -0.008706 -0.235500 -0.074620
v -0.008696 -0.222574 -0.106647
v -0.008701 -0.205328 -0.136568
v -0.008698 -0.184080 -0.163787
v -0.008703 -0.159244 -0.187799
v -0.008700 -0.131316 -0.208113
v -0.008689 -0.100826 -0.224341
v -0.031649 -0.216631 -0.144350
v -0.031649 -0.194190 -0.173080
v -0.031649 -0.234860 -0.112780
v -0.031649 -0.248511 -0.078990
v -0.031649 -0.257331 -0.043620
v -0.031649 -0.261141 -0.007370
v -0.031649 -0.167970 -0.198400
v -0.031649 -0.138480 -0.219820
v -0.031649 -0.106290 -0.236940
v -0.008686 -0.068386 -0.236165
v -0.031649 -0.072040 -0.249400
v 0.029160 -0.032309 -0.244635
v 0.029137 0.002276 -0.246728
v -0.008701 -0.034600 -0.243373
v 0.029160 0.036828 -0.243994
v -0.031649 -0.036380 -0.256980
v -0.008686 -0.000158 -0.245796
v -0.031649 -0.000021 -0.259520
v -0.008700 0.034308 -0.243408
v -0.031649 0.036339 -0.256980
v -0.008686 0.068077 -0.236239
v -0.031649 0.071999 -0.249400
v -0.008689 0.100543 -0.224448
v -0.031649 0.106249 -0.236940
v 0.029143 0.070685 -0.236466
v 0.029160 0.103164 -0.224303
v 0.029163 0.133608 -0.207753
v 0.196459 -0.021975 -0.263859
v 0.029170 0.161446 -0.187132
v -0.008698 0.131050 -0.208252
v -0.008700 0.158999 -0.187968
v 0.029153 0.186178 -0.162799
v 0.029155 0.207270 -0.135277
v -0.008699 0.183850 -0.163985
v 0.029157 0.224324 -0.105099
v 0.029134 0.237015 -0.072822
v 0.029146 0.245085 -0.039141
v 0.029144 0.248389 -0.004623
v -0.008703 0.205129 -0.136787
v -0.008693 0.222414 -0.106888
v -0.008684 0.235365 -0.074869
v -0.008697 0.243744 -0.041359
v -0.008685 0.247369 -0.007026
v -0.008700 0.246185 0.027506
v -0.031649 0.261099 -0.007370
v -0.031649 0.259819 0.029060
v -0.031649 0.257289 -0.043620
v -0.031649 0.248469 -0.078990
v -0.031649 0.234809 -0.112780
v -0.031649 0.216589 -0.144350
v -0.031649 0.194139 -0.173080
v -0.031649 0.167919 -0.198400
v -0.031649 0.138429 -0.219820
v 0.029144 -0.216363 0.124004
v 0.029157 -0.231274 0.092699
v 0.029150 -0.241681 0.059637
v 0.029158 -0.197256 0.152905
v 0.029166 -0.174286 0.178900
v 0.029142 -0.147945 0.201418
v 0.029145 -0.118694 0.220077
v 0.029131 -0.087180 0.234454
v 0.029136 -0.053933 0.244325
v 0.029126 -0.019648 0.249463
v 0.029123 0.015004 0.249784
v 0.029137 0.049388 0.245281
v 0.029150 0.082792 0.236037
v 0.029156 0.114605 0.222228
v 0.029136 0.144153 0.204139
v 0.029158 0.170936 0.182088
v -0.008682 0.145587 0.201945
v -0.008681 0.116307 0.220263
v 0.196472 0.209538 0.165480
v 0.029146 0.194368 0.156544
v -0.008686 0.172033 0.179735
v 0.029138 0.214008 0.128001
v -0.008695 0.195131 0.154056
v 0.029154 0.229506 0.096967
v -0.008689 0.240199 0.061507
v -0.008687 0.229549 0.094364
v -0.031649 0.253489 0.064960
v -0.008703 0.214427 0.125414
v -0.031649 0.242228 0.099630
v -0.031649 0.226248 0.132390
v -0.031649 0.205868 0.162610
v -0.031649 0.181478 0.189700
v -0.031649 0.153548 0.213130
v -0.031649 0.122638 0.232450
v -0.008686 0.084764 0.234325
v -0.031649 0.089338 0.247270
v -0.008682 0.051567 0.243866
v -0.031649 0.054298 0.257320
v -0.008667 0.017372 0.248683
v -0.031649 0.018198 0.262390
v -0.008668 -0.017166 0.248701
v -0.031649 -0.018251 0.262390
v -0.008676 -0.051366 0.243916
v -0.031649 -0.054341 0.257320
v -0.008685 -0.084568 0.234412
v -0.031649 -0.089381 0.247270
v -0.008681 -0.116120 0.220385
v -0.008685 -0.145421 0.202096
v -0.008686 -0.171886 0.179918
v -0.008693 -0.195011 0.154261
v -0.008683 -0.214339 0.125637
v -0.031649 -0.205911 0.162610
v -0.031649 -0.226291 0.132390
v -0.008685 -0.229493 0.094606
v -0.031649 -0.242271 0.099630
v -0.008687 -0.240187 0.061760
v -0.031649 -0.253541 0.064960
v -0.031649 -0.181521 0.189700
v -0.031649 -0.153601 0.213130
v -0.031649 -0.122681 0.232450
v -0.008679 -0.246199 0.027762
v -0.031649 -0.259871 0.029060
v 0.029158 -0.247384 0.025431
v -0.052049 -0.258418 -0.093435
v -0.023739 -0.030751 0.009240
v -0.023739 -0.029451 0.013390
v -0.023739 -0.031461 0.004940
v -0.023739 -0.031571 0.000590
v -0.023739 -0.031071 -0.003730
v -0.023739 -0.029971 -0.007950
v -0.023739 -0.028291 -0.011960
v -0.023739 -0.026081 -0.015710
v -0.023739 -0.023361 -0.019110
v -0.023739 -0.020201 -0.022100
v -0.023739 -0.016651 -0.024620
v -0.023739 -0.012781 -0.026620
v -0.023739 -0.008671 -0.028070
v -0.023739 -0.004412 -0.028930
v -0.023739 -0.000061 -0.029190
v -0.023739 0.004278 -0.028830
v -0.023739 0.008528 -0.027880
v -0.023739 0.012599 -0.026350
v -0.023739 0.016419 -0.024270
v -0.023739 0.019918 -0.021670
v -0.023739 0.023018 -0.018610
v -0.023739 0.025658 -0.015150
v -0.023739 0.027788 -0.011360
v -0.023739 0.029378 -0.007300
v -0.023739 0.030388 -0.003070
v -0.023739 0.030798 0.001260
v -0.023739 0.030598 0.005610
v -0.023739 0.029798 0.009890
v -0.023739 0.028408 0.014020
v -0.023739 0.026458 0.017910
v -0.023739 0.023978 0.021490
v -0.023739 0.021028 0.024700
v -0.023739 0.017668 0.027460
v -0.023739 0.013949 0.029720
v -0.023739 0.009959 0.031450
v -0.023739 0.005759 0.032610
v -0.023739 0.001439 0.033170
v -0.023739 -0.002911 0.033120
v -0.023739 -0.007211 0.032470
v -0.023739 -0.011391 0.031220
v -0.023739 -0.015341 0.029410
v -0.023739 -0.019011 0.027060
v -0.023739 -0.022311 0.024230
v -0.023739 -0.025191 0.020960
v -0.023739 -0.027591 0.017330
v -0.025322 0.378277 -0.044432
v -0.025313 0.368988 -0.093449
v 0.148390 0.379646 -0.048062
v 0.148390 0.369873 -0.097221
v -0.025330 0.353387 -0.140803
v 0.148390 0.353767 -0.144666
v 0.178962 0.369615 -0.075235
v 0.178962 0.337047 -0.168311
v 0.197877 0.344089 -0.043374
v 0.197877 0.320633 -0.130943
v -0.045609 0.363464 -0.073680
v -0.056134 0.350504 -0.066922
v -0.045898 0.342154 -0.139854
v -0.056290 0.318880 -0.157050
v -0.025320 0.377378 0.055107
v -0.025319 0.381089 0.005367
v 0.148390 0.379639 0.051959
v 0.148390 0.382919 0.001949
v 0.178962 0.376983 0.023104
v 0.197877 0.344083 0.047283
v -0.045949 0.364713 0.070123
v -0.045902 0.370349 0.001949
v -0.056136 0.356026 0.028815
v -0.025319 0.350745 0.151022
v -0.025316 0.367205 0.103933
v 0.148391 0.353745 0.148563
v 0.148391 0.369858 0.101107
v 0.178963 0.358657 0.119976
v 0.197877 0.320612 0.134840
v -0.045898 0.342132 0.143762
v -0.056290 0.337826 0.115154
v -0.025327 0.046137 0.380412
v -0.025309 0.095141 0.371126
v 0.148391 0.049768 0.381782
v 0.148391 0.098923 0.372009
v -0.025311 0.142535 0.355514
v 0.148391 0.146380 0.355903
v 0.179030 0.028135 0.378623
v 0.178930 0.097351 0.366141
v 0.178962 0.170031 0.339173
v 0.197877 0.045091 0.346210
v 0.197877 0.132659 0.322771
v -0.045610 0.075490 0.365568
v -0.056136 0.068675 0.352623
v -0.045898 0.141571 0.344280
v -0.056290 0.158786 0.320998
v -0.025318 -0.053381 0.379512
v -0.025336 -0.003666 0.383222
v 0.148391 -0.050247 0.381771
v 0.148391 -0.000240 0.385051
v 0.179029 -0.070425 0.373123
v 0.197877 -0.045564 0.346210
v -0.045949 -0.068488 0.366833
v -0.045902 -0.000239 0.372486
v -0.056136 -0.027040 0.358160
v -0.025315 -0.149318 0.352878
v -0.025327 -0.102237 0.369332
v 0.148391 -0.146855 0.355880
v 0.148391 -0.099399 0.371987
v 0.179028 -0.164114 0.342284
v 0.197877 -0.133128 0.322748
v -0.045898 -0.142043 0.344257
v -0.056290 -0.113389 0.339973
v -0.025318 -0.304818 0.231302
v -0.025310 -0.272264 0.269109
v 0.148391 -0.304185 0.235133
v 0.148391 -0.271145 0.272817
v -0.025318 -0.235066 0.302326
v 0.148391 -0.233468 0.305859
v 0.178930 -0.299365 0.231433
v 0.179029 -0.246638 0.288259
v 0.197877 -0.275732 0.213306
v 0.197877 -0.211634 0.277414
v -0.045949 -0.306470 0.211741
v -0.045902 -0.262255 0.263930
v -0.056140 -0.238657 0.267943
v -0.056229 -0.298573 0.197983
v -0.045605 -0.203928 0.312525
v -0.025319 -0.353804 0.144661
v -0.025320 -0.332148 0.189590
v 0.148391 -0.354188 0.148517
v 0.148391 -0.332025 0.193466
v 0.178962 -0.337462 0.172159
v 0.197877 -0.321053 0.134784
v -0.045898 -0.342574 0.143705
v -0.056140 -0.329282 0.138200
v -0.025319 -0.300617 -0.232935
v -0.025320 -0.328703 -0.191713
v 0.148390 -0.304150 -0.231339
v 0.148390 -0.331995 -0.189671
v -0.025319 -0.351166 -0.147181
v 0.148390 -0.354165 -0.144723
v 0.179030 -0.286601 -0.244431
v 0.179029 -0.340583 -0.161963
v 0.197877 -0.275699 -0.209512
v 0.197877 -0.321033 -0.130989
v -0.045607 -0.310810 -0.201803
v -0.056135 -0.296881 -0.197395
v -0.045898 -0.342552 -0.139922
v -0.056290 -0.338239 -0.111331
v -0.025327 -0.046564 -0.376571
v -0.025309 -0.095550 -0.367277
v 0.148390 -0.050190 -0.377942
v 0.148390 -0.099343 -0.368158
v -0.025311 -0.142977 -0.351665
v 0.148390 -0.146800 -0.352063
v 0.179028 -0.028474 -0.374786
v 0.179029 -0.125031 -0.354636
v 0.197877 -0.045511 -0.342370
v 0.197877 -0.133079 -0.318931
v -0.045611 -0.075819 -0.361739
v -0.056136 -0.069066 -0.348788
v -0.045898 -0.141992 -0.340440
v -0.056291 -0.159150 -0.317179
v -0.025320 0.234642 -0.298490
v -0.025326 0.193435 -0.326561
v 0.148390 0.233048 -0.302019
v 0.148390 0.191381 -0.329861
v -0.025314 0.148890 -0.349039
v 0.148390 0.146434 -0.352040
v 0.178930 0.229350 -0.297206
v 0.179029 0.163671 -0.338456
v 0.197877 0.211214 -0.273563
v 0.197877 0.132708 -0.318908
v -0.045609 0.203511 -0.308679
v -0.056134 0.199081 -0.294765
v -0.045898 0.141624 -0.340417
v -0.056290 0.113059 -0.336108
v 0.200321 0.085151 -0.260728
v 0.200321 0.162135 -0.221486
v 0.197877 0.045144 -0.342370
v 0.200321 -0.000189 -0.274253
v 0.200321 -0.085531 -0.260738
v 0.200321 -0.162521 -0.221517
v 0.197877 -0.211592 -0.273608
v 0.200321 -0.223624 -0.160428
v 0.200321 -0.262857 -0.083444
v 0.197877 -0.344502 -0.043443
v 0.200321 -0.276380 0.001905
v 0.197877 -0.344509 0.047225
v 0.200321 -0.262870 0.087242
v 0.200321 -0.223650 0.164227
v 0.200321 -0.162556 0.225337
v 0.200321 -0.085572 0.264568
v 0.200321 -0.000231 0.278093
v 0.200321 0.085111 0.264578
v 0.200321 0.162101 0.225367
v 0.197877 0.211171 0.277448
v 0.197877 0.275279 0.213352
v 0.200321 0.223203 0.164268
v 0.200321 0.262436 0.087283
v 0.200321 0.275960 0.001946
v 0.200321 0.262450 -0.083402
v 0.200321 0.223228 -0.160387
v 0.197877 0.275311 -0.209455
v 0.195268 0.159026 0.221129
v 0.195268 0.083494 0.259611
v 0.195268 -0.000231 0.272859
v 0.195268 -0.083955 0.259601
v 0.195268 -0.159480 0.221098
v 0.195268 -0.219414 0.161159
v 0.195268 -0.257893 0.085621
v 0.195268 -0.271148 0.001905
v 0.195268 -0.257880 -0.081822
v 0.195268 -0.219391 -0.157350
v 0.195268 -0.159446 -0.217289
v 0.195268 -0.083915 -0.255761
v 0.195268 -0.000189 -0.269020
v 0.195268 0.083534 -0.255751
v 0.195268 0.159060 -0.217258
v 0.195268 0.218995 -0.157319
v 0.195268 0.257474 -0.081781
v 0.195268 0.270728 0.001946
v 0.195268 0.257461 0.085662
v 0.195268 0.218970 0.161190
v -0.025302 0.304399 -0.227459
v -0.025307 0.271841 -0.265272
v 0.148390 0.303765 -0.231293
v 0.148390 0.270724 -0.268977
v 0.178962 0.281499 -0.249802
v -0.045950 0.306034 -0.207918
v -0.045903 0.261836 -0.260090
v -0.056136 0.270696 -0.230972
v -0.025312 0.331731 -0.185741
v 0.148390 0.331604 -0.189626
v -0.025319 0.300197 0.236775
v -0.025319 0.328282 0.195554
v 0.148391 0.303730 0.235179
v 0.148391 0.331575 0.193511
v 0.179028 0.286135 0.248332
v 0.178930 0.326314 0.190481
v -0.045607 0.310393 0.205638
v -0.056135 0.296453 0.201247
v -0.025323 0.229180 0.306519
v -0.025331 0.266967 0.273979
v 0.148391 0.233002 0.305893
v 0.148391 0.270682 0.272851
v 0.178930 0.229303 0.301080
v -0.045952 0.209603 0.308185
v -0.045902 0.261795 0.263964
v -0.056136 0.232626 0.272874
v -0.025325 0.187454 0.333860
v 0.148391 0.191330 0.333735
v -0.025332 -0.193830 0.330427
v 0.148391 -0.191800 0.333713
v -0.056164 -0.178394 0.310490
v -0.025323 -0.378697 0.048273
v -0.025314 -0.369410 0.097281
v 0.148390 -0.380066 0.051902
v 0.148391 -0.370293 0.101061
v 0.179029 -0.376925 0.030166
v 0.178930 -0.364424 0.099483
v -0.045608 -0.363884 0.077523
v -0.056787 -0.348171 0.079229
v -0.025322 -0.377798 -0.051270
v -0.025317 -0.381510 -0.001518
v 0.148390 -0.380059 -0.048119
v 0.148390 -0.383340 0.001891
v 0.179029 -0.371403 -0.068274
v -0.045949 -0.365132 -0.066285
v -0.045902 -0.370770 0.001903
v -0.056136 -0.356445 -0.024977
v -0.025318 -0.367625 -0.100093
v 0.148390 -0.370277 -0.097267
v -0.025324 -0.229601 -0.302677
v -0.025330 -0.267389 -0.270138
v 0.148390 -0.233421 -0.302053
v 0.148390 -0.271103 -0.269011
v 0.179030 -0.213092 -0.310159
v -0.045951 -0.210029 -0.304342
v -0.045903 -0.262215 -0.260124
v -0.056136 -0.233083 -0.268997
v -0.025344 -0.187860 -0.330020
v 0.148390 -0.191750 -0.329884
v -0.025316 0.052961 -0.375672
v -0.025336 0.003246 -0.379382
v 0.148390 0.049827 -0.377931
v 0.148390 -0.000181 -0.381211
v 0.179029 0.069995 -0.369272
v -0.045949 0.067975 -0.363004
v -0.045903 -0.000182 -0.368646
v -0.056136 0.026726 -0.354304
v -0.025306 0.101811 -0.365492
v 0.148390 0.098980 -0.368147
v -0.060655 -0.059671 -0.331603
v -0.052398 -0.066320 -0.278021
v -0.052500 -0.150322 -0.243569
v -0.060642 -0.186520 -0.277762
v -0.041399 -0.122347 -0.237160
v -0.041456 -0.158122 -0.215069
v -0.052393 -0.203291 -0.200809
v -0.060655 -0.278089 -0.191866
v -0.052400 -0.245678 -0.148253
v -0.052435 -0.278540 -0.069593
v -0.060642 -0.329717 -0.064114
v -0.041504 -0.265442 -0.040479
v -0.052398 -0.287144 0.001927
v -0.060825 -0.334361 0.042038
v -0.041560 -0.239671 -0.119104
v -0.041560 -0.217647 -0.155646
v -0.041560 -0.190053 -0.187253
v -0.041560 -0.268012 0.001750
v -0.041560 -0.083653 -0.253134
v -0.041560 -0.042134 -0.263447
v -0.052423 -0.000323 -0.284991
v -0.041560 -0.000189 -0.266875
v -0.060642 0.065838 -0.327572
v -0.052400 0.065661 -0.277972
v -0.041560 0.082888 -0.254006
v -0.041560 0.042165 -0.263539
v -0.052251 0.129626 -0.252895
v -0.041560 0.122726 -0.239311
v -0.041534 0.157880 -0.215892
v -0.052388 0.189478 -0.213963
v -0.060655 0.193546 -0.275973
v -0.060642 0.279487 -0.184370
v -0.052429 0.231602 -0.166472
v -0.052435 0.263937 -0.111116
v -0.060559 0.326354 -0.080517
v -0.041616 0.218798 -0.157206
v -0.041747 0.240883 -0.120979
v -0.041746 0.257154 -0.081710
v -0.052429 0.282785 -0.042878
v -0.041712 0.267096 -0.040404
v -0.052297 0.286218 0.020037
v -0.060655 0.333291 0.061474
v -0.041560 0.190206 -0.188258
v -0.041560 0.270539 0.001946
v -0.041712 0.267089 0.044285
v -0.041745 0.257142 0.085591
v -0.052435 0.263922 0.115000
v -0.041748 0.240863 0.124871
v -0.060737 0.267057 0.208006
v -0.052186 0.211602 0.194609
v -0.060642 0.186047 0.281645
v -0.052499 0.149886 0.247419
v -0.041712 0.158845 0.220877
v -0.041744 0.122604 0.243060
v -0.041615 0.218794 0.161054
v -0.041560 0.191224 0.193391
v -0.060655 0.059271 0.335441
v -0.041560 0.083436 0.259427
v -0.052341 0.068626 0.280685
v -0.041614 0.042131 0.269300
v -0.041696 -0.000231 0.272576
v -0.052314 -0.022990 0.287882
v -0.060559 -0.082680 0.328472
v -0.041617 -0.042591 0.269298
v -0.052259 -0.088416 0.273856
v -0.041560 -0.083896 0.259416
v -0.041744 -0.123061 0.243039
v -0.041712 -0.159297 0.220856
v -0.052500 -0.150379 0.247377
v -0.060737 -0.206301 0.269183
v -0.052348 -0.201860 0.204968
v -0.060607 -0.312278 0.135897
v -0.052373 -0.245490 0.151455
v -0.051721 -0.279553 0.067687
v -0.041526 -0.256112 0.085430
v -0.041564 -0.265856 0.043680
v -0.041560 -0.240574 0.124226
v -0.041560 -0.219264 0.161056
v -0.041560 -0.191674 0.193361
v -0.041560 -0.255786 -0.080888
vn -0.1819 0.9807 0.0720
vn 0.2330 0.7033 -0.6717
vn -0.1113 -0.7527 0.6489
vn -0.3083 0.0538 0.9498
vn 0.1539 0.9881 0.0001
vn -0.1376 -0.9879 -0.0719
vn 0.3912 0.9180 0.0652
vn 0.0839 0.4987 0.8627
vn 0.7430 0.1145 -0.6595
vn 0.2713 -0.1345 0.9530
vn -0.9519 -0.1997 -0.2324
vn -0.6527 0.5819 0.4852
vn 0.8106 0.5744 0.1140
vn 0.8613 -0.5046 -0.0600
vn -0.7380 0.6282 -0.2465
vn -0.9250 -0.2885 0.2471
vn -0.9953 0.0035 0.0967
vn -0.9574 -0.2826 -0.0591
vn -0.9999 -0.0122 0.0107
vn -0.9956 0.0192 -0.0921
vn -0.9943 -0.0162 0.1052
vn -0.9826 -0.1501 0.1089
vn -0.9891 0.1290 -0.0704
vn -0.9993 0.0025 -0.0369
vn -0.9999 -0.0006 0.0122
vn -0.9999 -0.0004 0.0122
vn -0.9897 -0.1176 -0.0812
vn -0.9999 0.0039 0.0128
vn -0.9902 -0.1076 -0.0895
vn -0.9998 0.0043 0.0194
vn -0.9931 -0.1165 0.0114
vn -0.9899 0.1412 0.0150
vn -0.9833 -0.0179 -0.1811
vn -0.9995 0.0129 0.0283
vn -0.9824 0.0785 0.1698
vn -0.9841 -0.0883 -0.1544
vn -0.9999 0.0006 0.0127
vn -0.9876 -0.0728 0.1389
vn -0.1270 -0.3786 0.9168
vn -0.3019 -0.3543 0.8851
vn 0.0373 -0.9992 -0.0111
vn 0.9763 0.0225 -0.2153
vn 0.9778 0.0415 -0.2054
vn -0.7954 0.3233 -0.5126
vn 0.9515 0.2614 -0.1622
vn 0.9832 0.1547 -0.0966
vn 0.9871 0.1473 -0.0634
vn 0.9852 0.0690 -0.1566
vn 0.8073 -0.5063 0.3031
vn -0.7876 -0.5672 0.2408
vn 0.9787 0.1924 0.0716
vn 0.9808 0.1848 0.0616
vn 0.9751 0.1471 0.1661
vn 0.9790 0.1894 0.0757
vn 0.7340 0.6652 0.1371
vn 0.9806 0.0333 0.1933
vn 0.9841 -0.0030 0.1775
vn 0.2914 -0.8858 -0.3612
vn 0.4826 -0.8069 -0.3408
vn 0.1708 -0.3613 -0.9167
vn 0.9991 0.0049 -0.0426
vn 0.9855 -0.1168 -0.1227
vn 0.9851 -0.1166 -0.1265
vn 0.8040 -0.5223 0.2844
vn -0.6582 -0.4896 -0.5719
vn 0.9611 0.2702 0.0576
vn 1.0000 0.0008 -0.0018
vn 0.9850 -0.1079 0.1348
vn 0.9972 -0.0638 0.0389
vn 0.9819 -0.1293 0.1383
vn 0.9818 0.0001 0.1898
vn 0.9585 0.2791 -0.0574
vn 1.0000 -0.0014 -0.0019
vn -0.9682 0.2499 -0.0118
vn -0.9074 0.4011 -0.1251
vn 0.9996 0.0114 0.0247
vn 0.9996 -0.0238 -0.0127
vn 0.9808 0.1282 0.1467
vn 0.9823 0.1584 0.1002
vn 0.9902 0.1381 0.0190
vn 0.9962 0.0078 0.0868
vn 0.9995 0.0307 -0.0107
vn 0.9999 -0.0100 -0.0109
vn 0.9999 0.0060 0.0081
vn 0.9990 -0.0162 -0.0423
vn 0.9997 -0.0133 -0.0194
vn 0.9996 -0.0292 -0.0041
vn 0.9730 0.2288 -0.0299
vn 0.9989 -0.0319 -0.0348
vn 0.9995 -0.0115 -0.0291
vn 0.9994 -0.0111 -0.0320
vn 0.9995 -0.0107 -0.0312
vn 0.9978 -0.0107 -0.0659
vn 0.9996 0.0071 -0.0266
vn 0.9996 0.0071 -0.0261
vn 0.9995 0.0305 -0.0109
vn 0.9988 0.0463 -0.0128
vn 0.9997 0.0260 -0.0034
vn 0.9627 0.2471 0.1100
vn 0.9997 0.0224 -0.0018
vn 0.9996 0.0271 -0.0032
vn 0.9999 0.0108 0.0075
vn 0.9997 0.0212 0.0129
vn 1.0000 0.0055 0.0004
vn 1.0000 -0.0086 -0.0027
vn 1.0000 0.0031 0.0065
vn 0.9998 0.0065 0.0176
vn 0.9999 0.0141 0.0077
vn 0.9920 -0.1258 0.0070
vn 0.9909 -0.1291 -0.0389
vn 1.0000 -0.0016 -0.0002
vn 0.9988 -0.0049 -0.0486
vn 0.9751 -0.2199 -0.0283
vn 0.9683 -0.2479 0.0292
vn 0.9783 -0.1995 -0.0565
vn 0.9988 0.0352 0.0349
vn 0.9995 0.0189 0.0251
vn 0.9989 0.0262 0.0396
vn 0.9997 0.0072 0.0214
vn 0.9998 0.0076 0.0184
vn 0.9988 -0.0223 0.0442
vn 0.9997 -0.0057 0.0242
vn 0.9999 -0.0037 0.0118
vn 0.9999 -0.0012 0.0101
vn 1.0000 0.0031 -0.0065
vn 1.0000 -0.0009 -0.0054
vn 0.9999 -0.0027 0.0117
vn 0.9998 -0.0045 0.0181
vn 0.9998 -0.0105 0.0190
vn 0.9926 -0.0438 -0.1130
vn 0.9806 0.0919 -0.1731
vn 1.0000 -0.0006 -0.0026
vn 0.9990 0.0404 -0.0191
vn 0.9765 -0.1001 -0.1909
vn 0.9995 -0.0180 0.0258
vn 0.9989 -0.0297 0.0372
vn 0.9997 -0.0199 0.0168
vn 0.9996 -0.0207 0.0169
vn 0.9996 -0.0212 0.0175
vn 0.9997 -0.0243 -0.0020
vn 0.9999 -0.0109 -0.0017
vn 0.9998 -0.0180 0.0002
vn 0.9998 -0.0177 0.0002
vn 0.9994 -0.0347 0.0069
vn 0.9992 -0.0392 0.0057
vn 0.9991 -0.0405 0.0143
vn 0.9998 -0.0147 0.0093
vn 0.9998 -0.0213 -0.0041
vn 0.9999 0.0084 0.0072
vn 0.9925 0.0911 -0.0809
vn 0.9906 0.1320 -0.0356
vn 0.9991 0.0285 0.0311
vn 0.9781 0.1718 -0.1171
vn 0.9798 0.1779 -0.0914
vn 0.9987 -0.0489 -0.0174
vn 0.9998 -0.0180 -0.0105
vn 0.9998 -0.0171 -0.0095
vn 0.9995 -0.0260 -0.0155
vn 0.9500 0.1989 0.2407
vn 0.9994 0.0054 -0.0354
vn 0.9998 0.0008 -0.0185
vn 0.9998 0.0007 -0.0196
vn 0.9800 -0.0869 0.1789
vn 0.9811 -0.0436 0.1885
vn 0.9928 -0.0642 0.1009
vn 0.9939 -0.0136 0.1090
vn 1.0000 -0.0066 0.0001
vn 0.9984 -0.0553 -0.0115
vn 0.9422 0.1694 -0.2891
vn 0.9999 -0.0050 0.0124
vn 1.0000 0.0074 0.0004
vn 0.9998 0.0189 -0.0047
vn 0.9998 0.0147 -0.0093
vn 1.0000 -0.0021 -0.0008
vn 0.9999 0.0103 -0.0095
vn 0.9999 0.0116 -0.0114
vn 0.9985 0.0484 -0.0264
vn 0.9994 -0.0004 -0.0359
vn 0.9997 0.0195 0.0178
vn 0.9978 -0.0074 -0.0666
vn 0.9946 0.0091 -0.1033
vn 0.9961 0.0021 -0.0882
vn 0.9999 0.0011 0.0118
vn 0.9999 0.0142 0.0012
vn 0.9999 -0.0015 -0.0110
vn 0.5915 -0.5740 -0.5662
vn 0.9994 0.0222 0.0271
vn 0.9999 -0.0047 0.0097
vn 0.9993 0.0379 -0.0011
vn 0.9988 0.0489 -0.0015
vn 0.9994 -0.0207 0.0290
vn 0.9997 -0.0053 -0.0259
vn 0.9994 -0.0343 -0.0107
vn 0.9996 0.0230 -0.0131
vn 0.9703 -0.2398 -0.0308
vn 0.9737 -0.2219 -0.0508
vn 0.6941 -0.2861 0.6606
vn 0.6604 -0.3038 0.6867
vn 0.9794 -0.2019 0.0097
vn 0.9070 -0.4210 -0.0082
vn 0.9742 -0.2254 -0.0103
vn -0.0046 -0.3789 0.9254
vn -0.0074 0.2590 0.9658
vn -0.0005 -0.3914 0.9202
vn 0.0013 -0.7982 0.6025
vn 0.0046 -0.7906 0.6124
vn -0.0145 -0.9941 0.1073
vn 0.0183 -0.9002 -0.4352
vn 1.0000 -0.0000 -0.0000
vn 0.0059 0.2275 0.9738
vn 0.7565 0.0158 0.6538
vn 0.9707 -0.2346 -0.0515
vn 0.9796 -0.1885 -0.0693
vn 0.9674 -0.2513 -0.0316
vn 0.9858 -0.0170 -0.1671
vn 0.5701 -0.7842 0.2450
vn 0.5517 -0.6103 -0.5685
vn 0.6080 -0.5634 -0.5594
vn 0.6674 -0.0925 -0.7389
vn 0.6266 -0.0671 -0.7765
vn 0.8266 -0.0674 -0.5588
vn 0.7067 -0.0141 -0.7073
vn 0.8391 0.0407 -0.5424
vn 0.9475 0.0139 -0.3195
vn 0.7212 0.0713 -0.6891
vn 0.9935 -0.1068 -0.0389
vn 0.9806 -0.1461 -0.1310
vn 0.9998 -0.0128 -0.0121
vn 0.9998 -0.0172 -0.0060
vn 0.9997 0.0156 0.0190
vn 0.9996 0.0242 -0.0127
vn 0.3557 -0.1313 0.9253
vn 0.9999 0.0107 0.0053
vn 0.9996 0.0273 0.0052
vn 0.8658 -0.3930 -0.3098
vn 0.6981 -0.5483 -0.4604
vn 0.7664 -0.0411 0.6410
vn -0.2185 0.9671 0.1306
vn 0.6344 0.7591 0.1460
vn -0.4602 0.8254 0.3269
vn -0.3161 0.8839 0.3446
vn 0.2762 0.7890 0.5488
vn -0.6332 0.6162 0.4683
vn 0.6032 0.5659 0.5621
vn 0.7300 -0.6776 -0.0894
vn 0.7519 -0.6143 -0.2394
vn 0.7016 -0.6086 -0.3707
vn 0.6932 -0.6139 -0.3775
vn 0.7626 -0.5356 -0.3626
vn 0.8285 0.5196 -0.2087
vn 0.8099 0.5352 -0.2398
vn 0.8381 0.3148 -0.4454
vn 0.6797 0.1976 -0.7064
vn 0.7010 0.1647 -0.6939
vn 0.7507 0.0405 -0.6594
vn 0.7297 -0.1250 -0.6722
vn 0.5814 -0.3349 -0.7415
vn 0.7889 -0.2922 -0.5406
vn 0.7380 -0.2237 -0.6366
vn 0.8343 -0.1732 -0.5233
vn 0.7407 -0.2124 -0.6373
vn 0.9812 0.1513 -0.1200
vn 0.6995 -0.1776 -0.6922
vn 0.9848 0.1448 -0.0958
vn 0.6121 -0.2120 -0.7618
vn 0.9779 0.1974 -0.0684
vn 0.9765 0.1988 -0.0832
vn 0.9930 0.1138 -0.0318
vn -0.0323 0.7354 -0.6769
vn -0.0296 0.7310 -0.6817
vn -0.0317 -0.1281 -0.9913
vn 0.0027 -0.2354 -0.9719
vn 0.9891 0.1436 0.0325
vn 0.9880 0.1501 0.0361
vn 0.4714 -0.8736 -0.1206
vn 0.4925 -0.8677 -0.0676
vn 0.4984 -0.8427 -0.2035
vn 0.3092 -0.2132 -0.9268
vn 0.4066 -0.3284 -0.8525
vn 0.1924 0.0660 -0.9791
vn 0.2101 0.0538 -0.9762
vn 0.2124 0.0530 -0.9757
vn 0.2086 0.0536 -0.9765
vn 0.9824 0.1397 -0.1244
vn 0.9885 0.1292 -0.0785
vn 0.9900 0.1162 -0.0799
vn 0.9902 0.1114 -0.0846
vn 0.9918 0.1006 -0.0793
vn 0.9947 0.0534 -0.0873
vn 0.9949 0.0558 -0.0843
vn 0.9394 0.1313 -0.3168
vn 0.9396 0.1306 -0.3165
vn 0.2134 0.3046 -0.9283
vn 0.1565 0.2104 -0.9650
vn 0.1675 0.4502 -0.8771
vn 0.1460 0.4642 -0.8736
vn 0.1322 0.4700 -0.8727
vn 0.1293 0.4692 -0.8736
vn 0.9189 0.0813 -0.3861
vn 0.5076 0.4998 -0.7018
vn 0.4689 0.8141 -0.3426
vn 0.7312 0.5997 -0.3253
vn 0.7469 0.6436 -0.1673
vn 0.6915 0.7200 -0.0593
vn 0.7449 0.6630 -0.0744
vn 0.7300 0.6826 -0.0332
vn 0.7496 0.6615 -0.0234
vn 0.7375 -0.0671 0.6721
vn 0.9865 0.0878 -0.1382
vn 0.9943 -0.1021 -0.0303
vn 0.9994 -0.0286 -0.0199
vn 0.9856 -0.1692 -0.0012
vn 0.9865 -0.1640 0.0038
vn 0.9997 0.0095 -0.0226
vn 0.9999 -0.0126 -0.0093
vn 1.0000 0.0098 0.0012
vn 0.9999 0.0111 0.0011
vn 1.0000 0.0063 0.0036
vn 0.9989 0.0379 0.0280
vn 0.9191 -0.3373 0.2037
vn 0.9317 -0.3047 0.1975
vn 0.9999 0.0157 -0.0013
vn 0.9999 -0.0018 0.0112
vn 0.9999 0.0025 0.0113
vn -0.7253 -0.4812 -0.4923
vn -0.0845 -0.7904 -0.6067
vn 0.6509 -0.7592 0.0001
vn 0.5571 -0.0921 -0.8253
vn 0.0063 0.8618 -0.5072
vn 0.2803 0.8252 -0.4904
vn 0.0639 0.8258 0.5603
vn 0.3956 0.7077 0.5854
vn 0.3850 -0.2662 0.8837
vn 0.1551 -0.3091 0.9383
vn -0.0915 -0.8264 0.5556
vn -0.2352 -0.8059 0.5434
vn 0.1064 -0.9097 0.4013
vn 0.9998 0.0151 -0.0123
vn 0.0443 -0.9562 0.2894
vn 0.0526 -0.9558 0.2892
vn -0.0659 0.1491 -0.9866
vn -0.0287 0.1416 -0.9895
vn 0.0037 0.1706 -0.9853
vn 0.0551 0.1635 -0.9850
vn -0.0104 0.1758 -0.9844
vn -0.0161 0.1736 -0.9847
vn 0.2652 0.1853 -0.9462
vn 0.9797 0.0600 -0.1914
vn -0.1842 0.1908 -0.9642
vn 0.1648 0.7093 -0.6854
vn 0.3393 0.6679 -0.6624
vn 0.7518 0.5256 0.3981
vn -0.1729 0.7611 0.6252
vn -0.0296 0.1890 0.9815
vn 0.3922 0.0311 0.9194
vn -0.6290 -0.1618 0.7604
vn 0.1981 -0.8920 0.4063
vn -0.6854 -0.6655 0.2955
vn -0.3253 -0.8480 0.4185
vn 0.4142 -0.7453 0.5225
vn -0.1189 -0.7404 0.6616
vn -0.0034 -0.7514 0.6599
vn 0.1648 0.8711 0.4627
vn 0.3387 0.8365 0.4306
vn -0.1835 0.9761 -0.1163
vn 0.2004 0.9726 -0.1176
vn 0.0035 0.9903 -0.1392
vn 0.0019 0.9904 -0.1379
vn 0.0464 0.9885 -0.1440
vn -0.0051 0.9898 -0.1424
vn 0.3109 0.9249 -0.2190
vn -0.0671 0.9856 -0.1554
vn 0.0536 -0.5705 -0.8195
vn 0.0425 -0.5708 -0.8200
vn -0.0008 -0.8597 -0.5108
vn -0.1224 -0.8578 -0.4992
vn 0.9868 -0.0466 -0.1549
vn 0.9869 -0.0468 -0.1546
vn 0.9963 0.0064 -0.0862
vn 0.9332 -0.2786 -0.2269
vn 0.9319 -0.2745 -0.2371
vn 0.9175 -0.3060 -0.2542
vn 0.9999 0.0020 0.0123
vn 0.9965 -0.0632 -0.0555
vn 0.9999 0.0050 -0.0148
vn 1.0000 0.0019 0.0095
vn 0.9993 0.0102 -0.0356
vn 0.9993 0.0105 -0.0348
vn 0.9810 0.1941 0.0046
vn 0.9865 0.1586 0.0408
vn 1.0000 -0.0013 0.0071
vn 0.9999 0.0037 0.0137
vn 1.0000 0.0006 0.0073
vn -0.0438 -0.3749 0.9260
vn 0.2366 -0.3723 0.8975
vn -0.7791 -0.1112 0.6170
vn 0.7147 -0.0821 0.6946
vn -0.7737 0.3030 0.5564
vn 0.4128 -0.7285 -0.5467
vn -0.3058 -0.6657 -0.6807
vn -0.6871 -0.4855 -0.5406
vn 0.1951 -0.6626 -0.7231
vn -0.6278 -0.7742 0.0809
vn 0.3944 -0.8635 0.3143
vn 0.1878 -0.8924 0.4104
vn -0.0713 0.7460 0.6621
vn 0.2707 0.7235 0.6351
vn 0.0640 -0.2773 0.9586
vn 0.3974 -0.3380 0.8531
vn 0.9979 0.0444 -0.0467
vn 0.3920 -0.9180 0.0605
vn 0.0092 -1.0000 -0.0018
vn 0.0684 -0.7898 -0.6095
vn 0.0195 -0.7906 -0.6120
vn 0.1555 -0.2313 -0.9604
vn 0.9665 -0.1601 0.2004
vn -0.6359 0.3714 -0.6765
vn 0.3498 0.5146 -0.7828
vn 0.7402 0.6434 -0.1954
vn 0.9865 0.0102 0.1634
vn 0.9810 0.0556 0.1860
vn 1.0000 -0.0071 0.0010
vn 0.9999 -0.0115 0.0074
vn 1.0000 -0.0084 0.0047
vn 0.9999 0.0156 0.0001
vn 0.9993 0.0363 -0.0008
vn 0.9993 0.0370 -0.0013
vn 0.9963 0.0839 -0.0205
vn 0.9869 0.1326 -0.0923
vn 0.9868 0.1329 -0.0921
vn 0.0520 0.6032 -0.7959
vn 0.0432 0.6034 -0.7962
vn -0.0646 0.4529 0.8892
vn 0.3146 0.4942 0.8104
vn -0.0025 0.2201 -0.9755
vn -0.1186 0.2100 -0.9705
vn 0.9332 0.1296 -0.3350
vn 0.4143 0.2959 -0.8607
vn -0.3266 0.4399 -0.8365
vn -0.6864 0.3643 -0.6294
vn 0.9175 0.1471 -0.3695
vn 0.9319 0.1406 -0.3343
vn 0.1976 0.4829 -0.8531
vn 0.9999 -0.0125 0.0090
vn 0.9965 0.0334 -0.0770
vn 0.9979 0.0581 0.0278
vn 0.0186 0.3377 -0.9411
vn 0.3671 0.3032 -0.8794
vn 0.3210 -0.2867 -0.9027
vn 0.3844 -0.2902 -0.8764
vn 0.3951 -0.9169 -0.0565
vn -0.2886 -0.9572 0.0205
vn -0.0664 -0.3917 0.9177
vn 0.0469 -0.3917 0.9189
vn 0.6552 0.4911 0.5741
vn -0.6366 0.7576 0.1442
vn 0.1579 0.8393 -0.5202
vn 0.1329 0.9599 0.2470
vn 0.9653 -0.2467 -0.0855
vn 1.0000 -0.0041 0.0034
vn -0.6277 -0.3145 -0.7121
vn 0.3957 -0.5651 -0.7239
vn 0.1761 -0.6706 -0.7206
vn -0.0751 -0.9940 -0.0792
vn 0.3139 -0.9476 -0.0588
vn -0.7832 -0.6160 0.0841
vn 0.7126 -0.6877 0.1384
vn -0.7736 -0.4363 0.4595
vn -0.0060 0.4410 0.8975
vn 0.0432 0.4421 0.8959
vn -0.0002 0.4371 0.8994
vn 0.0025 0.4388 0.8986
vn 0.2014 0.4124 0.8885
vn -0.1869 0.4121 0.8917
vn 0.1678 -0.1705 0.9710
vn 0.3376 -0.1511 0.9291
vn 1.0000 -0.0031 -0.0065
vn 0.9999 -0.0111 -0.0088
vn 0.9865 -0.1522 0.0602
vn 0.9856 0.1362 0.1004
vn 0.9943 0.0647 0.0847
vn 0.9994 0.0115 0.0329
vn 0.9862 0.1353 0.0954
vn 0.9993 0.0138 0.0344
vn 0.9999 0.0047 0.0149
vn 1.0000 -0.0070 -0.0064
vn 1.0000 -0.0048 -0.0068
vn 0.9999 -0.0071 -0.0086
vn -0.6853 0.7122 0.1521
vn -0.3252 0.9320 0.1598
vn 0.9175 0.3968 0.0257
vn 0.9320 0.3613 0.0303
vn 0.9333 0.3587 0.0198
vn -0.0023 0.9957 -0.0921
vn -0.1203 0.9877 -0.1003
vn 0.4142 0.9101 0.0155
vn 0.5044 -0.4237 -0.7524
vn -0.2184 -0.4604 -0.8604
vn -0.1946 -0.2473 -0.9492
vn -0.0460 -0.2475 -0.9678
vn 0.1890 0.4827 -0.8552
vn 0.3933 0.5151 -0.7615
vn -0.6281 0.5787 -0.5201
vn 0.1989 0.9603 0.1955
vn 0.1632 -0.9769 0.1377
vn 0.3394 -0.9296 0.1434
vn -0.1839 -0.7212 0.6678
vn 0.2686 -0.7056 0.6558
vn -0.0164 -0.7191 0.6947
vn -0.0110 -0.7207 0.6932
vn 0.0481 -0.7122 0.7003
vn 0.0023 -0.7173 0.6968
vn -0.0305 -0.6964 0.7170
vn -0.0670 -0.7006 0.7104
vn 0.0536 0.9432 0.3277
vn 0.0433 0.9438 0.3277
vn 0.9979 -0.0081 0.0647
vn 0.9964 0.0849 0.0078
vn 0.1437 0.0615 0.9877
vn 0.9642 0.0048 -0.2652
vn 0.0340 0.9990 0.0303
vn 0.3645 0.9311 0.0173
vn 0.2710 0.7817 -0.5617
vn 0.3877 0.7358 -0.5552
vn 0.3963 -0.2295 -0.8890
vn 0.0649 -0.3399 -0.9382
vn 0.2715 -0.9584 -0.0886
vn -0.0700 -0.9928 -0.0972
vn 0.7415 -0.4052 0.5348
vn -0.6352 0.0974 0.7662
vn 0.1422 0.7531 0.6423
vn -0.7312 -0.6327 -0.2550
vn 0.9943 -0.0604 0.0877
vn 0.9994 -0.0278 0.0211
vn 1.0000 0.0052 -0.0050
vn 0.9999 0.0050 -0.0137
vn 1.0000 0.0039 -0.0086
vn 0.9999 -0.0127 0.0091
vn 0.9991 -0.0297 0.0291
vn 0.9862 -0.0492 0.1582
vn 1.0000 0.0046 -0.0065
vn 1.0000 0.0053 -0.0083
vn 0.2800 -0.2116 -0.9364
vn -0.0708 -0.2145 -0.9742
vn 0.7420 -0.6337 -0.2189
vn -0.6360 -0.6979 0.3292
vn 0.9655 0.2513 -0.0689
vn 0.1564 -0.3779 0.9125
vn 0.3656 -0.8712 0.3278
vn 0.0191 0.2798 0.9599
vn 0.3668 0.2713 0.8899
vn 0.3186 0.7628 0.5627
vn 0.3823 0.7503 0.5394
vn 0.3987 0.7737 -0.4923
vn 0.0650 0.7868 -0.6138
vn 0.9983 -0.0551 0.0193
vn 0.9961 0.0186 0.0866
vn 0.9856 -0.0534 0.1605
vn 0.0440 -0.0201 0.9988
vn 0.0500 -0.0202 0.9985
vn -0.0028 0.3954 0.9185
vn -0.1192 0.4006 0.9085
vn 0.9334 0.0919 0.3469
vn 0.9319 0.0836 0.3529
vn 0.9188 0.0978 0.3825
vn -0.0453 0.8472 -0.5293
vn -0.7318 0.0468 -0.6799
vn 0.5084 0.5843 -0.6325
vn -0.1613 0.6838 -0.7116
vn -0.3720 0.7820 -0.5001
vn 0.9797 -0.1635 -0.1162
vn 0.9865 -0.1044 -0.1262
vn 0.1658 -0.4327 -0.8861
vn 0.3432 -0.4234 -0.8384
vn -0.1862 -0.8576 -0.4794
vn 0.2693 -0.8416 -0.4681
vn -0.0180 -0.8830 -0.4691
vn -0.0114 -0.8818 -0.4715
vn 0.0505 -0.8861 -0.4607
vn 0.0032 -0.8843 -0.4669
vn -0.0295 -0.8973 -0.4404
vn -0.0648 -0.8925 -0.4464
vn 0.3931 0.8835 0.2547
vn 0.2840 0.9324 0.2237
vn -0.6290 0.6727 0.3897
vn 0.1953 0.1107 0.9745
vn -0.6879 0.0750 0.7219
vn -0.3276 0.1358 0.9350
vn 0.4143 0.2664 0.8703
vn 0.3096 -0.0756 -0.9479
vn 0.3430 -0.0315 -0.9388
vn 0.3185 -0.0659 -0.9456
vn 0.3052 -0.2768 -0.9112
vn 0.2622 -0.0230 -0.9648
vn 0.2842 -0.0406 -0.9579
vn 0.2846 -0.0403 -0.9578
vn 0.2850 -0.0548 -0.9569
vn 0.3033 -0.0748 -0.9499
vn 0.3233 -0.0700 -0.9437
vn 0.8592 -0.4446 -0.2530
vn 0.9916 -0.1276 0.0232
vn 0.9819 -0.1868 0.0312
vn 0.9661 -0.2525 -0.0537
vn -0.0343 0.7526 -0.6576
vn -0.0065 0.7015 -0.7127
vn 0.0171 0.1489 -0.9887
vn -0.7634 0.6431 -0.0601
vn -0.6038 0.7521 -0.2641
vn 0.6032 0.7689 -0.2120
vn 0.2279 0.1341 -0.9644
vn 0.9837 -0.1794 -0.0096
vn 0.9809 -0.1945 0.0072
vn 0.9819 -0.1882 0.0204
vn 0.9885 -0.1506 -0.0124
vn 0.9900 -0.1410 -0.0037
vn 0.9902 -0.1399 0.0029
vn 0.9918 -0.1278 0.0050
vn 0.9948 -0.0943 0.0391
vn 0.9950 -0.0945 0.0335
vn 0.9366 -0.2992 0.1823
vn 0.9386 -0.2921 0.1836
vn 0.8889 -0.2913 0.3535
vn 0.4506 -0.8713 0.1944
vn 0.4661 -0.8645 -0.1884
vn 0.1292 -0.8930 0.4312
vn 0.1328 -0.8931 0.4297
vn 0.1462 -0.8891 0.4338
vn 0.1678 -0.8797 0.4449
vn 0.2135 -0.7919 0.5720
vn 0.1566 -0.7375 0.6569
vn 0.2094 -0.6155 0.7598
vn 0.2053 -0.6165 0.7601
vn 0.2030 -0.6173 0.7601
vn 0.1866 -0.6271 0.7563
vn 0.3481 -0.3988 0.8484
vn 0.4441 0.1599 0.8816
vn 0.6069 -0.2348 0.7593
vn 0.8727 -0.1601 0.4612
vn 0.7310 -0.1975 0.6531
vn 0.7945 -0.0802 0.6020
vn 0.5813 -0.1647 0.7969
vn 0.7297 -0.2938 0.6175
vn 0.7514 -0.4180 0.5105
vn 0.7008 -0.5413 0.4646
vn 0.6932 -0.5487 0.4673
vn 0.7621 -0.5107 0.3980
vn 0.7749 -0.6010 0.1957
vn 0.8367 -0.5354 -0.1155
vn 0.7377 -0.6597 0.1438
vn 0.7543 -0.5910 -0.2859
vn 0.8107 -0.5355 -0.2367
vn 0.8479 -0.4564 -0.2696
vn 0.8299 -0.4607 -0.3148
vn 0.5899 -0.5643 -0.5776
vn 0.7501 -0.5590 -0.3533
vn 0.7982 -0.4165 -0.4353
vn 0.7664 -0.4883 -0.4173
vn 0.6865 -0.5697 -0.4519
vn 0.9783 -0.1922 -0.0773
vn 0.9783 -0.2069 -0.0099
vn 0.9776 -0.1938 -0.0818
vn 0.9920 -0.1259 0.0022
vn -0.0610 -0.8559 -0.5135
vn 0.0409 -0.5945 -0.8030
vn 0.0229 -0.9740 -0.2254
vn 0.9673 -0.2444 -0.0676
vn 0.6425 -0.6646 0.3815
vn 0.7572 -0.6444 0.1066
vn 0.7747 -0.6208 0.1205
vn 0.7529 -0.4179 -0.5085
vn 0.5528 -0.8180 0.1592
vn 0.5155 -0.8456 0.1384
vn 0.5557 -0.7963 0.2391
vn 0.5374 -0.8038 0.2553
vn 0.6074 -0.6446 -0.4644
vn 0.6147 -0.6506 -0.4459
vn 0.7990 -0.4688 -0.3767
vn 0.7861 -0.5780 0.2187
vn 0.7771 -0.5907 0.2171
vn 0.9859 -0.1162 -0.1202
vn 0.9948 -0.0960 -0.0349
vn -0.0061 -0.9965 0.0834
vn 0.5080 0.5583 0.6560
vn 0.4818 0.6489 0.5888
vn 0.4922 0.6619 0.5654
vn 0.2599 -0.9104 0.3220
vn 0.5088 0.6302 -0.5865
vn 0.4468 0.4676 -0.7627
vn 0.3990 0.1083 -0.9105
vn 0.3166 -0.0684 -0.9461
vn 0.2787 0.9598 -0.0318
vn 0.2773 0.9225 0.2686
vn -0.0022 0.9673 0.2537
vn -0.0002 0.9968 0.0803
vn 0.0030 0.9966 0.0818
vn 0.0026 0.9935 -0.1140
vn -0.2176 0.9387 0.2673
vn 0.3095 -0.9473 -0.0830
vn 0.4983 -0.4535 0.7389
vn 0.4058 -0.9127 0.0483
vn 0.4923 -0.3327 0.8043
vn 0.4714 -0.3844 0.7937
vn 0.9914 0.0711 -0.1095
vn 0.9918 0.0690 -0.1076
vn -0.9984 0.0148 -0.0543
vn -0.0092 0.1934 -0.9811
vn -0.0052 0.6689 -0.7434
vn 0.9672 -0.0661 -0.2452
vn -0.0283 -0.4763 -0.8788
vn 0.0284 -0.8186 -0.5737
vn 0.9915 -0.0255 -0.1276
vn -0.0045 -0.4079 -0.9130
vn -0.0315 -0.9817 -0.1878
vn 0.0026 -0.9965 -0.0833
vn -0.0006 -0.8582 0.5133
vn 0.0055 0.1297 -0.9915
vn 0.9746 -0.1829 -0.1294
vn 0.9767 -0.0172 -0.2138
vn 0.9698 -0.0656 -0.2348
vn 0.6323 -0.7718 -0.0671
vn 0.7023 -0.7102 -0.0492
vn 0.9847 -0.0514 -0.1666
vn 0.1928 -0.9109 -0.3647
vn 0.2092 -0.9119 -0.3532
vn 0.2131 -0.9115 -0.3517
vn 0.1744 -0.9167 -0.3596
vn 0.1966 -0.7930 -0.5766
vn 0.1679 -0.7771 -0.6066
vn 0.1824 -0.6924 -0.6981
vn 0.1682 -0.6850 -0.7089
vn 0.1475 -0.6799 -0.7183
vn 0.1318 -0.6857 -0.7158
vn 0.4654 -0.0897 -0.8806
vn 0.4598 -0.4430 -0.7696
vn 0.9347 -0.2698 -0.2313
vn 0.9001 -0.3904 -0.1934
vn 0.9348 -0.2698 -0.2312
vn 0.9914 -0.0840 -0.1008
vn 0.9916 -0.0886 -0.0944
vn 0.9921 -0.0826 -0.0942
vn 0.9932 -0.0323 -0.1122
vn 0.9917 -0.0238 -0.1265
vn 0.9892 -0.0266 -0.1444
vn 0.9823 -0.0740 -0.1718
vn 0.9811 -0.0661 -0.1820
vn 0.9837 -0.0467 -0.1735
vn 0.2221 0.9601 -0.1698
vn 0.6180 -0.7862 0.0085
vn 0.8273 -0.5617 0.0051
vn 0.7331 -0.6799 0.0177
vn 0.7953 -0.5961 0.1100
vn 0.5805 -0.8093 0.0897
vn 0.9619 -0.0332 -0.2715
vn 0.9608 -0.0403 -0.2742
vn 0.9748 0.0365 -0.2199
vn 0.9713 -0.0956 -0.2177
vn 0.9621 -0.0287 -0.2713
vn 0.5595 -0.4795 -0.6760
vn 0.5682 0.3363 -0.7511
vn 0.6222 0.3441 -0.7032
vn 0.6056 0.7354 -0.3039
vn 0.8790 0.4145 -0.2355
vn 0.6763 0.6999 -0.2298
vn 0.9165 0.3883 -0.0960
vn 0.7135 0.6839 -0.1523
vn 0.9993 0.0238 -0.0272
vn 0.9950 -0.0122 -0.0993
vn 0.9806 0.0794 -0.1794
vn 1.0000 -0.0046 0.0046
vn 0.9997 0.0018 0.0231
vn 0.9984 -0.0530 0.0220
vn 0.7057 0.2513 -0.6624
vn 0.3558 -0.9205 0.1612
vn 0.9995 0.0243 0.0182
vn 0.7660 -0.6229 0.1590
vn -0.0172 -0.3007 0.9536
vn -0.6312 -0.2556 0.7323
vn 0.6028 -0.3601 0.7120
vn 0.3550 0.8779 -0.3214
vn 0.3181 0.8718 -0.3725
vn 0.3018 0.7814 -0.5462
vn 0.2636 0.9098 -0.3205
vn 0.2839 0.8987 -0.3343
vn 0.2846 0.8986 -0.3338
vn 0.2852 0.8932 -0.3477
vn 0.3036 0.8802 -0.3647
vn 0.3230 0.8760 -0.3583
vn 0.9678 -0.1178 -0.2226
vn -0.9090 0.2959 0.2935
vn 0.9724 -0.0023 -0.2333
vn -0.0191 0.9970 -0.0756
vn 0.0103 0.9853 -0.1706
vn -0.0231 0.8243 0.5657
vn 0.0161 0.8759 0.4823
vn 0.7981 0.2858 -0.5304
vn 0.7657 0.2461 -0.5942
vn 0.6870 0.2537 -0.6809
vn 0.8319 0.1554 -0.5328
vn 0.8494 0.1158 -0.5149
vn 0.7545 0.0894 -0.6502
vn 0.8110 0.0597 -0.5820
vn 0.8368 -0.0560 -0.5447
vn 0.7374 -0.3403 -0.5835
vn 0.7749 -0.3719 -0.5111
vn 0.7445 0.2421 -0.6222
vn -0.6032 0.4838 0.6341
vn 0.6020 0.4398 0.6664
vn -0.7547 0.2616 0.6016
vn 0.9777 0.0200 -0.2089
vn 0.9785 0.0158 -0.2059
vn 0.9781 -0.0503 -0.2020
vn 0.9935 -0.0378 -0.1077
vn 0.9940 -0.0556 -0.0939
vn 0.9649 -0.0024 -0.2626
vn -0.0265 0.2813 -0.9592
vn -0.0116 -0.2843 -0.9587
vn 0.0213 -0.0686 -0.9974
vn 0.0412 0.5774 -0.8154
vn 0.5901 0.3744 -0.7152
vn 0.7502 0.1624 -0.6409
vn 0.2614 -0.5880 -0.7654
vn 0.5775 -0.0630 -0.8140
vn 0.6370 0.2404 -0.7324
vn 0.5638 -0.4078 -0.7182
vn 0.5151 -0.3934 -0.7616
vn 0.5554 -0.4734 -0.6837
vn 0.5370 -0.4912 -0.6858
vn 0.7861 -0.3037 -0.5383
vn 0.7656 -0.3920 -0.5101
vn 0.7860 -0.3868 -0.4822
vn 0.7590 -0.2805 -0.5876
vn 0.8165 -0.0532 -0.5749
vn 0.8158 -0.1066 -0.5684
vn 0.5088 0.7524 0.4184
vn 0.4470 0.8697 0.2096
vn 0.3995 0.8995 -0.1769
vn 0.3166 0.8788 -0.3571
vn 0.3090 0.8782 -0.3651
vn 0.3614 0.3175 0.8767
vn 0.3206 -0.2687 0.9083
vn 0.0003 0.2725 0.9622
vn -0.0002 0.2306 0.9731
vn 0.0022 0.2295 0.9733
vn 0.0020 0.1901 0.9818
vn 0.0457 0.2638 0.9635
vn 0.0428 0.2028 0.9783
vn -0.2965 0.1712 0.9396
vn 0.5310 0.0359 0.8466
vn -0.6835 -0.0421 0.7287
vn 0.3396 -0.1102 0.9341
vn 0.3094 0.6183 0.7224
vn 0.9950 0.0907 -0.0423
vn 0.9806 0.1951 0.0201
vn 0.9994 0.0330 0.0144
vn 0.3543 0.5768 0.7360
vn 0.3172 0.6236 0.7145
vn 0.3006 0.7609 0.5751
vn 0.2629 0.5857 0.7667
vn 0.2841 0.5958 0.7512
vn 0.2848 0.5953 0.7513
vn 0.2853 0.6071 0.7416
vn 0.3032 0.6189 0.7246
vn 0.3232 0.6113 0.7224
vn 0.7626 -0.3451 -0.5471
vn 0.3565 -0.4376 -0.8255
vn 0.3652 -0.7347 0.5717
vn 0.3108 -0.9498 0.0373
vn 0.0012 -0.8306 0.5569
vn 0.0006 -0.8556 0.5177
vn 0.0007 -0.8555 0.5177
vn 0.0004 -0.8730 0.4877
vn 0.0457 -0.8314 0.5538
vn 0.0422 -0.8681 0.4946
vn -0.2952 -0.8412 0.4529
vn 0.5303 -0.7945 0.2959
vn -0.6837 -0.7059 0.1852
vn 0.3408 -0.9220 0.1836
vn -0.0177 -0.9998 0.0086
vn -0.6319 -0.7749 -0.0169
vn 0.6024 -0.7888 -0.1223
vn 0.7447 0.6663 0.0381
vn 0.8184 0.3880 0.4239
vn 0.6330 0.5090 0.5833
vn 0.6166 0.5096 0.6001
vn 0.6314 0.5126 0.5819
vn 0.6758 0.4350 0.5951
vn 0.9233 0.2036 0.3258
vn 1.0000 -0.0053 -0.0025
vn 0.7140 0.3560 0.6029
vn 0.9998 -0.0003 0.0180
vn 0.9944 -0.0671 -0.0822
vn 0.9998 -0.0204 0.0090
vn 0.7064 0.7070 0.0345
vn 0.9664 0.2051 -0.1551
vn 0.9525 0.2862 -0.1037
vn 0.5755 0.8124 0.0937
vn 0.5651 0.8201 0.0899
vn 0.5489 0.4970 -0.6721
vn 0.9492 0.2713 -0.1596
vn 0.9527 0.2698 -0.1401
vn 0.9740 0.2260 -0.0167
vn 0.2875 -0.7006 -0.6531
vn 0.9818 0.1251 -0.1431
vn 0.9887 0.1237 -0.0844
vn 0.9746 0.2146 -0.0642
vn -0.0057 0.4244 0.9055
vn 0.0083 -0.1941 0.9810
vn -0.0304 -0.2859 0.9578
vn -0.7563 -0.4899 0.4336
vn 0.6027 -0.4977 0.6237
vn -0.6033 -0.4534 0.6561
vn 0.8499 0.5151 -0.1112
vn 0.8192 0.5709 -0.0539
vn 0.8538 0.5203 -0.0168
vn 0.6135 0.7785 0.1322
vn 0.7303 0.6746 0.1076
vn 0.7879 0.6021 0.1292
vn 0.5650 0.8152 0.1270
vn 0.7995 0.5988 0.0468
vn 0.7144 0.6935 -0.0933
vn 0.4812 0.8764 -0.0195
vn 0.9812 0.1512 -0.1202
vn 0.9787 0.2004 -0.0449
vn 0.9783 0.1841 -0.0953
vn 0.9779 0.2049 -0.0413
vn 0.5089 -0.1660 0.8447
vn 0.4467 0.0694 0.8920
vn 0.3980 0.4503 0.7993
vn 0.5371 0.5001 -0.6792
vn 0.5559 0.5037 -0.6612
vn 0.5152 0.6029 -0.6092
vn 0.7862 0.3389 -0.5168
vn 0.7655 0.3641 -0.5305
vn 0.5645 0.5567 -0.6094
vn 0.7864 0.4178 -0.4550
vn 0.7590 0.4723 -0.4481
vn 0.5772 0.7552 -0.3105
vn 0.6367 0.7711 0.0072
vn 0.8151 0.5029 -0.2874
vn 0.8163 0.5301 -0.2297
vn 0.9639 0.2561 -0.0721
vn -0.0220 0.9012 0.4328
vn 0.0191 0.9839 -0.1777
vn -0.0038 0.9931 -0.1172
vn 0.9922 0.1026 -0.0709
vn 0.0111 0.8488 0.5286
vn 0.2594 0.5472 -0.7958
vn 0.3170 0.6110 0.7254
vn 0.6446 0.1959 -0.7390
vn 0.9935 0.0939 0.0646
vn 0.9940 0.0991 0.0465
vn 0.9654 0.1560 0.2088
vn -0.0091 0.3505 0.9365
vn -0.0194 0.7927 0.6092
vn 0.0197 0.4401 0.8977
vn 0.0126 -0.2267 0.9739
vn -0.0017 -0.2744 0.9616
vn 0.9639 0.2442 0.1064
vn -0.8933 -0.4471 -0.0459
vn 0.9725 0.1370 0.1882
vn -0.0183 -0.7714 0.6361
vn 0.0018 -0.7262 0.6875
vn -0.0124 -0.9964 0.0844
vn 0.0134 -0.9853 0.1705
vn 0.9708 0.2033 0.1272
vn 0.9621 0.1827 0.2025
vn 0.9748 0.0994 0.1996
vn 0.9623 0.1835 0.2008
vn 0.9619 0.1865 0.2001
vn 0.4610 0.1570 0.8734
vn 0.5267 0.1199 0.8415
vn 0.5060 0.1473 0.8499
vn 0.6520 0.7101 0.2657
vn 0.6941 0.7003 0.1667
vn 0.0059 0.3859 -0.9225
vn 0.0130 0.3699 -0.9290
vn -0.0005 0.8572 -0.5149
vn 1.0000 0.0001 -0.0000
vn 0.0140 0.6570 0.7538
vn 0.0013 0.9996 -0.0297
vn 0.0042 0.8912 0.4535
vn -0.0186 0.8386 0.5444
vn -0.0038 0.9999 -0.0099
vn -0.0270 0.2997 0.9536
vn -0.0001 0.2029 0.9792
vn -0.0045 0.8503 -0.5262
vn 0.9854 0.0147 0.1698
vn 0.9916 0.0225 0.1276
vn 0.9927 0.0688 0.0989
vn 0.9805 0.1512 0.1259
vn 0.9745 0.2245 -0.0061
vn 0.9774 0.1119 0.1796
vn 0.9739 0.1479 0.1720
vn 0.5548 0.6825 -0.4758
vn 0.9267 0.3377 -0.1647
vn 0.6531 0.6147 -0.4423
vn 0.7846 0.4912 -0.3783
vn 0.7411 0.5308 -0.4111
vn 0.7881 0.4248 -0.4456
vn 0.5905 0.5956 -0.5445
vn 0.9816 0.1597 0.1051
vn 0.9814 0.1612 0.1041
vn 0.2096 0.9452 -0.2505
vn 0.2121 0.9444 -0.2511
vn 0.2087 0.9453 -0.2508
vn 0.1926 0.9514 -0.2401
vn 0.4068 0.7088 -0.5763
vn 0.3093 0.8153 -0.4895
vn 0.1566 0.9828 -0.0978
vn 0.2133 0.9770 0.0024
vn 0.1673 0.9732 0.1575
vn 0.1461 0.9743 0.1717
vn 0.1327 0.9752 0.1773
vn 0.1297 0.9758 0.1763
vn 0.9823 0.1615 0.0944
vn 0.9885 0.1146 0.0985
vn 0.9900 0.1119 0.0858
vn 0.9902 0.1149 0.0797
vn 0.9917 0.1066 0.0712
vn 0.9947 0.0996 0.0237
vn 0.9949 0.0972 0.0272
vn 0.9393 0.3419 0.0271
vn 0.9397 0.3411 0.0262
vn 0.9183 0.3934 -0.0443
vn 0.5087 0.8212 0.2584
vn 0.4703 0.5748 0.6697
vn 0.6789 -0.3617 0.6390
vn 0.7258 -0.3155 0.6113
vn 0.9950 0.0683 0.0731
vn 0.9806 0.0412 0.1918
vn 0.9993 -0.0033 0.0360
vn 1.0000 0.0010 -0.0064
vn 0.9997 -0.0151 -0.0176
vn 0.7060 0.1858 0.6834
vn 0.7524 0.4231 -0.5049
vn 0.3568 0.6499 -0.6710
vn 0.9995 -0.0304 -0.0005
vn 0.9984 0.0299 -0.0489
vn 0.7516 -0.4372 0.4939
vn 0.6887 -0.4820 0.5417
vn 0.7821 -0.4092 0.4699
vn 0.8434 -0.3241 0.4285
vn 0.7460 -0.3837 0.5442
vn 0.7014 -0.4134 0.5806
vn 0.7448 0.1696 0.6454
vn 0.2795 -0.6834 -0.6744
vn -0.0560 -0.7222 -0.6894
vn 0.0051 -0.5487 -0.8360
vn -0.3157 -0.5128 -0.7983
vn 0.2743 -0.3163 -0.9082
vn -0.6361 -0.2227 -0.7388
vn 0.6034 -0.1278 -0.7871
vn 0.9997 -0.0211 -0.0124
vn 0.9998 -0.0181 -0.0097
vn -0.0019 -0.7576 -0.6528
vn -0.0000 -0.7570 -0.6534
vn 0.0070 -0.9839 -0.1784
vn 0.5708 -0.0216 -0.8208
vn 0.7327 -0.5345 -0.4213
vn -0.0014 -0.7852 -0.6192
vn -0.0560 -0.7247 -0.6867
vn -0.6027 -0.7645 -0.2288
vn 0.4125 -0.8571 -0.3086
vn -0.4221 -0.7903 -0.4441
vn -0.6662 -0.6426 -0.3785
vn 0.3161 -0.5005 0.8059
vn 0.9781 0.1598 0.1333
vn 0.9785 0.1079 0.1759
vn 0.9777 0.1064 0.1808
vn 0.5088 -0.8546 0.1040
vn 0.4468 -0.8269 0.3414
vn 0.3990 -0.6233 0.6725
vn 0.9848 0.1371 0.1068
vn 0.4714 -0.1557 -0.8680
vn 0.4924 -0.2037 -0.8462
vn 0.4983 -0.0676 -0.8643
vn 0.6744 0.5468 0.4962
vn 0.8108 0.0871 0.5788
vn 0.7510 0.1539 0.6421
vn 0.6047 0.2207 0.7652
vn 0.6808 0.2174 0.6994
vn 0.8789 0.2952 0.3747
vn 0.7901 0.2625 0.5539
vn 0.7886 0.2629 0.5559
vn 0.7885 0.3008 0.5364
vn 0.9106 0.1423 0.3880
vn 0.9194 0.1546 0.3617
vn 0.8103 0.2941 0.5068
vn 0.6139 0.1150 0.7810
vn 0.7424 0.6101 0.2767
vn 0.7771 0.5987 0.1942
vn 0.8366 0.3661 0.4075
vn 0.2596 0.9259 0.2743
vn 0.5777 0.5291 0.6215
vn 0.6373 0.2381 0.7329
vn 0.8164 0.3819 0.4331
vn 0.8159 0.4178 0.3996
vn 0.7497 0.5923 0.2952
vn 0.7786 0.5708 0.2609
vn 0.8118 0.5601 0.1649
vn 0.5637 0.7521 0.3415
vn 0.5155 0.7657 0.3846
vn 0.5558 0.7846 0.2748
vn 0.4926 0.8352 0.2445
vn 0.3092 -0.4959 0.8115
vn 0.3553 -0.5213 0.7759
vn 0.2635 -0.5476 0.7941
vn 0.3017 -0.3113 0.9011
vn 0.3180 -0.4859 0.8141
vn 0.2847 -0.5310 0.7981
vn 0.2837 -0.5306 0.7987
vn 0.2852 -0.5181 0.8063
vn 0.3036 -0.4977 0.8125
vn 0.3229 -0.4980 0.8048
vn 0.6381 -0.7511 -0.1692
vn 0.6466 -0.7453 -0.1628
vn 0.5547 -0.7058 0.4407
vn 0.6361 -0.6747 0.3745
vn 0.5323 -0.3553 0.7684
vn 0.9593 -0.1586 0.2338
vn 0.9589 -0.1457 0.2433
vn 0.9680 -0.1801 0.1746
vn 0.9762 -0.1367 0.1683
vn 0.9605 0.1454 0.2374
vn -0.0379 0.9865 0.1591
vn -0.0344 0.9879 0.1512
vn 0.9771 -0.1425 0.1577
vn 0.5116 0.6884 0.5142
vn 0.6832 0.5706 0.4556
vn 0.8018 0.4750 0.3625
vn 0.6691 0.6020 0.4359
vn 0.7888 0.5064 0.3484
vn 0.7789 0.5170 0.3550
vn 0.7796 0.5450 0.3085
vn 0.7288 0.6153 0.3004
vn 0.6700 0.6536 0.3520
vn 0.6785 0.2854 0.6769
vn 0.7618 0.2210 0.6090
vn 0.6762 0.2855 0.6791
vn 0.7530 0.3542 0.5546
vn 0.7633 0.4686 0.4448
vn 0.7740 -0.0011 0.6331
vn 0.8367 -0.2758 0.4732
vn 0.9690 -0.0167 0.2464
vn -0.9074 -0.0698 -0.4145
vn 0.9837 -0.0853 0.1584
vn 0.9726 -0.1367 0.1883
vn 0.9734 -0.2174 0.0717
vn 0.9895 -0.1303 0.0621
vn 0.9799 -0.0888 0.1787
vn 0.9929 -0.0944 0.0723
vn 0.9796 -0.0855 0.1821
vn -0.0157 0.4000 0.9164
vn -0.0418 0.3430 0.9384
vn -0.0231 -0.3059 0.9518
vn -0.0354 -0.9152 0.4014
vn -0.0058 -0.9539 0.3000
vn 0.0254 -0.7010 0.7127
vn 0.0096 -0.1907 0.9816
vn 0.0461 0.7564 0.6525
vn 0.0240 0.9625 -0.2704
vn -0.7561 0.1417 -0.6390
vn 0.6031 0.0358 -0.7969
vn -0.6020 -0.0188 -0.7983
vn 0.7187 0.6104 -0.3330
vn -0.7945 0.4988 -0.3463
vn 0.7057 0.5194 -0.4819
vn -0.6819 0.4632 -0.5661
vn 0.0468 0.5995 -0.7990
vn 0.9995 0.0194 -0.0260
vn 0.9996 0.0127 -0.0234
vn 0.2703 0.4446 -0.8540
vn -0.2248 0.4221 -0.8782
vn 0.0368 0.3890 -0.9205
vn 0.0401 0.3534 -0.9346
vn -0.0016 0.4192 -0.9079
vn 0.7145 -0.6396 -0.2836
vn -0.0011 0.3886 -0.9214
vn -0.0000 0.3890 -0.9212
vn 0.0009 0.3435 -0.9392
vn 0.3092 0.7448 -0.5914
vn 0.3661 0.2583 -0.8940
vn 0.7630 0.6003 0.2396
vn 0.3559 0.8393 0.4109
vn 0.9995 -0.0090 -0.0291
vn 0.9997 0.0214 -0.0093
vn 0.7055 -0.5930 0.3882
vn 0.9997 0.0118 -0.0196
vn 0.9999 0.0084 -0.0088
vn 0.9998 -0.0155 0.0084
vn 0.9998 -0.0110 0.0146
vn 0.9935 -0.0700 0.0896
vn 0.9819 -0.1624 0.0978
vn 0.9312 -0.3408 -0.1295
vn 0.8352 -0.5091 -0.2082
vn 0.7372 -0.6486 -0.1893
vn 0.8077 -0.5742 -0.1339
vn 0.3192 -0.9206 -0.2250
vn 0.7444 -0.5617 0.3610
vn 0.3538 -0.8993 -0.2570
vn 0.3177 -0.9244 -0.2111
vn 0.3046 -0.9523 -0.0178
vn 0.2620 -0.9247 -0.2761
vn 0.2839 -0.9237 -0.2574
vn 0.2847 -0.9233 -0.2578
vn 0.2852 -0.9270 -0.2437
vn 0.3057 -0.9264 -0.2200
vn 0.3270 -0.9181 -0.2240
vn 0.3151 -0.9234 -0.2191
vn 0.9781 -0.0882 0.1887
vn 0.9785 -0.1401 0.1515
vn 0.9675 -0.2079 0.1443
vn 0.9852 -0.1002 0.1393
vn 0.3441 -0.8775 -0.3340
vn 0.3851 -0.8324 -0.3986
vn 0.4624 -0.5374 -0.7052
vn 0.5089 -0.3625 -0.7808
vn 0.9927 -0.0370 0.1148
vn 0.9677 -0.1464 0.2054
vn -0.0170 -0.9940 0.1084
vn -0.0546 -0.5490 0.8340
vn 0.0230 -0.7712 0.6361
vn -0.0019 -0.9980 0.0632
vn 0.0196 -0.2634 0.9645
vn 0.9007 0.2001 0.3856
vn 0.9345 0.0828 0.3461
vn 0.4600 -0.0948 0.8829
vn 0.9342 0.0823 0.3471
vn 0.9911 0.0086 0.1326
vn 0.4663 -0.4478 0.7629
vn 0.1317 0.1341 0.9822
vn 0.1476 0.1278 0.9808
vn 0.1680 0.1373 0.9762
vn 0.1825 0.1500 0.9717
vn 0.1674 0.2757 0.9466
vn 0.1949 0.3025 0.9330
vn 0.1881 0.5362 0.8229
vn 0.1929 0.5321 0.8244
vn 0.9913 0.0136 0.1309
vn 0.9914 0.0128 0.1303
vn 0.9930 -0.0390 0.1116
vn 0.9917 -0.0550 0.1165
vn 0.9892 -0.0638 0.1316
vn 0.9816 -0.0393 0.1867
vn 0.9812 -0.0455 0.1876
vn 0.9816 -0.0502 0.1842
vn 0.2008 0.5330 0.8219
vn 0.1850 0.5267 0.8297
vn 0.3482 0.6854 0.6395
vn 0.4452 0.8877 0.1174
vn 0.5082 0.7966 -0.3274
vn 0.4923 0.7421 -0.4549
vn 0.4818 0.7605 -0.4353
vn 0.8291 -0.4429 0.3412
vn 0.7500 -0.5084 0.4231
vn 0.5898 -0.7236 0.3585
vn 0.7981 -0.5429 0.2612
vn 0.7658 -0.5484 0.3360
vn 0.6871 -0.6055 0.4016
vn 0.7536 -0.4551 0.4742
vn 0.8474 -0.3980 0.3516
vn 0.8108 -0.3904 0.4361
vn 0.2614 0.0259 0.9649
vn 0.4929 0.0255 0.8697
vn 0.5558 -0.0189 0.8311
vn 0.5153 -0.1292 0.8472
vn 0.5639 -0.0922 0.8207
vn 0.5778 -0.4291 0.6942
vn 0.6371 -0.6253 0.4506
vn 0.8148 -0.2335 0.5307
vn 0.7452 -0.0884 0.6610
vn 0.7608 -0.0739 0.6448
vn 0.7964 0.0503 0.6027
vn 0.7856 0.0148 0.6186
vn 0.7888 0.0172 0.6145
vn 0.8162 -0.2944 0.4971
vn -0.0506 -0.0268 -0.9984
vn 0.0159 -0.5741 -0.8186
vn 0.9814 -0.1268 -0.1442
vn -0.0288 -0.7727 -0.6341
vn 0.0294 -0.9364 -0.3497
vn -0.0393 -0.7135 -0.6995
vn -0.0008 -0.7700 -0.6381
vn 0.0307 0.2739 -0.9613
vn 1.0000 -0.0001 -0.0000
vn 0.0224 0.9820 -0.1874
vn -0.0238 0.9958 0.0880
vn 0.0231 0.9303 0.3661
vn -0.0255 -0.3242 -0.9456
vn 0.0162 -0.4240 -0.9055
vn -0.0183 -0.8438 -0.5364
vn 0.0018 -0.8785 -0.4777
vn -0.0205 0.7764 -0.6300
vn 0.0090 -0.8459 0.5333
vn 0.0080 0.6361 -0.7716
vn -0.0068 0.4214 0.9069
vn 0.1677 0.9604 -0.2226
vn 0.6898 0.2923 -0.6624
vn 0.7539 0.2595 -0.6035
vn 0.4134 -0.4439 -0.7950
vn 0.7588 -0.6508 -0.0246
vn 0.6498 -0.2688 0.7110
vn 0.7985 -0.2057 0.5658
vn 0.7377 -0.5010 0.4526
vn 0.9132 -0.3867 -0.1287
vn 0.9802 0.1134 0.1621
vn 0.9981 -0.0419 0.0447
vn 0.9910 -0.0096 0.1335
vn 0.7605 0.2245 0.6092
vn 0.6660 0.3178 0.6748
vn 0.7244 0.6865 0.0630
vn 0.7144 0.6967 0.0649
vn 0.5083 0.4997 -0.7014
vn 0.9129 0.0027 -0.4083
vn 0.7586 -0.1777 -0.6269
vn 0.7378 -0.5851 -0.3365
vn 0.7942 -0.6073 -0.0204
vn 0.6385 -0.7688 -0.0360
vn 0.6703 -0.5407 0.5083
vn 0.7603 -0.5101 0.4022
vn 0.4404 0.2258 0.8690
vn 0.5075 0.8219 0.2587
vn 0.7150 0.1535 0.6821
vn 0.7244 0.1523 0.6724
vn 0.7583 0.5415 -0.3631
vn 0.9127 0.3893 -0.1241
vn 0.7376 0.1423 -0.6600
vn 0.6504 -0.2003 -0.7327
vn 0.7980 -0.1663 -0.5793
vn 0.6631 -0.6567 -0.3592
vn 0.7616 -0.5382 -0.3611
vn 0.4406 -0.7566 0.4832
vn 0.9924 -0.0396 -0.1167
vn 0.9989 0.0222 -0.0418
vn 0.6341 0.3698 -0.6791
vn 0.4745 0.3226 -0.8190
vn 0.6885 0.0371 -0.7243
vn 0.5387 0.7018 -0.4661
vn 0.6511 -0.5857 -0.4827
vn 0.7269 -0.5829 -0.3631
vn 0.6326 -0.6654 0.3963
vn 0.6979 -0.6126 0.3709
vn 0.6418 0.0394 0.7658
vn 0.6823 0.5367 0.4965
vn 0.6532 0.5455 0.5251
vn 0.6707 0.7384 0.0704
vn 0.6465 0.7624 0.0280
vn 0.7733 0.5316 -0.3457
vn 0.9634 -0.2100 -0.1666
vn 0.7374 0.2732 0.6177
vn 0.7923 0.6077 -0.0538
vn 0.9131 -0.2420 0.3280
vn 0.6472 -0.5725 -0.5033
vn 0.7156 -0.5281 -0.4571
vn 0.5093 -0.8158 0.2740
vn 0.7581 -0.2246 0.6123
vn 0.7975 0.4732 0.3742
vn 0.7446 0.5212 0.4171
vn 0.6398 0.7670 0.0482
vn 0.6302 0.2844 -0.7224
vn 0.6656 0.2369 -0.7077
vn -0.9953 -0.0972 0.0006
vn -0.4115 0.9114 -0.0032
vn 0.3022 0.9357 -0.1820
vn 0.2184 0.9589 -0.1814
vn -0.9971 -0.0745 0.0122
vn -0.9965 -0.0818 0.0157
vn -0.1871 0.8959 -0.4029
vn -0.0000 0.9064 -0.4225
vn -0.9970 -0.0700 0.0317
vn -0.9965 -0.0755 0.0357
vn -0.4222 -0.8197 0.3871
vn -0.8071 -0.5556 0.1999
vn -0.8386 -0.4477 0.3102
vn -0.0000 0.8190 -0.5739
vn -0.9956 -0.0771 0.0537
vn 0.1874 0.7967 -0.5746
vn -0.9976 -0.0524 0.0460
vn -0.4213 -0.6816 0.5983
vn -0.9947 -0.0671 0.0780
vn -0.2180 0.6365 -0.7398
vn 0.2185 0.6180 -0.7552
vn -0.8033 -0.3907 0.4495
vn -0.9976 -0.0377 0.0587
vn -0.9947 -0.0429 0.0934
vn -0.2184 0.4076 -0.8866
vn -0.5536 -0.4499 0.7007
vn 0.2183 0.3857 -0.8964
vn -0.7559 -0.3295 0.5657
vn -0.9920 -0.0586 0.1115
vn -0.2182 0.1476 -0.9647
vn 0.2185 0.1238 -0.9679
vn -0.6296 -0.2186 0.7455
vn -0.9791 -0.0092 0.2032
vn -0.9965 -0.0126 0.0826
vn -0.9965 0.0106 0.0828
vn -0.2182 -0.1240 -0.9680
vn -0.9965 0.0106 0.0829
vn 0.2183 -0.1478 -0.9646
vn -0.1869 -0.3713 -0.9095
vn -0.0000 -0.3905 -0.9206
vn -0.7690 -0.0935 0.6324
vn -0.6338 0.0981 0.7672
vn -0.9970 0.0292 0.0710
vn -0.9965 0.0330 0.0767
vn -0.0000 -0.5448 -0.8386
vn 0.1876 -0.5462 -0.8164
vn -0.5981 0.0976 0.7954
vn -0.9956 0.0510 0.0789
vn -0.9976 0.0441 0.0540
vn -0.2182 -0.7172 -0.6619
vn -0.9947 0.0755 0.0697
vn 0.2184 -0.7332 -0.6440
vn -0.4214 0.3585 0.8330
vn -0.8072 0.1803 0.5621
vn -0.9976 0.0573 0.0397
vn -0.8387 0.2943 0.4582
vn -0.1870 -0.8690 -0.4581
vn -0.9953 0.0861 0.0451
vn -0.0000 -0.8909 -0.4542
vn -0.6472 0.7173 0.2581
vn -0.8005 0.5722 0.1782
vn -0.9970 0.0728 0.0261
vn -0.5521 0.8235 0.1304
vn -0.0000 -0.9564 -0.2921
vn -0.9962 0.0835 0.0258
vn -0.9972 0.0737 0.0117
vn 0.1874 -0.9433 -0.2741
vn -0.2181 -0.9748 -0.0460
vn 0.2185 -0.9756 -0.0220
vn -0.9947 0.1027 0.0048
vn -0.9976 0.0694 -0.0064
vn -0.1872 -0.9601 0.2078
vn -0.0000 -0.9744 0.2249
vn -0.1103 0.9771 0.1818
vn -0.0936 0.9506 0.2960
vn -0.8388 0.5444 0.0122
vn -0.4217 0.9029 -0.0834
vn -0.8388 0.5266 -0.1382
vn -0.9953 0.0949 -0.0208
vn -0.0000 -0.9204 0.3910
vn 0.1874 -0.8988 0.3963
vn -0.9970 0.0726 -0.0268
vn -0.5400 0.7899 -0.2907
vn -0.9962 0.0806 -0.0340
vn -0.9972 0.0640 -0.0384
vn -0.7820 0.5342 -0.3212
vn -0.7620 0.5568 -0.3307
vn -0.2181 -0.7763 0.5914
vn 0.2187 -0.7615 0.6102
vn -0.9947 0.0818 -0.0623
vn -0.9976 0.0491 -0.0496
vn -0.6344 0.5437 -0.5494
vn -0.5974 0.5671 -0.5670
vn -0.8071 0.3320 -0.4883
vn -0.5412 0.4178 -0.7297
vn -0.2185 -0.5830 0.7825
vn -0.9947 0.0615 -0.0825
vn 0.2182 -0.5636 0.7967
vn -0.9974 0.0361 -0.0631
vn -0.9950 0.0325 -0.0941
vn -0.7821 0.2027 -0.5893
vn -0.7625 0.2137 -0.6107
vn -0.1870 -0.3646 0.9122
vn -0.9970 0.0283 -0.0714
vn -0.0000 -0.3585 0.9335
vn -0.0000 -0.1906 0.9817
vn -0.9956 0.0182 -0.0922
vn 0.1875 -0.1742 0.9667
vn -0.9976 0.0057 -0.0695
vn -0.2183 0.0562 0.9743
vn -0.9947 -0.0059 -0.1026
vn 0.2186 0.0801 0.9725
vn -0.9976 -0.0136 -0.0684
vn -0.2183 0.3227 0.9210
vn 0.2182 0.3452 0.9128
vn -0.9947 -0.0340 -0.0970
vn -0.1869 0.5522 0.8125
vn -0.0000 0.5733 0.8193
vn -0.0000 0.7074 0.7068
vn 0.1874 0.7042 0.6848
vn -0.2181 0.8392 0.4982
vn -0.3049 0.8163 0.4906
vn 0.4135 0.8545 0.3145
vn -0.5591 0.8020 0.2105
vn -0.9947 -0.0884 -0.0525
vn -0.9976 -0.0643 -0.0269
vn -0.9976 -0.0544 -0.0436
vn -0.9956 -0.0663 -0.0666
vn -0.9970 -0.0433 -0.0634
vn -0.9950 -0.0599 -0.0796
vn -0.9974 -0.0322 -0.0652
vn -0.9947 -0.0994 -0.0261
vn -0.9976 -0.0692 -0.0082
vn 0.5592 0.8255 0.0763
vn -0.8033 -0.5753 -0.1541
vn -0.5537 -0.8270 -0.0974
vn -0.7560 -0.6528 -0.0482
vn -0.0964 -0.9927 -0.0731
vn -0.1044 -0.9881 -0.1131
vn -0.1022 -0.9608 -0.2577
vn -0.4219 -0.8363 -0.3501
vn -0.8388 -0.4748 -0.2663
vn -0.4217 -0.7075 -0.5671
vn -0.0998 -0.9632 -0.2496
vn -0.8389 -0.3830 -0.3868
vn -0.5527 -0.5017 -0.6655
vn -0.8010 -0.2876 -0.5250
vn -0.6470 -0.3367 -0.6841
vn -0.1103 -0.9180 -0.3809
vn -0.0936 -0.8684 -0.4870
vn -0.0998 -0.8571 -0.5054
vn -0.1103 -0.7774 -0.6192
vn -0.0935 -0.7005 -0.7075
vn -0.0998 -0.6845 -0.7221
vn -0.1103 -0.5767 -0.8095
vn -0.0935 -0.4783 -0.8732
vn -0.0998 -0.4590 -0.8828
vn -0.1103 -0.3312 -0.9371
vn -0.0297 -0.9931 -0.1136
vn -0.0201 -0.9944 -0.1039
vn -0.0297 -0.9676 -0.2508
vn -0.0200 -0.9703 -0.2412
vn -0.0296 -0.9232 -0.3832
vn -0.0200 -0.9271 -0.3742
vn -0.0296 -0.8611 -0.5076
vn -0.0200 -0.8662 -0.4993
vn -0.0295 -0.7819 -0.6227
vn -0.0296 -0.6877 -0.7254
vn -0.0200 -0.7881 -0.6152
vn -0.0296 -0.5800 -0.8141
vn -0.0200 -0.6949 -0.7188
vn -0.0295 -0.4611 -0.8868
vn -0.0201 -0.4697 -0.8826
vn -0.0200 -0.5881 -0.8085
vn 0.5125 -0.6769 -0.5283
vn 0.5122 -0.6769 -0.5287
vn 0.5120 -0.7439 -0.4295
vn 0.5127 -0.7438 -0.4288
vn 0.5122 -0.7963 -0.3217
vn 0.5127 -0.7962 -0.3212
vn 0.5122 -0.8334 -0.2078
vn 0.5128 -0.8331 -0.2072
vn 0.5123 -0.8541 -0.0898
vn 0.5126 -0.8540 -0.0895
vn 0.5128 -0.5967 -0.6173
vn 0.5123 -0.5966 -0.6178
vn 0.5128 -0.5050 -0.6942
vn 0.5121 -0.5048 -0.6950
vn 0.5126 -0.4036 -0.7579
vn 0.5121 -0.4033 -0.7583
vn 0.5127 -0.2941 -0.8067
vn 0.5120 -0.2937 -0.8072
vn -0.0201 -0.3424 -0.9393
vn -0.0297 -0.3331 -0.9424
vn -0.0298 -0.1987 -0.9796
vn -0.0200 -0.2086 -0.9778
vn -0.0296 -0.0604 -0.9977
vn 0.5125 -0.1789 -0.8398
vn 0.5120 -0.1786 -0.8402
vn 0.5126 -0.0605 -0.8565
vn 0.5118 -0.0599 -0.8570
vn -0.0201 -0.0701 -0.9973
vn 0.5124 0.0596 -0.8567
vn 0.5121 0.0599 -0.8569
vn -0.0296 0.0789 -0.9964
vn 0.5125 0.1781 -0.8400
vn 0.5120 0.1786 -0.8402
vn -0.0200 0.0691 -0.9974
vn 0.5126 0.2932 -0.8070
vn 0.5121 0.2936 -0.8072
vn -0.0295 0.2169 -0.9757
vn -0.0202 0.2076 -0.9780
vn -0.0298 0.3505 -0.9361
vn -0.0200 0.3413 -0.9397
vn -0.0297 0.4774 -0.8782
vn -0.1103 0.2157 -0.9702
vn -0.0998 0.0786 -0.9919
vn -0.0935 0.0569 -0.9940
vn -0.1103 -0.0601 -0.9921
vn -0.0998 -0.1978 -0.9751
vn -0.0935 -0.2193 -0.9712
vn -0.7629 -0.1424 -0.6307
vn -0.6330 -0.1515 -0.7592
vn -0.7633 0.0369 -0.6450
vn -0.6330 0.0636 -0.7715
vn -0.0935 0.3289 -0.9397
vn -0.0998 0.3490 -0.9318
vn -0.1103 0.4747 -0.8732
vn -0.0296 0.5950 -0.8032
vn -0.0200 0.4688 -0.8831
vn -0.0201 0.5873 -0.8092
vn -0.0296 0.7010 -0.7125
vn -0.0202 0.6943 -0.7194
vn -0.0297 0.7934 -0.6080
vn -0.0998 0.6978 -0.7093
vn -0.1022 0.7036 -0.7032
vn -0.1044 0.5920 -0.7992
vn -0.0963 0.5594 -0.8233
vn -0.1103 0.7889 -0.6046
vn -0.0936 0.8560 -0.5084
vn -0.0998 0.8663 -0.4895
vn -0.1103 0.9249 -0.3637
vn -0.0935 0.9630 -0.2527
vn -0.0997 0.9676 -0.2318
vn -0.1103 0.9894 -0.0947
vn -0.0935 0.9954 0.0223
vn -0.0998 0.9940 0.0439
vn -0.0296 0.8702 -0.4918
vn -0.0200 0.7874 -0.6161
vn -0.0297 0.9302 -0.3658
vn -0.0200 0.8656 -0.5004
vn -0.0298 0.9720 -0.2329
vn -0.0201 0.9269 -0.3749
vn -0.0202 0.9699 -0.2425
vn -0.0297 0.9950 -0.0953
vn -0.0201 0.9943 -0.1050
vn -0.0297 0.9986 0.0441
vn -0.0201 0.9992 0.0343
vn 0.5126 0.8581 0.0297
vn 0.5120 0.8584 0.0302
vn 0.5121 0.8542 -0.0898
vn 0.5128 0.8538 -0.0903
vn 0.5123 0.8333 -0.2078
vn 0.5127 0.8330 -0.2081
vn 0.5121 0.7963 -0.3219
vn 0.5125 0.7960 -0.3221
vn 0.5119 0.7440 -0.4294
vn 0.5128 0.7432 -0.4298
vn 0.5123 0.6767 -0.5288
vn 0.5128 0.6762 -0.5290
vn 0.5123 0.5966 -0.6178
vn 0.5126 0.5962 -0.6179
vn 0.5121 0.5048 -0.6949
vn 0.5124 0.5044 -0.6950
vn 0.5120 0.4035 -0.7584
vn 0.5127 0.4027 -0.7583
vn -0.1103 -0.8973 0.4274
vn -0.0963 -0.9365 0.3372
vn -0.1044 -0.9486 0.2986
vn -0.1022 -0.9826 0.1554
vn -0.0998 -0.8300 0.5488
vn -0.0935 -0.8184 0.5670
vn -0.1103 -0.7448 0.6581
vn -0.0998 -0.6466 0.7563
vn -0.1022 -0.6528 0.7506
vn -0.1044 -0.5348 0.8385
vn -0.0963 -0.5007 0.8602
vn -0.1103 -0.4126 0.9042
vn -0.0998 -0.2832 0.9539
vn -0.1114 -0.3215 0.9403
vn -0.1112 -0.1473 0.9828
vn -0.0988 -0.0906 0.9910
vn -0.1103 -0.0092 0.9939
vn -0.0998 0.1292 0.9866
vn -0.1022 0.1210 0.9874
vn -0.1044 0.2653 0.9585
vn -0.0963 0.3042 0.9477
vn -0.1103 0.3958 0.9117
vn -0.0998 0.5195 0.8486
vn -0.0936 0.5381 0.8377
vn -0.1103 0.6318 0.7673
vn -0.0297 0.5219 0.8525
vn -0.0202 0.5303 0.8476
vn -0.0297 0.3980 0.9169
vn -0.0998 0.7332 0.6726
vn -0.1022 0.7273 0.6786
vn -0.1044 0.8193 0.5638
vn -0.0296 0.6354 0.7717
vn -0.0200 0.6430 0.7656
vn -0.0296 0.7366 0.6757
vn -0.0200 0.7433 0.6686
vn -0.0963 0.8421 0.5306
vn -0.1103 0.8892 0.4440
vn -0.0998 0.9435 0.3161
vn -0.0296 0.9827 0.1828
vn -0.0297 0.9478 0.3175
vn -0.0201 0.9847 0.1734
vn -0.0201 0.9511 0.3083
vn -0.0297 0.8943 0.4466
vn 0.5125 0.8457 0.1487
vn 0.5121 0.8459 0.1492
vn -0.0200 0.8989 0.4378
vn 0.5126 0.8168 0.2647
vn 0.5120 0.8170 0.2653
vn 0.5125 0.7719 0.3762
vn 0.5122 0.7719 0.3765
vn 0.5127 0.7121 0.4796
vn 0.5121 0.7121 0.4802
vn -0.0296 0.8235 0.5666
vn -0.0200 0.8292 0.5586
vn 0.5126 0.6385 0.5741
vn 0.5120 0.6384 0.5747
vn 0.5125 0.5523 0.6575
vn 0.5119 0.5521 0.6581
vn 0.5124 0.4555 0.7280
vn 0.5120 0.4553 0.7284
vn 0.5125 0.3496 0.7843
vn 0.5120 0.3493 0.7848
vn 0.5125 0.2372 0.8253
vn 0.5119 0.2368 0.8257
vn -0.0201 0.4071 0.9132
vn -0.0297 0.2666 0.9633
vn -0.0201 0.2761 0.9609
vn 0.5124 0.1200 0.8503
vn 0.5117 0.1195 0.8508
vn -0.0296 0.1298 0.9911
vn 0.5122 0.0004 0.8588
vn 0.5118 -0.0000 0.8591
vn -0.0201 0.1395 0.9900
vn -0.0297 -0.0092 0.9995
vn 0.5123 -0.1191 0.8505
vn 0.5118 -0.1195 0.8507
vn -0.0201 0.0005 0.9998
vn -0.0201 -0.1385 0.9902
vn -0.0297 -0.1482 0.9885
vn -0.0297 -0.2845 0.9582
vn -0.0201 -0.2751 0.9612
vn -0.0297 -0.4149 0.9094
vn 0.5123 -0.2365 0.8256
vn 0.5120 -0.2368 0.8257
vn -0.0202 -0.4061 0.9136
vn -0.0297 -0.5375 0.8427
vn -0.0201 -0.5294 0.8481
vn -0.0297 -0.6495 0.7598
vn -0.0297 -0.7490 0.6619
vn -0.0201 -0.6422 0.7663
vn -0.0297 -0.8338 0.5512
vn -0.0201 -0.7426 0.6694
vn -0.0202 -0.8286 0.5595
vn 0.5126 -0.7115 0.4806
vn 0.5119 -0.7122 0.4803
vn 0.5124 -0.7717 0.3768
vn 0.5120 -0.7720 0.3766
vn 0.5125 -0.8165 0.2658
vn 0.5121 -0.8169 0.2655
vn 0.5125 -0.6379 0.5748
vn 0.5121 -0.6383 0.5747
vn 0.5120 -0.5522 0.6580
vn 0.5126 -0.5515 0.6581
vn 0.5121 -0.4551 0.7284
vn 0.5125 -0.4547 0.7284
vn 0.5120 -0.3493 0.7848
vn 0.5125 -0.3488 0.7847
vn -0.0202 -0.8984 0.4387
vn -0.0297 -0.9024 0.4298
vn -0.0297 -0.9534 0.3001
vn -0.0202 -0.9507 0.3095
vn 0.5126 -0.8455 0.1496
vn 0.5120 -0.8460 0.1492
vn -0.0201 -0.9845 0.1741
vn -0.0297 -0.9859 0.1644
vn -0.0998 -0.9815 0.1636
vn -0.0297 -0.9992 0.0255
vn -0.0201 -0.9992 0.0353
vn 0.5125 -0.8582 0.0303
vn 0.5121 -0.8584 0.0299
vn -0.1103 -0.9936 0.0254
vn -0.6343 -0.7630 0.1248
vn -0.5976 -0.7919 0.1254
vn -0.7563 0.5535 0.3489
vn -0.5537 0.6844 0.4743
vn -0.8032 0.4357 0.4062
vn -0.4214 0.5742 0.7019
vn -0.7312 0.6618 -0.1657
vn 0.4703 0.8096 0.3512
vn -0.5580 0.7467 0.3620
vn 0.9797 -0.1610 0.1195
vn 0.6420 -0.7317 0.2292
vn 0.6239 -0.7489 0.2234
vn 0.7349 -0.6691 0.1105
vn 0.7712 -0.6363 0.0161
vn 0.7546 -0.6518 -0.0754
vn 0.6688 -0.7194 -0.1875
vn 0.4170 -0.8383 -0.3512
vn 0.3684 -0.8522 -0.3715
vn 0.6452 -0.6582 -0.3879
vn 0.7586 -0.5087 -0.4070
vn 0.7855 -0.4254 -0.4495
vn 0.7588 -0.3771 -0.5311
vn 0.6481 -0.3496 -0.6766
vn 0.3250 -0.3146 -0.8918
vn 0.5450 -0.3264 -0.7723
vn 0.7049 -0.1404 -0.6953
vn 0.7141 -0.0418 -0.6988
vn 0.6395 0.0636 -0.7662
vn 0.5875 0.0977 -0.8033
vn 0.6957 0.1567 -0.7010
vn 0.7446 0.2349 -0.6248
vn 0.7282 0.3277 -0.6019
vn 0.6287 0.4638 -0.6243
vn 0.4237 0.6144 -0.6656
vn 0.5289 0.5962 -0.6040
vn 0.7326 0.5411 -0.4128
vn 0.7972 0.5263 -0.2958
vn 0.8038 0.5539 -0.2169
vn 0.7601 0.6320 -0.1509
vn 0.6134 0.7863 -0.0745
vn 0.1762 0.9833 0.0452
vn 0.6156 0.7866 -0.0484
vn 0.7511 0.6489 0.1213
vn 0.7457 0.6315 0.2126
vn 0.6630 0.6693 0.3355
vn 0.4017 0.7528 0.5215
vn 0.5587 0.7051 0.4366
vn 0.7058 0.5216 0.4794
vn 0.7148 0.4439 0.5404
vn 0.6410 0.3986 0.6559
vn 0.5873 0.3926 0.7077
vn 0.6942 0.2863 0.6603
vn 0.7437 0.1780 0.6444
vn 0.7273 0.0883 0.6807
vn 0.6274 -0.0090 0.7787
vn 0.4779 -0.0824 0.8745
vn 0.6078 -0.1187 0.7852
vn 0.7456 -0.1909 0.6384
vn 0.7830 -0.2591 0.5655
vn 0.7645 -0.3477 0.5429
vn 0.6696 -0.4835 0.5637
vn 0.3792 -0.6944 0.6115
vn 0.5978 -0.5639 0.5698
vn 0.7221 -0.5771 0.3815
vn 0.7207 -0.6269 0.2960
vn 1.0000 -0.0004 -0.0000
vn -1.0000 0.0004 -0.0000
vn -1.0000 -0.0001 -0.0000
vn -1.0000 0.0001 -0.0000
vn -1.0000 -0.0000 -0.0000
vn -1.0000 -0.0002 -0.0000
vn 0.0116 -0.9824 0.1862
vn 0.0092 -0.9808 0.1950
vn 0.0116 -0.9497 0.3129
vn 0.0092 -0.9469 0.3214
vn -0.1469 -0.9702 0.1929
vn -0.2326 -0.9210 0.3126
vn -0.2524 -0.9133 0.3196
vn -0.8669 -0.4814 0.1290
vn -0.8271 -0.5305 0.1856
vn 0.4095 -0.8963 0.1700
vn 0.4907 -0.8276 0.2725
vn 0.8072 -0.5629 0.1777
vn 0.4712 -0.8402 0.2685
vn 0.8436 -0.5071 0.1765
vn 0.0116 -0.9972 -0.0744
vn 0.0092 -0.9978 -0.0655
vn 0.0116 -0.9983 0.0564
vn 0.0092 -0.9978 0.0653
vn -0.1469 -0.9870 -0.0647
vn -0.2324 -0.9705 0.0635
vn -0.2524 -0.9649 0.0723
vn -0.8669 -0.4984 -0.0000
vn -0.8271 -0.5605 0.0420
vn 0.4873 -0.8708 -0.0650
vn 0.4708 -0.8793 -0.0724
vn 0.4554 -0.8889 0.0502
vn 0.7631 -0.6441 -0.0527
vn 0.8401 -0.5416 0.0312
vn 0.7897 -0.6107 0.0587
vn 0.5101 -0.8564 0.0800
vn 0.0116 -0.9439 -0.3299
vn 0.0092 -0.9469 -0.3215
vn 0.0116 -0.9789 -0.2040
vn 0.0092 -0.9807 -0.1952
vn -0.1469 -0.9366 -0.3180
vn -0.2323 -0.9539 -0.1899
vn -0.2524 -0.9508 -0.1799
vn -0.8669 -0.4814 -0.1291
vn -0.8271 -0.5523 -0.1045
vn 0.4554 -0.8404 -0.2937
vn 0.5123 -0.8210 -0.2521
vn 0.4123 -0.8919 -0.1859
vn 0.7696 -0.6103 -0.1877
vn 0.8566 -0.5053 -0.1050
vn 0.0116 -0.1862 -0.9824
vn 0.0092 -0.1950 -0.9808
vn 0.0116 -0.3128 -0.9497
vn 0.0092 -0.3214 -0.9469
vn -0.2323 -0.1897 -0.9540
vn -0.1945 -0.1744 -0.9653
vn -0.1947 -0.3152 -0.9288
vn -0.2371 -0.3379 -0.9108
vn -0.8371 -0.0982 -0.5381
vn -0.8657 -0.1294 -0.4836
vn -0.8319 -0.1927 -0.5203
vn 0.4099 -0.1700 -0.8962
vn 0.4905 -0.2726 -0.8277
vn 0.8073 -0.1778 -0.5628
vn 0.4710 -0.2686 -0.8402
vn 0.8436 -0.1765 -0.5071
vn 0.0116 0.0744 -0.9972
vn 0.0092 0.0655 -0.9978
vn 0.0116 -0.0563 -0.9983
vn 0.0092 -0.0652 -0.9978
vn -0.2320 0.0637 -0.9706
vn -0.2526 0.0539 -0.9661
vn -0.1473 -0.0645 -0.9870
vn -0.8319 0.0309 -0.5540
vn -0.8645 -0.0000 -0.5027
vn 0.4874 0.0652 -0.8707
vn 0.4710 0.0725 -0.8792
vn 0.4556 -0.0502 -0.8888
vn 0.7632 0.0528 -0.6440
vn 0.8401 -0.0313 -0.5415
vn 0.7895 -0.0589 -0.6109
vn 0.5105 -0.0802 -0.8561
vn 0.0116 0.3299 -0.9439
vn 0.0092 0.3214 -0.9469
vn 0.0116 0.2040 -0.9789
vn 0.0092 0.1952 -0.9807
vn -0.2326 0.3126 -0.9210
vn -0.2520 0.3026 -0.9192
vn -0.1466 0.1931 -0.9702
vn -0.8318 0.1736 -0.5273
vn -0.8646 0.1300 -0.4854
vn 0.4557 0.2938 -0.8402
vn 0.5124 0.2523 -0.8209
vn 0.4121 0.1858 -0.8920
vn 0.7696 0.1878 -0.6103
vn 0.8567 0.1049 -0.5051
vn 0.0116 0.7577 -0.6525
vn 0.0092 0.7519 -0.6592
vn 0.0116 0.6660 -0.7458
vn 0.0092 0.6593 -0.7518
vn -0.1948 0.7375 -0.6466
vn -0.2369 0.7124 -0.6606
vn -0.1469 0.6522 -0.7437
vn -0.8427 0.3954 -0.3654
vn -0.8645 0.3554 -0.3554
vn 0.4873 0.6617 -0.5698
vn 0.4706 0.6730 -0.5706
vn 0.4553 0.5931 -0.6641
vn 0.8326 0.4222 -0.3584
vn 0.8241 0.4297 -0.3691
vn 0.7588 0.4146 -0.5023
vn 0.5099 0.5491 -0.6622
vn 0.0116 0.9008 -0.4342
vn 0.0092 0.8969 -0.4422
vn 0.0116 0.8364 -0.5480
vn 0.0092 0.8315 -0.5555
vn -0.1471 0.8871 -0.4374
vn -0.2327 0.8087 -0.5403
vn -0.1945 0.8251 -0.5304
vn -0.8669 0.4317 -0.2492
vn -0.8429 0.4524 -0.2912
vn 0.4556 0.8019 -0.3865
vn 0.5125 0.7587 -0.4022
vn 0.4124 0.7620 -0.4993
vn 0.7938 0.5375 -0.2846
vn 0.8138 0.5175 -0.2646
vn 0.0116 0.8264 0.5630
vn 0.0092 0.8314 0.5556
vn 0.0116 0.8928 0.4503
vn 0.0092 0.8968 0.4423
vn -0.2323 0.8087 0.5404
vn -0.2524 0.8096 0.5300
vn -0.1471 0.8871 0.4375
vn -0.8318 0.4644 0.3040
vn -0.8645 0.4353 0.2513
vn 0.4095 0.7540 0.5137
vn 0.4909 0.7779 0.3924
vn 0.8071 0.5238 0.2725
vn 0.4708 0.7841 0.4044
vn 0.8437 0.4833 0.2338
vn 0.0116 0.1864 0.9824
vn 0.0092 0.1952 0.9807
vn 0.0116 0.3127 0.9498
vn 0.0092 0.3212 0.9470
vn -0.2328 0.1899 0.9538
vn -0.2523 0.1977 0.9472
vn -0.1471 0.3177 0.9367
vn -0.8319 0.1134 0.5433
vn -0.8644 0.1300 0.4856
vn 0.4098 0.1702 0.8961
vn 0.4906 0.2724 0.8277
vn 0.8070 0.1778 0.5631
vn 0.4710 0.2684 0.8403
vn 0.8436 0.1765 0.5071
vn 0.0116 -0.5630 0.8264
vn 0.0092 -0.5556 0.8314
vn 0.0116 -0.4505 0.8927
vn 0.0092 -0.4425 0.8967
vn -0.1945 -0.5450 0.8156
vn -0.2368 -0.5170 0.8226
vn -0.1470 -0.4377 0.8870
vn -0.8428 -0.2871 0.4552
vn -0.8645 -0.2514 0.4353
vn 0.4095 -0.5137 0.7539
vn 0.4909 -0.3924 0.7779
vn 0.8071 -0.2724 0.5238
vn 0.4711 -0.4043 0.7840
vn 0.8435 -0.2339 0.4835
vn -0.9994 -0.0151 0.0296
vn -0.9994 -0.0175 0.0304
vn -0.9994 -0.0092 0.0344
vn -0.9995 -0.0051 0.0324
vn -0.9994 -0.0000 0.0359
vn -0.9995 0.0051 0.0324
vn -0.9994 0.0092 0.0344
vn -0.9994 0.0151 0.0296
vn -0.9994 0.0175 0.0304
vn -0.9994 0.0241 0.0241
vn -0.9994 0.0304 0.0175
vn -0.9994 0.0296 0.0151
vn -0.9994 0.0344 0.0092
vn -0.9995 0.0324 0.0051
vn -0.9994 0.0358 -0.0000
vn -0.9995 0.0324 -0.0051
vn -0.9994 0.0344 -0.0092
vn -0.9994 0.0296 -0.0151
vn -0.9994 0.0304 -0.0175
vn -0.9994 0.0241 -0.0241
vn -0.9994 0.0175 -0.0304
vn -0.9994 0.0151 -0.0296
vn -0.9994 0.0092 -0.0344
vn -0.9995 0.0051 -0.0324
vn -0.9994 -0.0000 -0.0359
vn -0.9995 -0.0051 -0.0324
vn -0.9994 -0.0092 -0.0344
vn -0.9994 -0.0151 -0.0296
vn -0.9994 -0.0175 -0.0304
vn -0.9994 -0.0241 -0.0241
vn -0.9994 -0.0304 -0.0175
vn -0.9994 -0.0296 -0.0151
vn -0.9994 -0.0344 -0.0092
vn -0.9995 -0.0324 -0.0051
vn -0.9994 -0.0358 -0.0000
vn -0.9995 -0.0324 0.0051
vn -0.9994 -0.0344 0.0092
vn -0.9994 -0.0296 0.0151
vn -0.9994 -0.0304 0.0175
vn -0.9994 -0.0241 0.0241
vn -0.7153 0.4942 0.4942
vn -0.7153 0.3172 0.6226
vn -0.7145 0.3175 0.6235
vn -0.7144 0.1094 0.6911
vn -0.7151 0.1093 0.6904
vn -0.7151 -0.1093 0.6904
vn -0.7144 -0.1095 0.6911
vn -0.7145 -0.3178 0.6233
vn -0.7154 -0.3172 0.6225
vn -0.7154 -0.4941 0.4941
vn -0.7148 -0.4946 0.4944
vn -0.7150 -0.6230 0.3174
vn -0.7152 -0.6228 0.3173
vn -0.7151 -0.6904 0.1093
vn -0.7151 -0.6904 -0.1094
vn -0.7152 -0.6227 -0.3173
vn -0.7152 -0.6228 -0.3174
vn -0.7152 -0.4942 -0.4942
vn -0.7148 -0.4944 -0.4945
vn -0.7148 -0.3174 -0.6232
vn -0.7150 -0.3173 -0.6229
vn -0.7151 -0.1093 -0.6904
vn -0.7152 -0.1093 -0.6904
vn -0.7151 0.1094 -0.6904
vn -0.7151 0.3174 -0.6228
vn -0.7147 0.3176 -0.6231
vn -0.7148 0.4946 -0.4945
vn -0.7147 0.4946 -0.4945
vn -0.7148 0.6231 -0.3174
vn -0.7152 0.6228 -0.3173
vn -0.7151 0.6904 -0.1093
vn -0.7150 0.6905 -0.1093
vn -0.7150 0.6905 0.1094
vn -0.7151 0.6905 0.1094
vn -0.7152 0.6227 0.3174
vn -0.7152 0.6228 0.3174
vn -0.7152 0.4942 0.4942
vn 0.0116 -0.7578 0.6524
vn 0.0092 -0.7519 0.6592
vn 0.0116 -0.6660 0.7458
vn 0.0092 -0.6593 0.7518
vn -0.1469 -0.7438 0.6521
vn -0.2327 -0.6412 0.7312
vn -0.1943 -0.6598 0.7259
vn -0.8670 -0.3524 0.3524
vn -0.8430 -0.3615 0.3983
vn 0.4869 -0.6619 0.5699
vn 0.4705 -0.6731 0.5706
vn 0.4552 -0.5931 0.6641
vn 0.7631 -0.4927 0.4181
vn 0.8401 -0.3608 0.4050
vn 0.7898 -0.3903 0.4732
vn 0.5099 -0.5491 0.6622
vn 0.0116 -0.9008 0.4341
vn 0.0092 -0.8969 0.4421
vn 0.0116 -0.8364 0.5480
vn 0.0092 -0.8315 0.5555
vn -0.1470 -0.8872 0.4373
vn -0.2327 -0.8087 0.5403
vn -0.2524 -0.7995 0.5450
vn -0.8669 -0.4317 0.2492
vn -0.8271 -0.4644 0.3165
vn 0.4557 -0.8018 0.3866
vn 0.5124 -0.7587 0.4022
vn 0.4122 -0.7620 0.4994
vn 0.7694 -0.5645 0.2990
vn 0.8565 -0.4316 0.2831
vn 0.0116 -0.8264 -0.5630
vn 0.0092 -0.8314 -0.5556
vn 0.0116 -0.8928 -0.4503
vn 0.0092 -0.8968 -0.4423
vn -0.2324 -0.8087 -0.5404
vn -0.1943 -0.8058 -0.5593
vn -0.1946 -0.8797 -0.4339
vn -0.2370 -0.8830 -0.4052
vn -0.8369 -0.4502 -0.3113
vn -0.8657 -0.4336 -0.2503
vn -0.8320 -0.5041 -0.2316
vn 0.4095 -0.7540 -0.5137
vn 0.4909 -0.7779 -0.3924
vn 0.8071 -0.5237 -0.2725
vn 0.4708 -0.7841 -0.4044
vn 0.8437 -0.4833 -0.2338
vn 0.0116 -0.6525 -0.7577
vn 0.0092 -0.6593 -0.7518
vn 0.0116 -0.7458 -0.6661
vn 0.0092 -0.7517 -0.6594
vn -0.1946 -0.6467 -0.7375
vn -0.2368 -0.6607 -0.7123
vn -0.1470 -0.7436 -0.6523
vn -0.8427 -0.3654 -0.3953
vn -0.8645 -0.3554 -0.3555
vn 0.4873 -0.5698 -0.6618
vn 0.4710 -0.5705 -0.6728
vn 0.4556 -0.6640 -0.5929
vn 0.7631 -0.4182 -0.4927
vn 0.8401 -0.4050 -0.3609
vn 0.7896 -0.4734 -0.3904
vn 0.5100 -0.6621 -0.5491
vn 0.0116 -0.4342 -0.9007
vn 0.0092 -0.4423 -0.8968
vn 0.0116 -0.5480 -0.8364
vn 0.0092 -0.5555 -0.8315
vn -0.1470 -0.4375 -0.8871
vn -0.2326 -0.5403 -0.8087
vn -0.1943 -0.5304 -0.8252
vn -0.8669 -0.2492 -0.4318
vn -0.8429 -0.2912 -0.4524
vn 0.4557 -0.3864 -0.8019
vn 0.5126 -0.4021 -0.7587
vn 0.4123 -0.4993 -0.7620
vn 0.7695 -0.2989 -0.5644
vn 0.8565 -0.2830 -0.4316
vn 0.0116 0.5631 -0.8263
vn 0.0092 0.5557 -0.8313
vn 0.0116 0.4503 -0.8928
vn 0.0092 0.4423 -0.8968
vn -0.2322 0.5406 -0.8086
vn -0.2524 0.5300 -0.8096
vn -0.1472 0.4375 -0.8871
vn -0.8318 0.3040 -0.4644
vn -0.8645 0.2514 -0.4353
vn 0.4914 0.3921 -0.7777
vn 0.4712 0.4042 -0.7840
vn 0.7895 0.2830 -0.5447
vn 0.4096 0.5138 -0.7538
vn 0.8408 0.3124 -0.4421
vn 0.8355 0.2283 -0.4998
vn 0.0116 0.9824 -0.1862
vn 0.0092 0.9808 -0.1950
vn 0.0116 0.9497 -0.3128
vn 0.0092 0.9469 -0.3214
vn -0.2323 0.9540 -0.1896
vn -0.1945 0.9653 -0.1744
vn -0.1948 0.9288 -0.3152
vn -0.2371 0.9109 -0.3378
vn -0.8370 0.5384 -0.0983
vn -0.8656 0.4836 -0.1296
vn -0.8320 0.5203 -0.1927
vn 0.4095 0.8963 -0.1699
vn 0.4907 0.8276 -0.2725
vn 0.7913 0.5830 -0.1843
vn 0.4710 0.8403 -0.2685
vn 0.8140 0.5505 -0.1853
vn 0.0116 0.9972 0.0744
vn 0.0092 0.9978 0.0655
vn 0.0116 0.9983 -0.0564
vn 0.0092 0.9978 -0.0653
vn -0.2323 0.9706 0.0637
vn -0.2523 0.9661 0.0542
vn -0.1470 0.9870 -0.0646
vn -0.8318 0.5541 0.0311
vn -0.8645 0.5026 -0.0000
vn 0.4874 0.8708 0.0649
vn 0.4708 0.8793 0.0724
vn 0.4554 0.8889 -0.0502
vn 0.7631 0.6441 0.0527
vn 0.8448 0.5339 -0.0371
vn 0.8106 0.5828 -0.0562
vn 0.5101 0.8564 -0.0800
vn 0.0116 0.9439 0.3299
vn 0.0092 0.9469 0.3215
vn 0.0116 0.9789 0.2040
vn 0.0092 0.9807 0.1952
vn -0.2323 0.9210 0.3127
vn -0.2524 0.9192 0.3024
vn -0.1471 0.9701 0.1931
vn -0.8319 0.5272 0.1734
vn -0.8645 0.4855 0.1302
vn 0.4554 0.8404 0.2937
vn 0.5123 0.8210 0.2521
vn 0.4123 0.8919 0.1859
vn 0.7696 0.6103 0.1877
vn 0.8566 0.5052 0.1050
vn 0.0116 0.6525 0.7577
vn 0.0092 0.6593 0.7519
vn 0.0116 0.7458 0.6661
vn 0.0092 0.7517 0.6594
vn -0.2320 0.6413 0.7314
vn -0.2524 0.6450 0.7213
vn -0.1472 0.7436 0.6523
vn -0.8318 0.3700 0.4137
vn -0.8644 0.3555 0.3556
vn 0.4872 0.5698 0.6618
vn 0.4710 0.5705 0.6728
vn 0.4556 0.6640 0.5929
vn 0.7632 0.4181 0.4926
vn 0.8401 0.4050 0.3609
vn 0.7897 0.4733 0.3904
vn 0.5100 0.6621 0.5491
vn 0.0116 0.4344 0.9007
vn 0.0092 0.4425 0.8967
vn 0.0116 0.5479 0.8364
vn 0.0092 0.5554 0.8315
vn -0.2325 0.4304 0.8722
vn -0.2522 0.4363 0.8638
vn -0.1469 0.5494 0.8226
vn -0.8318 0.2502 0.4955
vn -0.8644 0.2513 0.4354
vn 0.4557 0.3864 0.8019
vn 0.5127 0.4021 0.7586
vn 0.4123 0.4994 0.7620
vn 0.7697 0.2988 0.5642
vn 0.8567 0.2829 0.4314
vn 0.0116 -0.0744 0.9972
vn 0.0092 -0.0655 0.9978
vn 0.0116 0.0563 0.9983
vn 0.0092 0.0652 0.9978
vn -0.2324 -0.0637 0.9705
vn -0.2526 -0.0541 0.9661
vn -0.1474 0.0645 0.9870
vn -0.8318 -0.0310 0.5541
vn -0.8645 -0.0000 0.5027
vn 0.4873 -0.0652 0.8708
vn 0.4710 -0.0725 0.8791
vn 0.4556 0.0502 0.8888
vn 0.7634 -0.0528 0.6437
vn 0.8403 0.0312 0.5412
vn 0.7895 0.0588 0.6109
vn 0.5104 0.0802 0.8562
vn 0.0116 -0.3299 0.9440
vn 0.0092 -0.3214 0.9469
vn 0.0116 -0.2040 0.9789
vn 0.0092 -0.1952 0.9807
vn -0.2325 -0.3126 0.9210
vn -0.2523 -0.3024 0.9192
vn -0.1471 -0.1931 0.9701
vn -0.8318 -0.1735 0.5273
vn -0.8645 -0.1301 0.4855
vn 0.4556 -0.2936 0.8404
vn 0.5122 -0.2521 0.8210
vn 0.4123 -0.1860 0.8919
vn 0.7693 -0.1878 0.6106
vn 0.8565 -0.1050 0.5053
vn 0.9848 -0.0668 -0.1601
vn 0.9844 -0.0686 -0.1618
vn 0.8764 -0.2541 -0.4091
vn 0.8434 -0.3365 -0.4189
vn 0.9866 -0.1012 -0.1278
vn 0.9833 -0.1245 -0.1325
vn 0.9879 -0.1208 -0.0973
vn 0.9847 -0.1609 -0.0668
vn 0.9840 -0.1650 -0.0668
vn 0.8337 -0.5482 -0.0664
vn 0.9869 -0.1604 -0.0198
vn 0.9835 -0.1808 -0.0062
vn 0.8811 -0.4051 -0.2442
vn 0.8457 -0.4154 -0.3349
vn 0.8675 -0.3748 -0.3272
vn 0.8678 -0.3280 -0.3732
vn 0.8696 -0.4929 -0.0288
vn 0.8364 -0.2061 -0.5078
vn 0.8790 -0.1150 -0.4628
vn 0.8435 -0.0561 -0.5342
vn 0.9879 -0.0159 -0.1542
vn 0.8570 -0.0420 -0.5136
vn 0.8310 -0.2119 -0.5143
vn 0.9835 0.0057 -0.1810
vn 0.9863 0.0171 -0.1638
vn 0.8731 0.1111 -0.4748
vn 0.8568 0.0405 -0.5140
vn 0.8407 0.0570 -0.5386
vn 0.8296 0.2021 -0.5205
vn 0.8167 0.1997 -0.5413
vn 0.8167 0.3195 -0.4805
vn 0.8224 0.3115 -0.4761
vn 0.9884 0.0844 -0.1262
vn 0.9838 0.1305 -0.1226
vn 0.9855 0.1272 -0.1120
vn 0.9870 0.1390 -0.0811
vn 0.9834 0.1649 -0.0752
vn 0.8240 0.4242 -0.3755
vn 0.8241 0.4892 -0.2857
vn 0.8076 0.5048 -0.3048
vn 0.8537 0.4811 -0.1994
vn 0.8024 0.5753 -0.1590
vn 0.9880 0.1488 -0.0412
vn 0.8281 0.5449 -0.1318
vn 0.8277 0.5603 -0.0323
vn 0.9847 0.1738 -0.0115
vn 0.9833 0.1818 -0.0082
vn 0.8411 0.3987 -0.3656
vn 0.8693 0.3215 -0.3753
vn 0.7950 0.6044 -0.0520
vn 0.8482 0.5277 0.0460
vn 0.7729 0.6168 0.1491
vn 0.7811 0.6077 0.1438
vn 0.9889 0.1445 0.0354
vn 0.8537 0.4810 0.1994
vn 0.9805 0.1791 0.0815
vn 0.9877 0.1321 0.0837
vn 0.9841 0.1201 0.1309
vn 0.9867 0.1028 0.1261
vn 0.8017 0.3863 0.4562
vn 0.8576 0.2679 0.4390
vn 0.8076 0.5048 0.3049
vn 0.7590 0.5452 0.3560
vn 0.7975 0.3882 0.4618
vn 0.8381 0.4159 0.3531
vn 0.9844 0.0685 0.1618
vn 0.7877 0.2407 0.5671
vn 0.8483 0.1221 0.5152
vn 0.7791 0.0468 0.6251
vn 0.7853 0.0487 0.6172
vn 0.9823 -0.0085 0.1870
vn 0.8475 -0.0394 0.5293
vn 0.7964 -0.1261 0.5915
vn 0.8158 -0.1335 0.5627
vn 0.8152 -0.2267 0.5330
vn 0.8576 -0.2680 0.4390
vn 0.8097 -0.2333 0.5385
vn 0.8095 -0.3719 0.4543
vn 0.9877 -0.0978 0.1223
vn 0.9820 -0.1473 0.1181
vn 0.9814 -0.1492 0.1212
vn 0.9886 -0.1366 0.0633
vn 0.8229 -0.5240 0.2195
vn 0.8794 -0.4638 0.1074
vn 0.8443 -0.5333 0.0529
vn 0.9857 -0.1681 0.0092
vn 0.8559 -0.4477 0.2590
vn 0.7971 -0.4682 0.3814
vn 0.8170 -0.4385 0.3745
vn 0.8197 -0.3685 0.4384
vn 0.8058 -0.5495 0.2208
vn 0.8699 -0.4925 0.0254
vn 0.9690 0.2468 -0.0135
vn 0.9837 0.1798 0.0096
vn 0.9713 0.2332 0.0474
vn 0.9858 0.1556 0.0628
vn 0.9737 0.2047 0.1001
vn 0.9689 0.1846 0.1645
vn 0.9847 0.1193 0.1273
vn 0.9713 0.1314 0.1984
vn 0.9858 0.0656 0.1544
vn 0.9737 0.0740 0.2156
vn 0.9689 0.0142 0.2470
vn 0.9847 -0.0057 0.1743
vn 0.9713 -0.0474 0.2330
vn 0.9844 0.0661 -0.1633
vn 0.9824 0.0661 -0.1746
vn 0.9858 -0.0627 0.1555
vn 0.9737 -0.1002 0.2047
vn 0.9689 -0.1645 0.1846
vn 0.9847 -0.1272 0.1192
vn 0.9713 -0.1984 0.1313
vn 0.9850 -0.1576 0.0703
vn 0.9724 -0.2208 0.0758
vn 0.9826 -0.1855 0.0097
vn 0.9835 -0.1805 0.0104
vn 0.9611 -0.2705 -0.0553
vn 0.9863 -0.1505 -0.0675
vn 0.9812 -0.1732 -0.0850
vn 0.9669 -0.1904 -0.1696
vn 0.9837 -0.1203 -0.1336
vn 0.9713 -0.1313 -0.1984
vn 0.9858 -0.0657 -0.1545
vn 0.9737 -0.0740 -0.2156
vn 0.9883 0.0122 0.1521
vn 0.9689 -0.0143 -0.2470
vn 0.9865 0.0087 -0.1633
vn 0.9712 0.0475 -0.2337
vn 0.9876 -0.0321 0.1535
vn 0.9850 -0.0710 0.1571
vn 0.9830 -0.0805 0.1649
vn 0.9839 0.0762 -0.1618
vn 0.9845 0.0740 -0.1590
vn 0.9678 0.1454 -0.2054
vn 0.9816 0.1442 -0.1248
vn 0.9877 0.1229 -0.0968
vn 0.9641 0.2369 -0.1203
vn 0.9265 0.2778 0.2540
vn 0.9974 -0.0716 0.0120
vn 0.9850 -0.0968 -0.1429
vn 0.8412 -0.4983 -0.2101
vn 0.8373 -0.5046 -0.2104
vn 0.8730 -0.4741 -0.1145
vn 0.8017 0.2278 0.5526
vn 0.9846 0.0679 0.1611
s 0
f 1//1 2//1 3//1
f 7//2 8//2 6//2
f 3//3 2//3 9//3
f 9//4 10//4 11//4
f 10//5 12//5 11//5
f 13//6 8//6 7//6
f 18//7 19//7 20//7
f 23//8 18//8 20//8
f 22//9 25//9 26//9
f 30//10 29//10 27//10
f 31//11 32//11 33//11
f 34//12 29//12 30//12
f 26//13 34//13 30//13
f 32//14 35//14 33//14
f 25//15 34//15 26//15
f 33//16 35//16 24//16
f 1//17 3//17 4//17
f 4//18 3//18 6//18
f 5//19 4//19 6//19
f 6//20 3//20 7//20
f 9//21 7//21 3//21
f 11//22 7//22 9//22
f 13//23 7//23 11//23
f 12//24 13//24 11//24
f 14//25 15//25 17//25
f 15//26 16//26 17//26
f 21//27 20//27 19//27
f 27//28 21//28 19//28
f 22//29 20//29 21//29
f 27//30 19//30 28//30
f 23//31 20//31 22//31
f 30//32 27//32 28//32
f 30//33 28//33 31//33
f 24//34 23//34 22//34
f 26//35 24//35 22//35
f 30//36 31//36 33//36
f 26//37 30//37 33//37
f 24//38 26//38 33//38
f 48//39 37//39 44//39
f 44//40 37//40 36//40
f 36//41 37//41 38//41
f 36//42 38//42 39//42
f 36//43 39//43 42//43
f 39//44 40//44 42//44
f 42//45 40//45 41//45
f 42//46 41//46 44//46
f 44//47 41//47 45//47
f 36//48 42//48 44//48
f 47//49 48//49 44//49
f 45//50 47//50 44//50
f 45//51 41//51 46//51
f 46//52 41//52 43//52
f 46//53 49//53 50//53
f 46//54 43//54 49//54
f 51//55 52//55 53//55
f 46//56 50//56 51//56
f 46//57 51//57 53//57
f 46//58 54//58 47//58
f 45//59 46//59 47//59
f 46//60 53//60 54//60
f 63//61 55//61 66//61
f 55//62 56//62 66//62
f 56//63 69//63 66//63
f 57//64 68//64 55//64
f 55//65 64//65 57//65
f 62//66 61//66 63//66
f 60//67 58//67 59//67
f 64//68 61//68 60//68
f 63//69 61//69 64//69
f 64//70 60//70 59//70
f 63//71 64//71 55//71
f 66//72 65//72 63//72
f 56//73 67//73 69//73
f 55//74 68//74 56//74
f 40//75 43//75 41//75
f 72//76 73//76 74//76
f 165//77 79//77 80//77
f 82//78 84//78 83//78
f 85//79 82//79 83//79
f 85//80 83//80 86//80
f 87//81 86//81 83//81
f 88//82 86//82 87//82
f 90//83 89//83 87//83
f 91//84 89//84 92//84
f 93//85 89//85 91//85
f 94//86 89//86 93//86
f 89//87 94//87 87//87
f 87//88 94//88 88//88
f 95//89 91//89 92//89
f 96//90 95//90 92//90
f 96//91 92//91 97//91
f 98//92 96//92 97//92
f 98//93 97//93 99//93
f 100//94 101//94 102//94
f 101//95 103//95 102//95
f 106//96 181//96 105//96
f 107//97 106//97 105//97
f 108//98 106//98 107//98
f 109//99 108//99 107//99
f 107//100 110//100 109//100
f 111//101 109//101 110//101
f 112//102 113//102 114//102
f 115//103 112//103 114//103
f 112//104 116//104 113//104
f 116//105 117//105 113//105
f 118//106 117//106 116//106
f 119//107 117//107 118//107
f 117//108 119//108 70//108
f 122//109 120//109 121//109
f 120//110 122//110 123//110
f 121//111 120//111 70//111
f 119//112 121//112 70//112
f 124//113 122//113 71//113
f 125//114 122//114 124//114
f 123//115 122//115 125//115
f 115//116 114//116 126//116
f 127//117 115//117 126//117
f 128//118 127//118 126//118
f 73//119 127//119 128//119
f 74//120 73//120 128//120
f 130//121 131//121 129//121
f 130//122 132//122 131//122
f 132//123 133//123 131//123
f 133//124 132//124 134//124
f 132//125 135//125 134//125
f 136//126 134//126 135//126
f 137//127 136//127 135//127
f 138//128 136//128 137//128
f 136//129 138//129 75//129
f 141//130 139//130 140//130
f 139//131 141//131 142//131
f 140//132 139//132 75//132
f 138//133 140//133 75//133
f 142//134 141//134 76//134
f 143//135 130//135 129//135
f 144//136 143//136 129//136
f 145//137 143//137 144//137
f 145//138 144//138 146//138
f 147//139 145//139 146//139
f 149//140 150//140 148//140
f 150//141 151//141 148//141
f 150//142 152//142 151//142
f 150//143 153//143 152//143
f 152//144 153//144 154//144
f 153//145 155//145 154//145
f 156//146 154//146 155//146
f 157//147 156//147 155//147
f 156//148 157//148 77//148
f 77//149 159//149 158//149
f 160//150 158//150 159//150
f 158//151 160//151 161//151
f 157//152 159//152 77//152
f 160//153 78//153 162//153
f 161//154 160//154 162//154
f 163//155 149//155 148//155
f 79//156 149//156 163//156
f 163//157 80//157 79//157
f 163//158 164//158 80//158
f 84//159 82//159 81//159
f 166//160 98//160 99//160
f 103//161 166//161 99//161
f 101//162 166//162 103//162
f 168//163 167//163 104//163
f 169//164 104//164 167//164
f 169//165 167//165 171//165
f 169//166 171//166 170//166
f 172//167 170//167 171//167
f 173//168 170//168 172//168
f 175//169 174//169 172//169
f 174//170 176//170 177//170
f 178//171 174//171 177//171
f 173//172 174//172 178//172
f 174//173 173//173 172//173
f 179//174 177//174 176//174
f 179//175 176//175 180//175
f 181//176 179//176 180//176
f 181//177 180//177 105//177
f 183//178 184//178 182//178
f 184//179 185//179 182//179
f 186//180 187//180 188//180
f 188//181 189//181 186//181
f 190//182 189//182 188//182
f 190//183 188//183 191//183
f 192//184 190//184 191//184
f 192//185 191//185 193//185
f 192//186 193//186 194//186
f 196//187 197//187 195//187
f 197//188 198//188 195//188
f 197//189 199//189 198//189
f 199//190 200//190 198//190
f 201//191 203//191 202//191
f 203//192 204//192 202//192
f 206//193 208//193 205//193
f 208//194 207//194 205//194
f 213//195 211//195 214//195
f 211//196 212//196 214//196
f 122//197 213//197 71//197
f 213//198 214//198 71//198
f 213//199 215//199 211//199
f 216//200 215//200 213//200
f 566//201 216//201 213//201
f 211//202 217//202 212//202
f 212//203 223//203 224//203
f 211//204 218//204 217//204
f 219//205 218//205 211//205
f 215//206 219//206 211//206
f 216//207 222//207 219//207
f 220//208 222//208 216//208
f 218//209 219//209 217//209
f 219//209 222//209 217//209
f 221//209 222//209 220//209
f 223//209 222//209 640//209
f 217//209 222//209 223//209
f 212//210 217//210 223//210
f 212//211 224//211 225//211
f 226//212 214//212 212//212
f 226//213 212//213 225//213
f 228//214 227//214 226//214
f 227//215 214//215 226//215
f 214//216 227//216 71//216
f 71//217 227//217 228//217
f 124//218 71//218 228//218
f 124//219 228//219 123//219
f 228//220 229//220 123//220
f 229//221 120//221 123//221
f 229//222 231//222 120//222
f 70//223 120//223 231//223
f 232//224 70//224 231//224
f 233//225 70//225 232//225
f 231//226 229//226 234//226
f 229//227 230//227 234//227
f 231//228 234//228 232//228
f 232//229 234//229 210//229
f 233//230 232//230 235//230
f 236//231 233//231 235//231
f 235//232 111//232 236//232
f 235//233 232//233 210//233
f 210//234 209//234 235//234
f 235//235 209//235 109//235
f 111//236 235//236 109//236
f 110//237 236//237 111//237
f 238//238 237//238 70//238
f 70//239 237//239 117//239
f 117//240 237//240 113//240
f 237//241 239//241 113//241
f 113//242 239//242 114//242
f 239//243 240//243 114//243
f 114//244 240//244 126//244
f 241//245 138//245 242//245
f 138//246 243//246 242//246
f 243//247 138//247 244//247
f 138//248 137//248 244//248
f 137//249 245//249 244//249
f 246//250 247//250 155//250
f 248//251 247//251 246//251
f 249//252 155//252 247//252
f 155//253 249//253 250//253
f 251//254 157//254 250//254
f 157//255 251//255 252//255
f 253//256 157//256 252//256
f 157//257 253//257 159//257
f 253//258 254//258 159//258
f 159//259 254//259 160//259
f 254//260 255//260 160//260
f 255//261 256//261 160//261
f 257//262 261//262 256//262
f 160//263 256//263 78//263
f 261//264 259//264 258//264
f 256//265 260//265 78//265
f 256//266 261//266 260//266
f 261//267 262//267 260//267
f 261//268 258//268 263//268
f 263//269 264//269 261//269
f 264//270 265//270 261//270
f 261//271 908//271 262//271
f 908//272 266//272 262//272
f 263//273 258//273 267//273
f 258//274 268//274 267//274
f 268//275 258//275 269//275
f 268//276 269//276 270//276
f 269//277 258//277 271//277
f 271//278 258//278 272//278
f 258//279 259//279 272//279
f 272//280 259//280 273//280
f 273//281 259//281 274//281
f 274//282 259//282 275//282
f 259//283 276//283 275//283
f 276//284 259//284 257//284
f 277//285 276//285 257//285
f 277//286 278//286 276//286
f 278//287 279//287 276//287
f 278//288 280//288 279//288
f 280//289 281//289 279//289
f 279//290 281//290 282//290
f 282//291 283//291 279//291
f 282//292 284//292 283//292
f 275//293 279//293 285//293
f 276//294 279//294 275//294
f 285//295 279//295 286//295
f 286//296 279//296 287//296
f 279//297 283//297 287//297
f 287//298 283//298 288//298
f 289//299 283//299 284//299
f 283//300 289//300 290//300
f 290//301 291//301 283//301
f 292//302 88//302 293//302
f 88//303 294//303 293//303
f 294//304 88//304 295//304
f 295//305 88//305 296//305
f 296//306 93//306 295//306
f 93//307 297//307 295//307
f 177//308 298//308 178//308
f 300//309 328//309 299//309
f 312//310 303//310 302//310
f 300//311 304//311 302//311
f 306//312 305//312 303//312
f 306//313 303//313 312//313
f 302//314 304//314 312//314
f 300//315 307//315 304//315
f 307//316 300//316 301//316
f 301//317 300//317 308//317
f 300//318 299//318 308//318
f 301//319 308//319 309//319
f 309//320 311//320 312//320
f 313//321 312//321 311//321
f 312//322 314//322 310//322
f 310//323 309//323 312//323
f 301//324 309//324 310//324
f 310//325 315//325 301//325
f 315//326 316//326 301//326
f 316//327 317//327 301//327
f 318//328 315//328 310//328
f 319//329 318//329 310//329
f 314//330 319//330 310//330
f 304//331 319//331 314//331
f 320//332 319//332 304//332
f 321//333 320//333 304//333
f 307//334 321//334 304//334
f 301//335 321//335 307//335
f 322//336 321//336 301//336
f 317//337 322//337 301//337
f 314//338 312//338 304//338
f 312//321 313//321 306//321
f 306//339 338//339 305//339
f 338//340 323//340 305//340
f 305//341 323//341 303//341
f 323//342 324//342 303//342
f 303//343 324//343 302//343
f 324//344 325//344 302//344
f 325//345 326//345 302//345
f 326//346 327//346 302//346
f 302//347 327//347 328//347
f 328//348 300//348 302//348
f 327//349 329//349 328//349
f 328//350 329//350 299//350
f 329//351 330//351 299//351
f 308//352 331//352 309//352
f 331//353 332//353 309//353
f 309//354 332//354 311//354
f 332//355 333//355 311//355
f 333//356 334//356 311//356
f 334//357 335//357 311//357
f 311//358 335//358 313//358
f 335//359 336//359 313//359
f 336//360 337//360 313//360
f 337//361 338//361 313//361
f 313//362 338//362 306//362
f 340//363 342//363 339//363
f 342//364 341//364 339//364
f 343//365 342//365 340//365
f 344//366 343//366 340//366
f 345//367 343//367 344//367
f 346//368 345//368 344//368
f 347//369 346//369 344//369
f 348//370 346//370 347//370
f 349//371 348//371 347//371
f 350//372 349//372 347//372
f 352//373 349//373 350//373
f 351//374 352//374 350//374
f 355//375 352//375 351//375
f 353//376 352//376 355//376
f 351//377 350//377 347//377
f 354//378 351//378 347//378
f 354//379 347//379 344//379
f 354//380 355//380 351//380
f 354//381 357//381 355//381
f 355//382 357//382 358//382
f 357//383 360//383 359//383
f 360//384 357//384 354//384
f 363//385 361//385 356//385
f 361//386 363//386 362//386
f 344//387 356//387 354//387
f 363//388 356//388 344//388
f 340//389 363//389 344//389
f 363//390 340//390 339//390
f 363//391 339//391 364//391
f 362//392 363//392 364//392
f 364//393 357//393 359//393
f 364//394 365//394 357//394
f 366//395 365//395 364//395
f 367//396 366//396 364//396
f 339//397 367//397 364//397
f 341//398 367//398 339//398
f 368//399 353//399 355//399
f 369//400 368//400 355//400
f 358//401 369//401 355//401
f 370//402 369//402 358//402
f 371//403 370//403 358//403
f 365//404 371//404 358//404
f 357//405 365//405 358//405
f 373//406 372//406 359//406
f 360//407 373//407 359//407
f 356//408 373//408 360//408
f 374//409 373//409 356//409
f 360//410 354//410 356//410
f 375//411 374//411 356//411
f 361//412 375//412 356//412
f 376//413 375//413 361//413
f 362//414 376//414 361//414
f 377//415 376//415 362//415
f 377//416 362//416 364//416
f 359//417 378//417 377//417
f 377//418 364//418 359//418
f 372//419 378//419 359//419
f 380//420 381//420 379//420
f 381//421 380//421 382//421
f 380//422 379//422 383//422
f 384//423 380//423 383//423
f 385//424 380//424 384//424
f 380//425 385//425 386//425
f 380//426 386//426 382//426
f 382//427 386//427 387//427
f 387//428 388//428 382//428
f 387//429 389//429 388//429
f 389//430 390//430 388//430
f 392//431 391//431 390//431
f 389//432 392//432 390//432
f 390//433 391//433 388//433
f 391//434 393//434 388//434
f 394//435 392//435 389//435
f 395//436 392//436 394//436
f 387//437 394//437 389//437
f 396//438 395//438 394//438
f 397//439 396//439 394//439
f 398//440 397//440 394//440
f 394//441 399//441 398//441
f 387//442 399//442 394//442
f 400//443 397//443 398//443
f 399//444 402//444 401//444
f 402//445 399//445 387//445
f 402//446 387//446 386//446
f 384//447 403//447 385//447
f 403//448 404//448 385//448
f 385//449 404//449 386//449
f 404//450 405//450 386//450
f 405//451 406//451 386//451
f 386//452 406//452 402//452
f 402//453 406//453 401//453
f 406//454 407//454 401//454
f 407//455 408//455 401//455
f 401//456 408//456 409//456
f 409//457 403//457 384//457
f 409//458 383//458 401//458
f 409//459 384//459 383//459
f 399//460 401//460 383//460
f 410//461 400//461 398//461
f 411//462 410//462 398//462
f 399//463 411//463 398//463
f 412//464 411//464 399//464
f 383//465 412//465 399//465
f 413//466 412//466 383//466
f 379//467 413//467 383//467
f 418//468 413//468 379//468
f 393//469 414//469 388//469
f 388//470 414//470 382//470
f 414//471 415//471 382//471
f 415//472 416//472 382//472
f 382//473 416//473 381//473
f 416//474 417//474 381//474
f 381//475 417//475 379//475
f 417//476 418//476 379//476
f 420//477 419//477 421//477
f 422//478 420//478 421//478
f 420//479 423//479 419//479
f 435//480 425//480 424//480
f 426//481 424//481 445//481
f 420//482 427//482 445//482
f 435//483 424//483 426//483
f 445//484 427//484 426//484
f 420//485 428//485 427//485
f 428//486 420//486 422//486
f 430//487 421//487 429//487
f 429//488 451//488 430//488
f 431//489 432//489 433//489
f 432//490 434//490 433//490
f 433//491 429//491 431//491
f 426//492 429//492 433//492
f 426//493 433//493 435//493
f 433//494 450//494 435//494
f 436//495 450//495 433//495
f 434//496 436//496 433//496
f 419//497 437//497 421//497
f 437//498 438//498 421//498
f 438//499 439//499 421//499
f 421//500 439//500 429//500
f 429//501 439//501 431//501
f 439//502 440//502 431//502
f 440//503 441//503 431//503
f 441//504 432//504 431//504
f 423//505 442//505 419//505
f 442//506 443//506 419//506
f 444//507 442//507 423//507
f 445//508 444//508 423//508
f 446//509 444//509 445//509
f 447//510 446//510 445//510
f 448//511 447//511 445//511
f 424//512 448//512 445//512
f 449//513 448//513 424//513
f 425//514 449//514 424//514
f 450//515 449//515 425//515
f 435//516 450//516 425//516
f 451//517 426//517 427//517
f 451//518 429//518 426//518
f 452//519 421//519 430//519
f 452//520 422//520 421//520
f 422//521 453//521 428//521
f 453//522 454//522 428//522
f 428//523 454//523 427//523
f 454//524 455//524 427//524
f 455//525 456//525 427//525
f 427//526 456//526 451//526
f 451//527 456//527 430//527
f 456//528 457//528 430//528
f 457//529 458//529 430//529
f 430//530 458//530 452//530
f 452//531 453//531 422//531
f 443//532 437//532 419//532
f 479//533 460//533 459//533
f 461//534 464//534 459//534
f 461//535 463//535 466//535
f 465//536 461//536 466//536
f 467//537 461//537 465//537
f 461//538 467//538 464//538
f 459//539 464//539 479//539
f 468//540 460//540 479//540
f 466//541 470//541 469//541
f 470//542 471//542 469//542
f 471//543 478//543 469//543
f 478//544 472//544 469//544
f 472//545 473//545 469//545
f 469//546 473//546 474//546
f 474//547 465//547 466//547
f 474//548 475//548 465//548
f 474//549 466//549 469//549
f 465//550 475//550 467//550
f 475//551 476//551 467//551
f 467//552 476//552 464//552
f 476//553 477//553 464//553
f 477//554 478//554 464//554
f 464//555 478//555 471//555
f 471//556 479//556 464//556
f 471//557 470//557 479//557
f 468//558 462//558 460//558
f 468//559 480//559 462//559
f 480//560 493//560 462//560
f 481//561 480//561 468//561
f 498//562 480//562 481//562
f 479//563 481//563 468//563
f 481//564 479//564 470//564
f 481//565 470//565 482//565
f 466//566 483//566 470//566
f 487//567 484//567 463//567
f 463//568 484//568 466//568
f 484//569 485//569 466//569
f 485//570 483//570 466//570
f 486//571 461//571 459//571
f 461//572 486//572 463//572
f 486//573 488//573 463//573
f 488//574 487//574 463//574
f 489//575 488//575 486//575
f 459//576 489//576 486//576
f 490//577 489//577 459//577
f 491//578 490//578 459//578
f 492//579 491//579 459//579
f 460//580 492//580 459//580
f 493//581 492//581 460//581
f 462//582 493//582 460//582
f 483//583 494//583 482//583
f 470//584 483//584 482//584
f 494//585 495//585 482//585
f 495//586 496//586 482//586
f 482//587 496//587 481//587
f 496//588 497//588 481//588
f 497//589 498//589 481//589
f 500//590 499//590 230//590
f 501//591 209//591 210//591
f 502//592 501//592 210//592
f 503//593 502//593 210//593
f 504//594 503//594 210//594
f 504//595 210//595 234//595
f 505//596 504//596 234//596
f 506//597 505//597 234//597
f 506//598 234//598 230//598
f 499//599 506//599 230//599
f 209//600 507//600 109//600
f 819//601 821//601 226//601
f 821//602 508//602 226//602
f 226//603 508//603 228//603
f 821//604 509//604 508//604
f 509//605 510//605 508//605
f 508//606 510//606 556//606
f 509//209 511//209 510//209
f 510//209 511//209 556//209
f 512//607 513//607 107//607
f 514//608 512//608 105//608
f 105//609 512//609 107//609
f 515//610 516//610 213//610
f 517//611 213//611 516//611
f 213//612 517//612 518//612
f 519//613 518//613 517//613
f 520//614 519//614 517//614
f 520//615 521//615 519//615
f 521//616 522//616 519//616
f 521//617 523//617 522//617
f 523//618 524//618 522//618
f 522//619 524//619 525//619
f 525//620 526//620 522//620
f 525//621 527//621 526//621
f 528//622 526//622 527//622
f 526//623 528//623 529//623
f 529//624 530//624 526//624
f 532//625 526//625 531//625
f 522//626 526//626 532//626
f 533//627 522//627 532//627
f 534//628 522//628 533//628
f 535//629 522//629 534//629
f 519//630 522//630 535//630
f 518//631 519//631 535//631
f 536//632 518//632 535//632
f 537//633 518//633 536//633
f 538//634 518//634 537//634
f 539//635 518//635 538//635
f 566//636 518//636 539//636
f 515//637 213//637 122//637
f 540//638 515//638 122//638
f 121//639 540//639 122//639
f 541//640 540//640 121//640
f 119//641 541//641 121//641
f 541//642 119//642 542//642
f 119//643 543//643 542//643
f 543//644 119//644 544//644
f 119//645 118//645 544//645
f 118//646 545//646 544//646
f 545//647 118//647 546//647
f 547//648 546//648 116//648
f 116//649 546//649 118//649
f 548//650 116//650 112//650
f 547//651 116//651 548//651
f 112//652 549//652 548//652
f 550//653 549//653 112//653
f 551//654 530//654 529//654
f 528//655 551//655 529//655
f 527//656 115//656 528//656
f 527//657 550//657 115//657
f 115//658 550//658 112//658
f 553//659 230//659 229//659
f 229//660 228//660 553//660
f 552//661 230//661 553//661
f 553//662 554//662 552//662
f 553//663 557//663 554//663
f 556//664 557//664 553//664
f 556//209 511//209 557//209
f 557//209 511//209 555//209
f 557//665 555//665 554//665
f 508//666 553//666 228//666
f 108//667 507//667 558//667
f 108//668 558//668 106//668
f 558//669 559//669 106//669
f 209//670 501//670 507//670
f 558//671 560//671 559//671
f 560//672 561//672 559//672
f 561//673 562//673 559//673
f 559//674 562//674 563//674
f 502//675 560//675 558//675
f 501//676 502//676 558//676
f 558//677 507//677 501//677
f 559//678 563//678 181//678
f 106//679 559//679 181//679
f 566//680 564//680 565//680
f 213//681 518//681 566//681
f 216//682 219//682 215//682
f 567//683 566//683 539//683
f 564//684 566//684 567//684
f 564//685 567//685 568//685
f 530//686 531//686 526//686
f 571//687 570//687 552//687
f 570//688 230//688 552//688
f 570//689 569//689 230//689
f 500//690 230//690 569//690
f 107//691 513//691 110//691
f 110//692 513//692 236//692
f 513//693 572//693 236//693
f 572//694 573//694 236//694
f 236//695 573//695 233//695
f 233//696 573//696 70//696
f 573//697 238//697 70//697
f 576//698 574//698 577//698
f 578//699 574//699 576//699
f 574//700 575//700 577//700
f 580//701 578//701 579//701
f 580//702 574//702 578//702
f 581//703 574//703 582//703
f 574//704 580//704 582//704
f 582//705 583//705 581//705
f 583//706 585//706 581//706
f 582//707 711//707 583//707
f 581//708 586//708 584//708
f 581//709 588//709 586//709
f 586//710 588//710 587//710
f 584//711 574//711 581//711
f 581//712 590//712 588//712
f 586//713 587//713 591//713
f 587//714 589//714 591//714
f 591//715 589//715 592//715
f 585//716 590//716 581//716
f 591//717 592//717 593//717
f 586//718 591//718 594//718
f 584//719 586//719 594//719
f 584//720 594//720 76//720
f 141//721 584//721 76//721
f 584//722 575//722 574//722
f 577//723 575//723 595//723
f 595//724 575//724 596//724
f 596//725 575//725 597//725
f 575//726 598//726 597//726
f 597//727 598//727 599//727
f 598//728 600//728 599//728
f 599//729 600//729 601//729
f 601//730 600//730 602//730
f 600//731 603//731 602//731
f 602//732 603//732 604//732
f 605//733 606//733 603//733
f 603//734 607//734 605//734
f 608//735 609//735 603//735
f 607//736 603//736 609//736
f 608//737 603//737 600//737
f 610//738 608//738 600//738
f 610//739 600//739 598//739
f 611//740 610//740 598//740
f 612//741 611//741 598//741
f 613//742 612//742 598//742
f 613//743 598//743 614//743
f 598//744 575//744 614//744
f 584//745 614//745 575//745
f 614//746 584//746 615//746
f 616//747 615//747 584//747
f 616//748 584//748 141//748
f 617//749 616//749 141//749
f 140//750 617//750 141//750
f 241//751 617//751 140//751
f 138//752 241//752 140//752
f 618//753 594//753 619//753
f 619//754 594//754 591//754
f 619//755 591//755 593//755
f 225//756 620//756 619//756
f 620//757 618//757 619//757
f 594//758 618//758 76//758
f 76//759 618//759 620//759
f 142//760 76//760 620//760
f 620//761 621//761 142//761
f 621//762 139//762 142//762
f 621//763 622//763 139//763
f 75//764 139//764 622//764
f 623//765 75//765 622//765
f 622//766 624//766 625//766
f 622//767 621//767 624//767
f 621//768 648//768 624//768
f 622//769 625//769 626//769
f 625//770 627//770 626//770
f 623//771 622//771 626//771
f 72//772 626//772 627//772
f 626//773 72//773 628//773
f 628//774 623//774 626//774
f 74//775 628//775 72//775
f 133//776 629//776 131//776
f 629//777 630//777 131//777
f 131//778 630//778 129//778
f 631//779 627//779 625//779
f 632//780 631//780 625//780
f 633//781 632//781 625//781
f 633//782 625//782 634//782
f 634//783 625//783 624//783
f 635//784 634//784 624//784
f 636//785 635//785 624//785
f 636//786 624//786 648//786
f 637//787 636//787 648//787
f 225//788 224//788 620//788
f 224//789 638//789 620//789
f 638//790 639//790 620//790
f 638//791 640//791 639//791
f 640//792 652//792 639//792
f 224//793 223//793 638//793
f 223//794 640//794 638//794
f 640//209 222//209 652//209
f 609//795 130//795 607//795
f 609//796 641//796 130//796
f 130//797 641//797 132//797
f 641//798 642//798 132//798
f 132//799 642//799 643//799
f 643//800 135//800 132//800
f 644//801 135//801 643//801
f 644//802 645//802 135//802
f 135//803 645//803 137//803
f 245//804 137//804 645//804
f 627//805 73//805 72//805
f 240//806 646//806 126//806
f 126//807 646//807 128//807
f 646//808 647//808 128//808
f 564//809 648//809 650//809
f 650//810 648//810 621//810
f 621//811 620//811 650//811
f 565//812 564//812 649//812
f 650//813 649//813 564//813
f 620//814 639//814 650//814
f 650//815 651//815 649//815
f 649//816 221//816 565//816
f 651//817 221//817 649//817
f 652//818 651//818 650//818
f 651//209 222//209 221//209
f 652//209 222//209 651//209
f 653//819 606//819 605//819
f 607//820 653//820 605//820
f 606//821 604//821 603//821
f 631//822 654//822 655//822
f 632//823 654//823 631//823
f 655//824 654//824 656//824
f 654//825 657//825 656//825
f 657//826 551//826 656//826
f 656//827 551//827 528//827
f 655//828 656//828 127//828
f 127//829 656//829 115//829
f 656//830 528//830 115//830
f 73//831 655//831 127//831
f 73//832 631//832 655//832
f 631//833 73//833 627//833
f 568//834 658//834 564//834
f 658//835 648//835 564//835
f 658//836 659//836 648//836
f 660//837 648//837 659//837
f 660//838 637//838 648//838
f 128//839 647//839 74//839
f 647//840 661//840 74//840
f 74//841 661//841 628//841
f 661//842 662//842 628//842
f 628//843 662//843 623//843
f 623//844 662//844 75//844
f 662//845 663//845 75//845
f 75//846 663//846 136//846
f 663//847 664//847 136//847
f 136//848 664//848 134//848
f 664//849 629//849 134//849
f 134//850 629//850 133//850
f 667//851 666//851 665//851
f 669//852 668//852 670//852
f 668//853 665//853 670//853
f 669//854 670//854 671//854
f 673//855 672//855 671//855
f 674//856 673//856 671//856
f 675//857 674//857 671//857
f 676//858 675//858 671//858
f 676//859 671//859 670//859
f 677//860 676//860 670//860
f 678//861 677//861 670//861
f 678//862 670//862 665//862
f 666//863 678//863 665//863
f 147//864 146//864 680//864
f 679//865 147//865 680//865
f 144//866 681//866 146//866
f 681//867 682//867 146//867
f 146//868 682//868 680//868
f 682//869 683//869 680//869
f 680//870 683//870 684//870
f 684//871 683//871 77//871
f 683//872 685//872 77//872
f 77//873 685//873 156//873
f 685//874 686//874 156//874
f 156//875 686//875 154//875
f 686//876 687//876 154//876
f 154//877 687//877 152//877
f 152//878 687//878 151//878
f 687//879 688//879 151//879
f 151//880 688//880 148//880
f 672//881 145//881 147//881
f 668//882 158//882 161//882
f 689//883 668//883 161//883
f 690//884 689//884 161//884
f 162//885 689//885 690//885
f 668//886 669//886 158//886
f 77//887 158//887 669//887
f 679//888 669//888 671//888
f 684//889 77//889 669//889
f 680//890 684//890 669//890
f 680//891 669//891 679//891
f 671//892 672//892 679//892
f 147//893 679//893 672//893
f 695//894 689//894 691//894
f 689//895 692//895 691//895
f 78//896 692//896 689//896
f 162//897 78//897 689//897
f 260//898 692//898 78//898
f 692//899 260//899 691//899
f 691//900 260//900 262//900
f 691//901 262//901 693//901
f 262//902 694//902 693//902
f 593//903 695//903 691//903
f 593//904 592//904 695//904
f 695//905 696//905 689//905
f 695//906 697//906 696//906
f 911//907 697//907 695//907
f 592//908 911//908 695//908
f 698//909 681//909 144//909
f 129//910 698//910 144//910
f 630//911 698//911 129//911
f 248//912 246//912 699//912
f 150//913 700//913 699//913
f 701//914 700//914 150//914
f 702//915 291//915 290//915
f 149//916 290//916 289//916
f 284//917 149//917 289//917
f 149//918 284//918 150//918
f 284//919 701//919 150//919
f 150//920 699//920 153//920
f 699//921 246//921 153//921
f 261//922 257//922 259//922
f 703//923 665//923 668//923
f 668//924 689//924 703//924
f 580//925 665//925 703//925
f 579//926 705//926 580//926
f 705//927 665//927 580//927
f 705//928 704//928 665//928
f 706//929 653//929 607//929
f 707//930 653//930 706//930
f 708//931 707//931 706//931
f 706//932 607//932 130//932
f 143//933 706//933 130//933
f 709//934 708//934 706//934
f 709//935 706//935 143//935
f 145//936 709//936 143//936
f 673//937 708//937 709//937
f 674//938 708//938 673//938
f 673//939 145//939 672//939
f 145//940 673//940 709//940
f 689//941 696//941 703//941
f 696//942 710//942 703//942
f 703//943 710//943 582//943
f 710//944 711//944 582//944
f 703//945 582//945 580//945
f 696//946 712//946 710//946
f 710//209 712//209 711//209
f 291//947 288//947 283//947
f 667//948 665//948 704//948
f 157//949 155//949 250//949
f 267//950 268//950 714//950
f 715//951 714//951 268//951
f 720//952 716//952 715//952
f 715//953 717//953 714//953
f 714//954 718//954 267//954
f 717//955 718//955 714//955
f 719//956 717//956 715//956
f 716//957 719//957 715//957
f 693//958 694//958 720//958
f 694//959 721//959 720//959
f 721//960 716//960 720//960
f 721//961 722//961 716//961
f 722//962 719//962 716//962
f 694//963 723//963 721//963
f 723//964 722//964 721//964
f 723//209 718//209 722//209
f 722//209 718//209 717//209
f 722//209 717//209 719//209
f 693//965 720//965 724//965
f 720//966 725//966 724//966
f 724//967 729//967 726//967
f 724//968 727//968 729//968
f 725//969 727//969 724//969
f 81//970 725//970 720//970
f 728//971 81//971 720//971
f 84//972 728//972 720//972
f 727//973 725//973 81//973
f 82//974 727//974 81//974
f 729//975 732//975 730//975
f 732//976 731//976 730//976
f 734//977 733//977 732//977
f 732//209 733//209 731//209
f 735//209 731//209 733//209
f 737//209 731//209 735//209
f 737//978 735//978 736//978
f 738//209 731//209 737//209
f 740//979 737//979 736//979
f 735//980 733//980 734//980
f 736//981 735//981 741//981
f 740//982 736//982 741//982
f 741//983 735//983 734//983
f 739//984 737//984 740//984
f 738//985 737//985 739//985
f 734//986 732//986 729//986
f 743//987 742//987 739//987
f 740//988 743//988 739//988
f 741//989 743//989 740//989
f 734//990 744//990 741//990
f 729//991 730//991 726//991
f 744//992 734//992 727//992
f 734//993 729//993 727//993
f 744//994 727//994 82//994
f 745//995 744//995 82//995
f 85//996 745//996 82//996
f 746//997 745//997 85//997
f 86//998 746//998 85//998
f 292//999 746//999 86//999
f 88//1000 292//1000 86//1000
f 747//1001 741//1001 744//1001
f 741//1002 747//1002 748//1002
f 749//1003 748//1003 750//1003
f 750//1004 748//1004 751//1004
f 748//1005 752//1005 751//1005
f 753//1006 748//1006 749//1006
f 743//1007 748//1007 753//1007
f 754//1008 743//1008 753//1008
f 752//1009 755//1009 751//1009
f 751//1010 755//1010 756//1010
f 756//1011 755//1011 757//1011
f 757//1012 755//1012 758//1012
f 755//1013 759//1013 758//1013
f 758//1014 759//1014 760//1014
f 752//1015 748//1015 747//1015
f 761//1016 752//1016 747//1016
f 761//1017 762//1017 752//1017
f 762//1018 755//1018 752//1018
f 762//1019 763//1019 755//1019
f 763//1020 764//1020 755//1020
f 755//1021 764//1021 765//1021
f 765//1022 759//1022 755//1022
f 765//1023 766//1023 759//1023
f 767//1024 759//1024 766//1024
f 759//1025 767//1025 794//1025
f 794//1026 768//1026 759//1026
f 720//1027 769//1027 83//1027
f 84//1028 720//1028 83//1028
f 770//1029 769//1029 771//1029
f 769//1030 713//1030 771//1030
f 770//1031 771//1031 772//1031
f 770//1032 772//1032 773//1032
f 772//1033 774//1033 773//1033
f 165//1034 773//1034 774//1034
f 165//1035 80//1035 775//1035
f 773//1036 165//1036 775//1036
f 775//1037 776//1037 773//1037
f 776//1038 770//1038 773//1038
f 776//1039 90//1039 770//1039
f 90//1040 777//1040 770//1040
f 777//1041 87//1041 770//1041
f 87//1042 778//1042 770//1042
f 770//1043 778//1043 83//1043
f 769//1044 770//1044 83//1044
f 774//1045 79//1045 165//1045
f 90//1046 779//1046 89//1046
f 780//1047 779//1047 90//1047
f 89//1048 779//1048 92//1048
f 779//1049 781//1049 92//1049
f 92//1050 781//1050 97//1050
f 781//1051 782//1051 97//1051
f 97//1052 782//1052 99//1052
f 783//1053 784//1053 163//1053
f 783//1054 80//1054 784//1054
f 775//1055 785//1055 776//1055
f 786//1056 785//1056 775//1056
f 80//1057 786//1057 775//1057
f 787//1058 786//1058 80//1058
f 783//1059 787//1059 80//1059
f 776//1060 785//1060 90//1060
f 785//1061 780//1061 90//1061
f 688//1062 788//1062 148//1062
f 148//1063 788//1063 163//1063
f 163//1064 788//1064 783//1064
f 788//1065 787//1065 783//1065
f 790//1066 713//1066 789//1066
f 769//1067 720//1067 715//1067
f 715//1068 713//1068 769//1068
f 268//1069 713//1069 715//1069
f 270//1070 791//1070 268//1070
f 791//1071 713//1071 268//1071
f 791//1072 789//1072 713//1072
f 741//1073 748//1073 743//1073
f 742//1074 743//1074 792//1074
f 742//1075 792//1075 793//1075
f 792//1076 743//1076 754//1076
f 98//1077 794//1077 767//1077
f 766//1078 98//1078 767//1078
f 766//1079 795//1079 98//1079
f 98//1080 795//1080 96//1080
f 795//1081 796//1081 96//1081
f 796//1082 797//1082 96//1082
f 797//1083 796//1083 95//1083
f 796//1084 798//1084 95//1084
f 798//1085 91//1085 95//1085
f 795//1086 799//1086 796//1086
f 796//1087 799//1087 798//1087
f 800//1088 91//1088 798//1088
f 801//1089 768//1089 794//1089
f 91//1090 802//1090 93//1090
f 297//1091 93//1091 802//1091
f 800//1092 802//1092 91//1092
f 768//1093 760//1093 759//1093
f 805//1094 803//1094 804//1094
f 806//1095 803//1095 805//1095
f 79//1096 805//1096 804//1096
f 805//1097 79//1097 774//1097
f 79//1098 804//1098 149//1098
f 804//1099 807//1099 149//1099
f 807//1100 290//1100 149//1100
f 804//1101 803//1101 807//1101
f 803//1102 808//1102 807//1102
f 808//1103 702//1103 807//1103
f 807//1104 702//1104 290//1104
f 790//1105 809//1105 713//1105
f 805//1106 774//1106 772//1106
f 811//1107 772//1107 810//1107
f 811//1108 806//1108 772//1108
f 806//1109 805//1109 772//1109
f 812//1110 810//1110 771//1110
f 810//1111 772//1111 771//1111
f 813//1112 812//1112 771//1112
f 813//1113 771//1113 713//1113
f 809//1114 813//1114 713//1114
f 815//1115 814//1115 167//1115
f 168//1116 815//1116 167//1116
f 168//1117 104//1117 815//1117
f 104//1118 816//1118 815//1118
f 104//1119 817//1119 816//1119
f 818//1120 816//1120 817//1120
f 815//1121 816//1121 818//1121
f 818//1122 817//1122 819//1122
f 817//1123 820//1123 819//1123
f 820//1124 821//1124 819//1124
f 820//1125 822//1125 821//1125
f 822//1126 823//1126 821//1126
f 824//1127 820//1127 817//1127
f 824//1128 817//1128 104//1128
f 825//1129 824//1129 104//1129
f 826//1130 824//1130 825//1130
f 169//1131 826//1131 825//1131
f 828//1132 826//1132 169//1132
f 170//1133 828//1133 169//1133
f 829//1134 828//1134 170//1134
f 830//1135 828//1135 829//1135
f 173//1136 830//1136 829//1136
f 173//1137 178//1137 832//1137
f 178//1138 833//1138 832//1138
f 834//1139 173//1139 832//1139
f 173//1140 834//1140 831//1140
f 830//1141 173//1141 831//1141
f 833//1142 178//1142 298//1142
f 835//1143 298//1143 177//1143
f 726//1144 815//1144 818//1144
f 730//1145 836//1145 815//1145
f 726//1146 730//1146 815//1146
f 836//1147 837//1147 815//1147
f 554//1148 839//1148 838//1148
f 838//1149 552//1149 554//1149
f 838//1150 839//1150 827//1150
f 827//1151 840//1151 838//1151
f 820//1152 824//1152 827//1152
f 827//1153 841//1153 820//1153
f 841//1154 842//1154 820//1154
f 839//1155 511//1155 827//1155
f 554//1156 843//1156 839//1156
f 555//1157 843//1157 554//1157
f 839//1158 843//1158 511//1158
f 511//1159 841//1159 827//1159
f 842//1160 822//1160 820//1160
f 821//1161 823//1161 509//1161
f 823//209 511//209 509//209
f 822//209 511//209 823//209
f 842//209 511//209 822//209
f 841//209 511//209 842//209
f 555//209 511//209 843//209
f 844//1162 855//1162 103//1162
f 99//1163 844//1163 103//1163
f 782//1164 844//1164 99//1164
f 180//1165 514//1165 105//1165
f 845//1166 514//1166 180//1166
f 176//1167 845//1167 180//1167
f 846//1168 845//1168 176//1168
f 847//1169 846//1169 176//1169
f 847//1170 176//1170 848//1170
f 847//1171 848//1171 175//1171
f 175//1172 846//1172 847//1172
f 849//1173 846//1173 175//1173
f 172//1174 849//1174 175//1174
f 850//1175 849//1175 172//1175
f 851//1176 850//1176 172//1176
f 851//1177 172//1177 852//1177
f 853//1178 850//1178 851//1178
f 854//1179 850//1179 853//1179
f 102//1180 854//1180 853//1180
f 855//1181 854//1181 102//1181
f 103//1182 855//1182 102//1182
f 100//1183 102//1183 853//1183
f 856//1184 100//1184 853//1184
f 853//1185 851//1185 856//1185
f 851//1186 852//1186 856//1186
f 100//1187 856//1187 857//1187
f 858//1188 857//1188 856//1188
f 856//1189 852//1189 858//1189
f 859//1190 860//1190 852//1190
f 852//1191 860//1191 858//1191
f 859//1192 814//1192 860//1192
f 814//1193 861//1193 860//1193
f 852//1194 172//1194 859//1194
f 172//1195 171//1195 859//1195
f 814//1196 859//1196 171//1196
f 171//1197 167//1197 814//1197
f 863//1198 862//1198 861//1198
f 857//1199 101//1199 100//1199
f 864//1200 857//1200 858//1200
f 865//1201 864//1201 858//1201
f 866//1202 865//1202 858//1202
f 867//1203 866//1203 858//1203
f 867//1204 858//1204 860//1204
f 868//1205 867//1205 860//1205
f 869//1206 868//1206 860//1206
f 869//1207 860//1207 861//1207
f 870//1208 869//1208 861//1208
f 862//1209 870//1209 861//1209
f 814//1210 815//1210 871//1210
f 871//1211 861//1211 814//1211
f 871//1212 872//1212 861//1212
f 742//1213 872//1213 871//1213
f 863//1214 861//1214 872//1214
f 873//1215 863//1215 872//1215
f 873//1216 872//1216 742//1216
f 793//1217 873//1217 742//1217
f 739//1218 742//1218 871//1218
f 815//1219 837//1219 871//1219
f 837//1220 874//1220 871//1220
f 871//1221 875//1221 739//1221
f 871//1222 874//1222 875//1222
f 837//1223 876//1223 874//1223
f 876//209 731//209 874//209
f 875//1224 738//1224 739//1224
f 874//209 731//209 875//209
f 875//209 731//209 738//209
f 563//1225 877//1225 878//1225
f 879//1226 878//1226 877//1226
f 877//1227 563//1227 880//1227
f 879//1228 877//1228 881//1228
f 882//1229 879//1229 881//1229
f 880//1230 883//1230 877//1230
f 885//1231 877//1231 884//1231
f 881//1232 877//1232 885//1232
f 886//1233 881//1233 885//1233
f 887//1234 881//1234 886//1234
f 888//1235 881//1235 887//1235
f 889//1236 888//1236 887//1236
f 890//1237 888//1237 889//1237
f 840//1238 888//1238 890//1238
f 882//1239 881//1239 888//1239
f 891//1240 882//1240 888//1240
f 892//1241 891//1241 888//1241
f 893//1242 892//1242 888//1242
f 893//1243 888//1243 894//1243
f 894//1244 888//1244 840//1244
f 827//1245 894//1245 840//1245
f 894//1246 827//1246 824//1246
f 895//1247 840//1247 890//1247
f 896//1248 840//1248 895//1248
f 897//1249 840//1249 896//1249
f 838//1250 840//1250 897//1250
f 898//1251 838//1251 897//1251
f 552//1252 898//1252 571//1252
f 552//1253 838//1253 898//1253
f 899//1254 900//1254 179//1254
f 563//1255 562//1255 880//1255
f 562//1256 883//1256 880//1256
f 878//1257 181//1257 563//1257
f 878//1258 899//1258 181//1258
f 181//1259 899//1259 179//1259
f 901//1260 177//1260 179//1260
f 179//1261 900//1261 901//1261
f 835//1262 177//1262 901//1262
f 883//1263 884//1263 877//1263
f 902//1264 801//1264 794//1264
f 903//1265 801//1265 902//1265
f 904//1266 903//1266 902//1266
f 905//1267 904//1267 902//1267
f 864//1268 904//1268 905//1268
f 865//1269 904//1269 864//1269
f 864//1270 101//1270 857//1270
f 101//1271 905//1271 166//1271
f 905//1272 902//1272 166//1272
f 166//1273 902//1273 906//1273
f 906//1274 902//1274 98//1274
f 902//1275 794//1275 98//1275
f 101//1276 864//1276 905//1276
f 508//1277 556//1277 553//1277
f 221//1278 220//1278 565//1278
f 565//1279 216//1279 566//1279
f 565//1280 220//1280 216//1280
f 907//1281 723//1281 694//1281
f 266//1282 907//1282 694//1282
f 262//1283 266//1283 694//1283
f 907//209 266//209 723//209
f 266//209 718//209 723//209
f 908//209 718//209 266//209
f 265//209 718//209 908//209
f 265//1284 908//1284 261//1284
f 909//209 718//209 265//209
f 264//1285 909//1285 265//1285
f 909//1286 264//1286 263//1286
f 267//1287 909//1287 263//1287
f 718//1288 909//1288 267//1288
f 730//1289 731//1289 836//1289
f 731//1290 910//1290 836//1290
f 836//1291 910//1291 837//1291
f 910//1292 876//1292 837//1292
f 639//1293 652//1293 650//1293
f 589//1294 911//1294 592//1294
f 589//209 712//209 911//209
f 712//209 589//209 587//209
f 588//209 712//209 587//209
f 590//209 712//209 588//209
f 585//209 712//209 590//209
f 711//209 712//209 585//209
f 711//1295 585//1295 583//1295
f 697//1296 712//1296 696//1296
f 911//209 712//209 697//209
f 910//209 731//209 876//209
f 912//1297 405//1297 203//1297
f 913//1298 912//1298 203//1298
f 201//1299 913//1299 203//1299
f 408//1300 913//1300 201//1300
f 202//1301 408//1301 201//1301
f 204//1302 404//1302 202//1302
f 202//1303 404//1303 403//1303
f 202//1304 403//1304 409//1304
f 408//1305 202//1305 409//1305
f 407//1306 913//1306 408//1306
f 912//1307 913//1307 406//1307
f 405//1308 912//1308 406//1308
f 203//1309 405//1309 404//1309
f 204//1310 203//1310 404//1310
f 457//1311 456//1311 208//1311
f 206//1312 457//1312 208//1312
f 458//1313 457//1313 206//1313
f 458//1314 205//1314 452//1314
f 205//1315 458//1315 206//1315
f 205//1316 453//1316 452//1316
f 205//1317 454//1317 453//1317
f 207//1318 454//1318 205//1318
f 207//1319 208//1319 454//1319
f 208//1320 455//1320 454//1320
f 456//1321 455//1321 208//1321
f 473//1322 472//1322 183//1322
f 183//1323 472//1323 184//1323
f 472//1324 478//1324 184//1324
f 182//1325 473//1325 183//1325
f 473//1326 182//1326 474//1326
f 182//1327 475//1327 474//1327
f 185//1328 476//1328 182//1328
f 182//1329 476//1329 475//1329
f 185//1330 184//1330 476//1330
f 184//1331 477//1331 476//1331
f 478//1332 477//1332 184//1332
f 914//1333 320//1333 321//1333
f 191//1334 914//1334 321//1334
f 187//1335 914//1335 188//1335
f 187//1336 320//1336 914//1336
f 187//1337 189//1337 320//1337
f 188//1338 914//1338 191//1338
f 319//1339 320//1339 189//1339
f 190//1340 319//1340 189//1340
f 318//1341 319//1341 190//1341
f 192//1342 318//1342 190//1342
f 915//1343 318//1343 192//1343
f 316//1344 915//1344 192//1344
f 194//1345 316//1345 192//1345
f 191//1346 316//1346 194//1346
f 191//1347 317//1347 316//1347
f 191//1348 321//1348 317//1348
f 315//1349 915//1349 316//1349
f 195//1350 376//1350 377//1350
f 198//1351 374//1351 375//1351
f 378//1352 195//1352 377//1352
f 372//1353 373//1353 197//1353
f 196//1354 372//1354 197//1354
f 378//1355 372//1355 196//1355
f 195//1356 378//1356 196//1356
f 195//1357 375//1357 376//1357
f 195//1358 198//1358 375//1358
f 200//1359 374//1359 198//1359
f 373//1360 374//1360 200//1360
f 197//1361 373//1361 200//1361
f 918//1362 916//1362 917//1362
f 917//1363 919//1363 918//1363
f 918//1364 919//1364 920//1364
f 919//1365 921//1365 920//1365
f 922//1366 916//1366 918//1366
f 920//1367 922//1367 918//1367
f 920//1368 921//1368 923//1368
f 921//1369 924//1369 923//1369
f 923//1370 925//1370 920//1370
f 925//1371 922//1371 920//1371
f 926//1372 922//1372 925//1372
f 926//1373 927//1373 922//1373
f 928//1374 926//1374 925//1374
f 923//1375 924//1375 929//1375
f 929//1376 925//1376 923//1376
f 924//1377 930//1377 929//1377
f 931//1378 925//1378 929//1378
f 928//1379 925//1379 931//1379
f 932//1380 931//1380 929//1380
f 929//1381 930//1381 932//1381
f 930//1382 933//1382 932//1382
f 934//1383 928//1383 931//1383
f 935//1384 931//1384 932//1384
f 936//1385 935//1385 932//1385
f 932//1386 933//1386 936//1386
f 934//1387 931//1387 935//1387
f 933//1388 937//1388 936//1388
f 938//1389 934//1389 935//1389
f 939//1390 935//1390 936//1390
f 936//1391 937//1391 940//1391
f 937//1392 941//1392 940//1392
f 938//1393 935//1393 939//1393
f 942//1394 939//1394 936//1394
f 940//1395 942//1395 936//1395
f 943//1396 942//1396 940//1396
f 940//1397 941//1397 944//1397
f 944//1398 943//1398 940//1398
f 941//1399 945//1399 944//1399
f 944//1400 945//1400 946//1400
f 945//1401 947//1401 946//1401
f 948//1402 939//1402 942//1402
f 948//1403 942//1403 943//1403
f 946//1404 949//1404 944//1404
f 949//1405 943//1405 944//1405
f 946//1406 947//1406 950//1406
f 947//1407 951//1407 950//1407
f 952//1408 948//1408 943//1408
f 950//1409 949//1409 946//1409
f 953//1410 949//1410 950//1410
f 950//1411 951//1411 954//1411
f 954//1412 953//1412 950//1412
f 951//1413 955//1413 954//1413
f 956//1414 943//1414 949//1414
f 956//1415 952//1415 943//1415
f 957//1416 953//1416 954//1416
f 958//1417 956//1417 949//1417
f 954//1418 955//1418 960//1418
f 960//1419 957//1419 954//1419
f 955//1420 961//1420 960//1420
f 959//1421 957//1421 962//1421
f 963//1422 959//1422 962//1422
f 962//1423 957//1423 960//1423
f 963//1424 962//1424 964//1424
f 960//1425 961//1425 965//1425
f 965//1426 962//1426 960//1426
f 964//1427 962//1427 965//1427
f 961//1428 966//1428 965//1428
f 965//1429 966//1429 967//1429
f 966//1430 968//1430 967//1430
f 967//1431 964//1431 965//1431
f 969//1432 964//1432 967//1432
f 967//1433 968//1433 970//1433
f 968//1434 971//1434 970//1434
f 972//1435 973//1435 963//1435
f 963//1436 973//1436 959//1436
f 974//1437 963//1437 964//1437
f 974//1438 964//1438 969//1438
f 975//1439 974//1439 969//1439
f 970//1440 969//1440 967//1440
f 970//1441 971//1441 976//1441
f 971//1442 977//1442 976//1442
f 978//1443 969//1443 970//1443
f 975//1444 969//1444 978//1444
f 976//1445 978//1445 970//1445
f 979//1446 978//1446 976//1446
f 975//1447 978//1447 979//1447
f 980//1448 975//1448 979//1448
f 976//1449 977//1449 981//1449
f 977//1450 982//1450 981//1450
f 981//1451 979//1451 976//1451
f 983//1452 979//1452 981//1452
f 980//1453 979//1453 983//1453
f 984//1454 980//1454 983//1454
f 985//1455 984//1455 983//1455
f 985//1456 983//1456 986//1456
f 981//1457 982//1457 987//1457
f 987//1458 983//1458 981//1458
f 982//1459 988//1459 987//1459
f 986//1460 983//1460 987//1460
f 989//1461 986//1461 987//1461
f 985//1462 986//1462 989//1462
f 990//1463 985//1463 989//1463
f 987//1464 988//1464 991//1464
f 991//1465 989//1465 987//1465
f 988//1466 992//1466 991//1466
f 991//1467 992//1467 993//1467
f 993//1468 989//1468 991//1468
f 992//1469 994//1469 993//1469
f 995//1470 989//1470 993//1470
f 993//1471 994//1471 996//1471
f 996//1472 995//1472 993//1472
f 994//1473 997//1473 996//1473
f 998//1474 995//1474 996//1474
f 996//1475 997//1475 999//1475
f 997//1476 1000//1476 999//1476
f 999//1477 998//1477 996//1477
f 999//1478 1000//1478 1002//1478
f 1000//1479 1003//1479 1002//1479
f 1002//1480 1003//1480 1004//1480
f 1003//1481 1005//1481 1004//1481
f 1004//1482 1005//1482 1006//1482
f 1005//1483 1007//1483 1006//1483
f 1007//1484 1008//1484 1006//1484
f 1006//1485 1008//1485 917//1485
f 1006//1486 1009//1486 1004//1486
f 1010//1487 1009//1487 1006//1487
f 1009//1488 1011//1488 1004//1488
f 1004//1489 1011//1489 1002//1489
f 1002//1490 1011//1490 999//1490
f 1011//1491 1012//1491 999//1491
f 1012//1492 998//1492 999//1492
f 917//1493 1010//1493 1006//1493
f 916//1494 1010//1494 917//1494
f 1008//1495 919//1495 917//1495
f 1014//1496 1013//1496 1010//1496
f 1014//1497 1010//1497 916//1497
f 1015//1498 1014//1498 916//1498
f 1015//1499 1016//1499 1014//1499
f 1016//1500 1017//1500 1014//1500
f 1014//1501 1017//1501 1013//1501
f 1013//1502 1009//1502 1010//1502
f 1013//1503 1018//1503 1009//1503
f 1018//1504 1011//1504 1009//1504
f 1017//1505 1019//1505 1013//1505
f 1018//1506 1020//1506 1011//1506
f 1020//1507 1012//1507 1011//1507
f 1020//1508 1001//1508 1012//1508
f 1001//1509 998//1509 1012//1509
f 1019//1510 1021//1510 1013//1510
f 1013//1511 1021//1511 1018//1511
f 1021//1512 1022//1512 1018//1512
f 1022//1513 1023//1513 1018//1513
f 1018//1514 1023//1514 1020//1514
f 1023//1515 1024//1515 1020//1515
f 1024//1516 1025//1516 1020//1516
f 1020//1517 1025//1517 1001//1517
f 1025//1518 1026//1518 1001//1518
f 1026//1519 1027//1519 1001//1519
f 1016//1520 1028//1520 1017//1520
f 1028//1521 1029//1521 1017//1521
f 1017//1522 1029//1522 1019//1522
f 1029//1523 1030//1523 1019//1523
f 1019//1524 1030//1524 1021//1524
f 1030//1525 1031//1525 1021//1525
f 1021//1526 1031//1526 1022//1526
f 1031//1527 1032//1527 1022//1527
f 1022//1528 1032//1528 1023//1528
f 1023//1529 1033//1529 1024//1529
f 1032//1530 1033//1530 1023//1530
f 1024//1531 1034//1531 1025//1531
f 1033//1532 1034//1532 1024//1532
f 1025//1533 1035//1533 1026//1533
f 1035//1534 1036//1534 1026//1534
f 1034//1535 1035//1535 1025//1535
f 1032//1536 1037//1536 1033//1536
f 1037//1537 1038//1537 1033//1537
f 1039//1538 1037//1538 1032//1538
f 1031//1539 1039//1539 1032//1539
f 1040//1540 1039//1540 1031//1540
f 1030//1541 1040//1541 1031//1541
f 1041//1542 1040//1542 1030//1542
f 1029//1543 1041//1543 1030//1543
f 1042//1544 1041//1544 1029//1544
f 1028//1545 1042//1545 1029//1545
f 1033//1546 1038//1546 1034//1546
f 1038//1547 1043//1547 1034//1547
f 1034//1548 1043//1548 1035//1548
f 1043//1549 1044//1549 1035//1549
f 1035//1550 1044//1550 1036//1550
f 1044//1551 1045//1551 1036//1551
f 1036//1552 1045//1552 1046//1552
f 1045//1553 1047//1553 1046//1553
f 1036//1554 1046//1554 1027//1554
f 1026//1555 1036//1555 1027//1555
f 1027//1556 1046//1556 1048//1556
f 1046//1557 1050//1557 1048//1557
f 1048//1558 1050//1558 1049//1558
f 1046//1559 1047//1559 1050//1559
f 1047//1560 1052//1560 1050//1560
f 1050//1561 1052//1561 1053//1561
f 1052//1562 1054//1562 1053//1562
f 1050//1563 1053//1563 1049//1563
f 1053//1564 1054//1564 1055//1564
f 1054//1565 1056//1565 1055//1565
f 1049//1566 1053//1566 1051//1566
f 1055//1567 1056//1567 1057//1567
f 1056//1568 1058//1568 1057//1568
f 1053//1569 1055//1569 1051//1569
f 1057//1570 1058//1570 1059//1570
f 1058//1571 1060//1571 1059//1571
f 1051//1572 1055//1572 1061//1572
f 1055//1573 1057//1573 1061//1573
f 1061//1574 1057//1574 1062//1574
f 1057//1575 1059//1575 1062//1575
f 1062//1576 1059//1576 1063//1576
f 1051//1577 1061//1577 990//1577
f 1049//1578 1051//1578 990//1578
f 1064//1579 1049//1579 990//1579
f 1048//1580 1049//1580 1064//1580
f 1027//1581 1048//1581 1064//1581
f 1001//1582 1027//1582 1064//1582
f 1001//1583 1064//1583 998//1583
f 1064//1584 995//1584 998//1584
f 1064//1585 990//1585 995//1585
f 990//1586 989//1586 995//1586
f 990//1587 1061//1587 985//1587
f 1061//1588 1062//1588 985//1588
f 1062//1589 1063//1589 985//1589
f 1063//1590 1066//1590 1065//1590
f 1059//1591 1066//1591 1063//1591
f 1066//1592 1067//1592 1065//1592
f 1065//1593 1067//1593 1068//1593
f 1067//1594 1070//1594 1068//1594
f 1068//1595 1070//1595 1069//1595
f 1065//1596 1068//1596 980//1596
f 984//1597 1065//1597 980//1597
f 1063//1598 1065//1598 984//1598
f 985//1599 1063//1599 984//1599
f 1068//1600 1069//1600 980//1600
f 980//1601 1069//1601 975//1601
f 1069//1602 1071//1602 975//1602
f 1071//1603 1072//1603 975//1603
f 975//1604 1072//1604 974//1604
f 1072//1605 1073//1605 974//1605
f 1073//1606 1074//1606 974//1606
f 974//1607 1074//1607 963//1607
f 1074//1608 972//1608 963//1608
f 1069//1609 1075//1609 1071//1609
f 1070//1610 1075//1610 1069//1610
f 1071//1611 1076//1611 1072//1611
f 1075//1612 1076//1612 1071//1612
f 1072//1613 1077//1613 1073//1613
f 1076//1614 1077//1614 1072//1614
f 1077//1615 1078//1615 1073//1615
f 1073//1616 1078//1616 1074//1616
f 1078//1617 1079//1617 1074//1617
f 1074//1618 1079//1618 972//1618
f 1079//1619 1080//1619 972//1619
f 1079//1620 1081//1620 1080//1620
f 1081//1621 1082//1621 1080//1621
f 1083//1622 1081//1622 1079//1622
f 1078//1623 1083//1623 1079//1623
f 1084//1624 1083//1624 1078//1624
f 1077//1625 1084//1625 1078//1625
f 1085//1626 1084//1626 1077//1626
f 1076//1627 1085//1627 1077//1627
f 1086//1628 1085//1628 1076//1628
f 1075//1629 1086//1629 1076//1629
f 1087//1630 1086//1630 1075//1630
f 1070//1631 1087//1631 1075//1631
f 1088//1632 1087//1632 1070//1632
f 1067//1633 1088//1633 1070//1633
f 1089//1634 1088//1634 1067//1634
f 1066//1635 1089//1635 1067//1635
f 1060//1636 1089//1636 1066//1636
f 1059//1637 1060//1637 1066//1637
f 1090//1638 1091//1638 926//1638
f 926//1639 1091//1639 927//1639
f 1091//1640 1092//1640 927//1640
f 927//1641 1092//1641 1015//1641
f 1093//1642 1090//1642 926//1642
f 928//1643 1093//1643 926//1643
f 1094//1644 1093//1644 928//1644
f 1095//1645 1094//1645 928//1645
f 934//1646 1095//1646 928//1646
f 1096//1647 1095//1647 934//1647
f 938//1648 1096//1648 934//1648
f 1097//1649 1096//1649 938//1649
f 1098//1650 1097//1650 938//1650
f 939//1651 1098//1651 938//1651
f 1099//1652 1098//1652 939//1652
f 948//1653 1099//1653 939//1653
f 1100//1654 1099//1654 948//1654
f 1101//1655 1100//1655 948//1655
f 952//1656 1101//1656 948//1656
f 1102//1657 1101//1657 952//1657
f 956//1658 1102//1658 952//1658
f 1103//1659 1102//1659 956//1659
f 1104//1660 1103//1660 956//1660
f 958//1661 1104//1661 956//1661
f 1105//1662 1104//1662 958//1662
f 1104//1663 1106//1663 1103//1663
f 1106//1664 1107//1664 1103//1664
f 1103//1665 1107//1665 1102//1665
f 1109//1666 1105//1666 958//1666
f 1108//1667 1109//1667 958//1667
f 1111//1668 1109//1668 1108//1668
f 1105//1669 1110//1669 1104//1669
f 1110//1670 1106//1670 1104//1670
f 1109//1671 1112//1671 1105//1671
f 1112//1672 1110//1672 1105//1672
f 959//1673 1111//1673 1108//1673
f 1113//1674 1111//1674 959//1674
f 973//1675 1113//1675 959//1675
f 972//1676 1080//1676 973//1676
f 973//1677 1114//1677 1113//1677
f 1080//1678 1114//1678 973//1678
f 1114//1679 1115//1679 1113//1679
f 1113//1680 1115//1680 1111//1680
f 1080//1681 1082//1681 1114//1681
f 1082//1682 1116//1682 1114//1682
f 1115//1683 1117//1683 1111//1683
f 1114//1684 1116//1684 1115//1684
f 1116//1685 1118//1685 1115//1685
f 1115//1686 1118//1686 1117//1686
f 1118//1687 1119//1687 1117//1687
f 1117//1688 1119//1688 1112//1688
f 1119//1689 1120//1689 1112//1689
f 1111//1690 1117//1690 1109//1690
f 1117//1691 1112//1691 1109//1691
f 1112//1692 1120//1692 1110//1692
f 1120//1693 1121//1693 1110//1693
f 1110//1694 1121//1694 1106//1694
f 1121//1695 1122//1695 1106//1695
f 1106//1696 1122//1696 1107//1696
f 1122//1697 1123//1697 1107//1697
f 1107//1698 1123//1698 1124//1698
f 1123//1699 1125//1699 1124//1699
f 1124//1700 1125//1700 1126//1700
f 1125//1701 1127//1701 1126//1701
f 1107//1702 1124//1702 1102//1702
f 1102//1703 1124//1703 1101//1703
f 1124//1704 1126//1704 1101//1704
f 1126//1705 1127//1705 1128//1705
f 1127//1706 1129//1706 1128//1706
f 1101//1707 1126//1707 1100//1707
f 1128//1708 1129//1708 1130//1708
f 1129//1709 1131//1709 1130//1709
f 1126//1710 1128//1710 1100//1710
f 1100//1711 1128//1711 1099//1711
f 1130//1712 1131//1712 1132//1712
f 1131//1713 1133//1713 1132//1713
f 1128//1714 1130//1714 1099//1714
f 1130//1715 1132//1715 1098//1715
f 1099//1716 1130//1716 1098//1716
f 1098//1717 1132//1717 1097//1717
f 1132//1718 1134//1718 1097//1718
f 1097//1719 1134//1719 1096//1719
f 1132//1720 1133//1720 1134//1720
f 1133//1721 1135//1721 1134//1721
f 1134//1722 1136//1722 1096//1722
f 1096//1723 1136//1723 1095//1723
f 1136//1724 1137//1724 1095//1724
f 1095//1725 1137//1725 1094//1725
f 1094//1726 1138//1726 1093//1726
f 1137//1727 1138//1727 1094//1727
f 1093//1728 1139//1728 1090//1728
f 1138//1729 1139//1729 1093//1729
f 1139//1730 1140//1730 1090//1730
f 1139//1731 1141//1731 1140//1731
f 1141//1732 1142//1732 1140//1732
f 1140//1733 1142//1733 1143//1733
f 1142//1734 1144//1734 1143//1734
f 1143//1735 1144//1735 1145//1735
f 1144//1736 1146//1736 1145//1736
f 1138//1737 1147//1737 1139//1737
f 1147//1738 1141//1738 1139//1738
f 1148//1739 1147//1739 1138//1739
f 1137//1740 1148//1740 1138//1740
f 1149//1741 1148//1741 1137//1741
f 1136//1742 1149//1742 1137//1742
f 1135//1743 1149//1743 1136//1743
f 1134//1744 1135//1744 1136//1744
f 1140//1745 1143//1745 1091//1745
f 1090//1746 1140//1746 1091//1746
f 1091//1747 1143//1747 1092//1747
f 1143//1748 1145//1748 1092//1748
f 1145//1749 1146//1749 1150//1749
f 1146//1750 1151//1750 1150//1750
f 1145//1751 1150//1751 1152//1751
f 1092//1752 1145//1752 1152//1752
f 1092//1753 1152//1753 1015//1753
f 1152//1754 1150//1754 1016//1754
f 1150//1755 1028//1755 1016//1755
f 1150//1756 1151//1756 1028//1756
f 1151//1757 1042//1757 1028//1757
f 1152//1758 1016//1758 1015//1758
f 1015//1759 916//1759 922//1759
f 927//1760 1015//1760 922//1760
f 959//1761 1108//1761 957//1761
f 1108//1762 953//1762 957//1762
f 1108//1763 958//1763 953//1763
f 958//1764 949//1764 953//1764
f 330//1765 1153//1765 299//1765
f 299//1766 1153//1766 308//1766
f 1153//1767 331//1767 308//1767
f 423//1768 420//1768 445//1768
f 1154//1769 1155//1769 819//1769
f 226//1770 1154//1770 819//1770
f 1156//1771 1154//1771 226//1771
f 1157//1772 1156//1772 226//1772
f 1158//1773 1157//1773 226//1773
f 1159//1774 1158//1774 226//1774
f 1160//1775 1159//1775 226//1775
f 225//1776 1160//1776 226//1776
f 1161//1777 1160//1777 225//1777
f 1162//1778 1161//1778 225//1778
f 1163//1779 1162//1779 225//1779
f 1164//1780 1163//1780 225//1780
f 1165//1781 1164//1781 225//1781
f 1166//1782 1165//1782 225//1782
f 619//1783 1166//1783 225//1783
f 1167//1784 1166//1784 619//1784
f 1168//1785 1167//1785 619//1785
f 1169//1786 1168//1786 619//1786
f 593//1787 1169//1787 619//1787
f 1170//1788 1169//1788 593//1788
f 1171//1789 1170//1789 593//1789
f 1172//1790 1171//1790 593//1790
f 1173//1791 1172//1791 593//1791
f 691//1792 1173//1792 593//1792
f 1174//1793 1173//1793 691//1793
f 1175//1794 1174//1794 691//1794
f 1176//1795 1175//1795 691//1795
f 1177//1796 1176//1796 691//1796
f 1178//1797 1177//1797 691//1797
f 1179//1798 1178//1798 691//1798
f 1180//1799 1179//1799 691//1799
f 693//1800 1180//1800 691//1800
f 1181//1801 1180//1801 693//1801
f 1182//1802 1181//1802 693//1802
f 1183//1803 1182//1803 693//1803
f 1184//1804 1183//1804 693//1804
f 724//1805 1184//1805 693//1805
f 1185//1806 1184//1806 724//1806
f 1186//1807 1185//1807 724//1807
f 1187//1808 1186//1808 724//1808
f 726//1809 1187//1809 724//1809
f 1188//1810 1187//1810 726//1810
f 1189//1811 1188//1811 726//1811
f 1190//1812 1189//1812 726//1812
f 1191//1813 1190//1813 726//1813
f 818//1814 1191//1814 726//1814
f 1192//1815 1191//1815 818//1815
f 1193//1816 1192//1816 818//1816
f 1194//1817 1193//1817 818//1817
f 1195//1818 1194//1818 818//1818
f 1196//1819 1195//1819 818//1819
f 1197//1820 1196//1820 818//1820
f 819//1821 1197//1821 818//1821
f 1198//1822 1197//1822 819//1822
f 1155//1823 1198//1823 819//1823
f 1178//209 1176//209 1177//209
f 1178//978 1175//978 1176//978
f 1178//978 1174//978 1175//978
f 1178//1285 1173//1285 1174//1285
f 1178//978 1172//978 1173//978
f 1178//1285 1171//1285 1172//1285
f 1178//209 1170//209 1171//209
f 1178//209 1169//209 1170//209
f 1178//209 1168//209 1169//209
f 1178//209 1167//209 1168//209
f 1178//209 1166//209 1167//209
f 1178//209 1165//209 1166//209
f 1178//209 1164//209 1165//209
f 1178//209 1163//209 1164//209
f 1178//209 1162//209 1163//209
f 1178//209 1161//209 1162//209
f 1178//209 1160//209 1161//209
f 1178//209 1159//209 1160//209
f 1178//209 1158//209 1159//209
f 1178//209 1157//209 1158//209
f 1178//209 1156//209 1157//209
f 1178//209 1154//209 1156//209
f 1178//209 1155//209 1154//209
f 1178//209 1198//209 1155//209
f 1178//209 1197//209 1198//209
f 1178//209 1196//209 1197//209
f 1178//209 1195//209 1196//209
f 1178//209 1194//209 1195//209
f 1178//209 1193//209 1194//209
f 1178//209 1192//209 1193//209
f 1178//209 1191//209 1192//209
f 1178//209 1190//209 1191//209
f 1178//209 1189//209 1190//209
f 1178//209 1188//209 1189//209
f 1178//209 1187//209 1188//209
f 1178//209 1186//209 1187//209
f 1178//209 1185//209 1186//209
f 1178//209 1184//209 1185//209
f 1178//209 1183//209 1184//209
f 1178//209 1182//209 1183//209
f 1178//978 1181//978 1182//978
f 1178//209 1180//209 1181//209
f 1178//1824 1179//1824 1180//1824
f 1179//1825 1181//1825 1180//1825
f 1179//1826 1182//1826 1181//1826
f 1179//1827 1183//1827 1182//1827
f 1179//1828 1184//1828 1183//1828
f 1179//1828 1185//1828 1184//1828
f 1179//1828 1186//1828 1185//1828
f 1179//1828 1187//1828 1186//1828
f 1179//1828 1188//1828 1187//1828
f 1179//1828 1189//1828 1188//1828
f 1179//1828 1190//1828 1189//1828
f 1179//1828 1191//1828 1190//1828
f 1179//1828 1192//1828 1191//1828
f 1179//1828 1193//1828 1192//1828
f 1179//1828 1194//1828 1193//1828
f 1179//1828 1195//1828 1194//1828
f 1179//1828 1196//1828 1195//1828
f 1179//1828 1197//1828 1196//1828
f 1179//1828 1198//1828 1197//1828
f 1179//1828 1155//1828 1198//1828
f 1179//1828 1154//1828 1155//1828
f 1179//1828 1156//1828 1154//1828
f 1179//1828 1157//1828 1156//1828
f 1179//1828 1158//1828 1157//1828
f 1179//1828 1159//1828 1158//1828
f 1179//1828 1160//1828 1159//1828
f 1179//1828 1161//1828 1160//1828
f 1179//1828 1162//1828 1161//1828
f 1179//1828 1163//1828 1162//1828
f 1179//1828 1164//1828 1163//1828
f 1179//1828 1165//1828 1164//1828
f 1179//1828 1166//1828 1165//1828
f 1179//1828 1167//1828 1166//1828
f 1179//1828 1168//1828 1167//1828
f 1179//1828 1169//1828 1168//1828
f 1179//1828 1170//1828 1169//1828
f 1179//1828 1171//1828 1170//1828
f 1179//1828 1172//1828 1171//1828
f 1179//1828 1173//1828 1172//1828
f 1179//1828 1174//1828 1173//1828
f 1179//1827 1175//1827 1174//1827
f 1179//1829 1176//1829 1175//1829
f 1179//1828 1177//1828 1176//1828
f 1179//1828 1178//1828 1177//1828
f 1199//1830 1200//1830 1201//1830
f 1201//1831 1200//1831 1202//1831
f 1200//1832 1203//1832 1202//1832
f 1202//1833 1203//1833 1204//1833
f 1201//1834 1202//1834 1205//1834
f 1202//1835 1204//1835 1205//1835
f 1205//1836 1204//1836 1206//1836
f 1207//1837 1205//1837 1208//1837
f 1205//1838 1206//1838 1208//1838
f 1209//1839 1200//1839 1199//1839
f 1209//1840 1203//1840 1200//1840
f 1209//1841 1210//1841 1211//1841
f 1211//1842 1203//1842 1209//1842
f 1211//1843 1210//1843 1212//1843
f 1213//1844 1214//1844 1215//1844
f 1215//1845 1214//1845 1216//1845
f 1214//1846 1199//1846 1216//1846
f 1216//1847 1199//1847 1201//1847
f 1215//1848 1216//1848 1217//1848
f 1216//1849 1201//1849 1217//1849
f 1217//1850 1201//1850 1205//1850
f 1218//1851 1217//1851 1207//1851
f 1217//1852 1205//1852 1207//1852
f 1219//1853 1214//1853 1213//1853
f 1220//1854 1214//1854 1219//1854
f 1220//1855 1199//1855 1214//1855
f 1220//1856 1219//1856 1221//1856
f 1210//1857 1220//1857 1221//1857
f 1209//1858 1220//1858 1210//1858
f 1209//1859 1199//1859 1220//1859
f 1222//1860 1223//1860 1224//1860
f 1224//1861 1223//1861 1225//1861
f 1223//1862 1213//1862 1225//1862
f 1225//1863 1213//1863 1215//1863
f 1224//1864 1225//1864 1226//1864
f 1225//1865 1215//1865 1226//1865
f 1226//1866 1215//1866 1217//1866
f 1227//1867 1226//1867 1218//1867
f 1226//1868 1217//1868 1218//1868
f 1228//1869 1223//1869 1222//1869
f 1219//1870 1223//1870 1228//1870
f 1219//1871 1213//1871 1223//1871
f 1219//1872 1228//1872 1229//1872
f 1221//1873 1219//1873 1229//1873
f 1230//1874 1231//1874 1232//1874
f 1232//1875 1231//1875 1233//1875
f 1231//1876 1234//1876 1233//1876
f 1233//1877 1234//1877 1235//1877
f 1232//1878 1233//1878 1236//1878
f 1236//1879 1233//1879 1237//1879
f 1233//1880 1235//1880 1237//1880
f 1237//1881 1235//1881 1238//1881
f 1237//1882 1239//1882 1236//1882
f 1239//1883 1237//1883 1240//1883
f 1237//1884 1238//1884 1240//1884
f 1241//1885 1231//1885 1230//1885
f 1241//1886 1234//1886 1231//1886
f 1241//1887 1242//1887 1243//1887
f 1243//1888 1234//1888 1241//1888
f 1243//1889 1242//1889 1244//1889
f 1245//1890 1246//1890 1247//1890
f 1247//1891 1246//1891 1248//1891
f 1246//1892 1230//1892 1248//1892
f 1248//1893 1230//1893 1232//1893
f 1247//1894 1248//1894 1249//1894
f 1249//1895 1248//1895 1236//1895
f 1248//1896 1232//1896 1236//1896
f 1236//1897 1250//1897 1249//1897
f 1250//1898 1236//1898 1239//1898
f 1251//1899 1246//1899 1245//1899
f 1252//1900 1246//1900 1251//1900
f 1252//1901 1230//1901 1246//1901
f 1252//1902 1251//1902 1253//1902
f 1242//1903 1252//1903 1253//1903
f 1241//1904 1252//1904 1242//1904
f 1241//1905 1230//1905 1252//1905
f 1254//1906 1255//1906 1256//1906
f 1256//1907 1255//1907 1257//1907
f 1255//1908 1245//1908 1257//1908
f 1257//1909 1245//1909 1247//1909
f 1256//1910 1257//1910 1258//1910
f 1258//1911 1257//1911 1249//1911
f 1257//1912 1247//1912 1249//1912
f 1249//1913 1259//1913 1258//1913
f 1259//1914 1249//1914 1250//1914
f 1260//1915 1255//1915 1254//1915
f 1251//1916 1255//1916 1260//1916
f 1251//1917 1245//1917 1255//1917
f 1251//1918 1260//1918 1261//1918
f 1253//1919 1251//1919 1261//1919
f 1262//1920 1263//1920 1264//1920
f 1264//1921 1263//1921 1265//1921
f 1263//1922 1266//1922 1265//1922
f 1265//1923 1266//1923 1267//1923
f 1264//1924 1265//1924 1268//1924
f 1268//1925 1265//1925 1269//1925
f 1265//1926 1267//1926 1269//1926
f 1269//1927 1270//1927 1268//1927
f 1270//1928 1269//1928 1271//1928
f 1272//1929 1263//1929 1262//1929
f 1273//1930 1263//1930 1272//1930
f 1273//1931 1266//1931 1263//1931
f 1273//1932 1272//1932 1274//1932
f 1274//1933 1272//1933 1275//1933
f 1276//1934 1273//1934 1274//1934
f 1276//1935 1266//1935 1273//1935
f 1277//1936 1278//1936 1279//1936
f 1279//1937 1278//1937 1280//1937
f 1278//1938 1262//1938 1280//1938
f 1280//1939 1262//1939 1264//1939
f 1279//1940 1280//1940 1281//1940
f 1280//1941 1264//1941 1281//1941
f 1281//1942 1264//1942 1268//1942
f 1282//1943 1281//1943 1270//1943
f 1281//1944 1268//1944 1270//1944
f 1283//1945 1278//1945 1277//1945
f 1272//1946 1278//1946 1283//1946
f 1272//1947 1262//1947 1278//1947
f 1272//1948 1283//1948 1275//1948
f 1275//1949 1283//1949 1284//1949
f 1285//1950 1286//1950 1287//1950
f 1287//1951 1286//1951 1288//1951
f 1286//1952 1289//1952 1288//1952
f 1288//1953 1289//1953 1290//1953
f 1287//1954 1288//1954 1291//1954
f 1291//1955 1288//1955 1292//1955
f 1288//1956 1290//1956 1292//1956
f 1292//1957 1293//1957 1291//1957
f 1293//1958 1292//1958 1294//1958
f 1295//1959 1286//1959 1285//1959
f 1295//1960 1289//1960 1286//1960
f 1295//1961 1296//1961 1297//1961
f 1297//1962 1289//1962 1295//1962
f 1297//1963 1296//1963 1298//1963
f 1299//1964 1300//1964 1301//1964
f 1301//1965 1300//1965 1302//1965
f 1300//1966 1303//1966 1302//1966
f 1302//1967 1303//1967 1304//1967
f 1301//1968 1302//1968 1305//1968
f 1305//1969 1302//1969 1306//1969
f 1302//1970 1304//1970 1306//1970
f 1306//1971 1307//1971 1305//1971
f 1307//1972 1306//1972 1308//1972
f 1309//1973 1300//1973 1299//1973
f 1309//1974 1303//1974 1300//1974
f 1309//1975 1310//1975 1311//1975
f 1311//1976 1303//1976 1309//1976
f 1311//1977 1310//1977 1312//1977
f 1313//1978 1314//1978 1315//1978
f 1315//1979 1314//1979 1316//1979
f 1314//1980 1317//1980 1316//1980
f 1316//1981 1317//1981 1318//1981
f 1315//1982 1316//1982 1319//1982
f 1319//1983 1316//1983 1320//1983
f 1316//1984 1318//1984 1320//1984
f 1320//1985 1321//1985 1319//1985
f 1321//1986 1320//1986 1322//1986
f 1323//1987 1314//1987 1313//1987
f 1323//1988 1317//1988 1314//1988
f 1323//1989 1324//1989 1325//1989
f 1325//1990 1317//1990 1323//1990
f 1325//1991 1324//1991 1326//1991
f 1327//1992 1328//1992 1322//1992
f 1322//1993 1328//1993 1321//1993
f 1329//1994 1327//1994 1322//1994
f 1330//1995 1327//1995 1329//1995
f 1330//1996 1329//1996 1307//1996
f 1330//1997 1307//1997 1331//1997
f 1331//1998 1307//1998 1308//1998
f 1331//1999 1308//1999 1332//1999
f 1332//2000 1308//2000 1333//2000
f 1293//2001 1332//2001 1333//2001
f 1334//2001 1332//2001 1293//2001
f 1294//2002 1334//2002 1293//2002
f 1335//2003 1334//2003 1294//2003
f 1336//2004 1335//2004 1294//2004
f 1337//2005 1335//2005 1336//2005
f 1337//2006 1336//2006 1338//2006
f 1337//2007 1338//2007 1339//2007
f 1339//2008 1338//2008 1282//2008
f 1339//2009 1282//2009 1340//2009
f 1340//2010 1282//2010 1270//2010
f 1271//2011 1340//2011 1270//2011
f 1341//2011 1340//2011 1271//2011
f 1259//2012 1341//2012 1271//2012
f 1342//2013 1341//2013 1259//2013
f 1250//2014 1342//2014 1259//2014
f 1343//2015 1342//2015 1250//2015
f 1343//2016 1250//2016 1239//2016
f 1343//2017 1239//2017 1344//2017
f 1344//2018 1239//2018 1240//2018
f 1344//2019 1240//2019 1345//2019
f 1345//2020 1240//2020 1346//2020
f 1347//2021 1345//2021 1346//2021
f 1348//2021 1345//2021 1347//2021
f 1227//2022 1348//2022 1347//2022
f 1349//2023 1348//2023 1227//2023
f 1218//2024 1349//2024 1227//2024
f 1350//2025 1349//2025 1218//2025
f 1350//2026 1218//2026 1207//2026
f 1350//2027 1207//2027 1351//2027
f 1351//2028 1207//2028 1208//2028
f 1351//2029 1208//2029 1352//2029
f 1352//2030 1208//2030 1353//2030
f 1321//2031 1352//2031 1353//2031
f 1328//2031 1352//2031 1321//2031
f 1345//2032 1348//2032 1354//2032
f 1355//2033 1345//2033 1354//2033
f 1344//2034 1345//2034 1355//2034
f 1356//2035 1344//2035 1355//2035
f 1343//2036 1344//2036 1356//2036
f 1357//2037 1343//2037 1356//2037
f 1342//2038 1343//2038 1357//2038
f 1358//2039 1342//2039 1357//2039
f 1341//2040 1342//2040 1358//2040
f 1359//2041 1341//2041 1358//2041
f 1340//2042 1341//2042 1359//2042
f 1360//2043 1340//2043 1359//2043
f 1339//2044 1340//2044 1360//2044
f 1361//2045 1339//2045 1360//2045
f 1337//2045 1339//2045 1361//2045
f 1362//2046 1337//2046 1361//2046
f 1335//2046 1337//2046 1362//2046
f 1363//2047 1335//2047 1362//2047
f 1334//2048 1335//2048 1363//2048
f 1364//2049 1334//2049 1363//2049
f 1332//2050 1334//2050 1364//2050
f 1365//2051 1332//2051 1364//2051
f 1331//2052 1332//2052 1365//2052
f 1366//2053 1331//2053 1365//2053
f 1330//2054 1331//2054 1366//2054
f 1367//2055 1330//2055 1366//2055
f 1327//2055 1330//2055 1367//2055
f 1368//2056 1327//2056 1367//2056
f 1328//2057 1327//2057 1368//2057
f 1369//2058 1328//2058 1368//2058
f 1352//2059 1328//2059 1369//2059
f 1370//2060 1352//2060 1369//2060
f 1351//2061 1352//2061 1370//2061
f 1371//2062 1351//2062 1370//2062
f 1350//2063 1351//2063 1371//2063
f 1372//2064 1350//2064 1371//2064
f 1349//2065 1350//2065 1372//2065
f 1373//2066 1349//2066 1372//2066
f 1348//2067 1349//2067 1373//2067
f 1354//2068 1348//2068 1373//2068
f 1374//2069 1375//2069 1376//2069
f 1376//2070 1375//2070 1377//2070
f 1375//2071 1313//2071 1377//2071
f 1377//2072 1313//2072 1315//2072
f 1376//2073 1377//2073 1378//2073
f 1377//2074 1315//2074 1378//2074
f 1378//2075 1315//2075 1319//2075
f 1353//2076 1378//2076 1321//2076
f 1378//2077 1319//2077 1321//2077
f 1379//2078 1375//2078 1374//2078
f 1380//2079 1375//2079 1379//2079
f 1380//2080 1313//2080 1375//2080
f 1380//2081 1379//2081 1381//2081
f 1324//2082 1380//2082 1381//2082
f 1323//2083 1380//2083 1324//2083
f 1323//2084 1313//2084 1380//2084
f 1203//2085 1382//2085 1204//2085
f 1204//2086 1382//2086 1383//2086
f 1382//2087 1374//2087 1383//2087
f 1383//2088 1374//2088 1376//2088
f 1204//2089 1383//2089 1206//2089
f 1383//2090 1376//2090 1206//2090
f 1206//2091 1376//2091 1378//2091
f 1208//2092 1206//2092 1353//2092
f 1206//2093 1378//2093 1353//2093
f 1211//2094 1382//2094 1203//2094
f 1379//2095 1382//2095 1211//2095
f 1379//2096 1374//2096 1382//2096
f 1379//2097 1211//2097 1212//2097
f 1381//2098 1379//2098 1212//2098
f 1384//2099 1385//2099 1386//2099
f 1386//2100 1385//2100 1387//2100
f 1385//2101 1222//2101 1387//2101
f 1387//2102 1222//2102 1224//2102
f 1386//2103 1387//2103 1388//2103
f 1388//2104 1387//2104 1389//2104
f 1387//2105 1224//2105 1389//2105
f 1389//2106 1224//2106 1226//2106
f 1389//2107 1347//2107 1388//2107
f 1347//2108 1389//2108 1227//2108
f 1389//2109 1226//2109 1227//2109
f 1390//2110 1385//2110 1384//2110
f 1390//2111 1222//2111 1385//2111
f 1390//2112 1391//2112 1228//2112
f 1228//2113 1222//2113 1390//2113
f 1228//2114 1391//2114 1229//2114
f 1392//2115 1393//2115 1394//2115
f 1394//2116 1393//2116 1395//2116
f 1393//2117 1384//2117 1395//2117
f 1395//2118 1384//2118 1386//2118
f 1394//2119 1395//2119 1396//2119
f 1396//2120 1395//2120 1388//2120
f 1395//2121 1386//2121 1388//2121
f 1388//2122 1346//2122 1396//2122
f 1346//2123 1388//2123 1347//2123
f 1397//2124 1393//2124 1392//2124
f 1398//2125 1393//2125 1397//2125
f 1398//2126 1384//2126 1393//2126
f 1398//2127 1397//2127 1399//2127
f 1391//2128 1398//2128 1399//2128
f 1390//2129 1398//2129 1391//2129
f 1390//2130 1384//2130 1398//2130
f 1234//2131 1400//2131 1235//2131
f 1235//2132 1400//2132 1401//2132
f 1400//2133 1392//2133 1401//2133
f 1401//2134 1392//2134 1394//2134
f 1235//2135 1401//2135 1238//2135
f 1401//2136 1394//2136 1238//2136
f 1238//2137 1394//2137 1396//2137
f 1240//2138 1238//2138 1346//2138
f 1238//2139 1396//2139 1346//2139
f 1243//2140 1400//2140 1234//2140
f 1397//2141 1400//2141 1243//2141
f 1397//2142 1392//2142 1400//2142
f 1397//2143 1243//2143 1244//2143
f 1399//2144 1397//2144 1244//2144
f 1266//2145 1402//2145 1267//2145
f 1267//2146 1402//2146 1403//2146
f 1402//2147 1254//2147 1403//2147
f 1403//2148 1254//2148 1256//2148
f 1267//2149 1403//2149 1269//2149
f 1269//2150 1403//2150 1258//2150
f 1403//2151 1256//2151 1258//2151
f 1258//2152 1271//2152 1269//2152
f 1271//2153 1258//2153 1259//2153
f 1276//2154 1254//2154 1402//2154
f 1260//2155 1254//2155 1276//2155
f 1276//2156 1404//2156 1260//2156
f 1276//2157 1402//2157 1266//2157
f 1404//2158 1276//2158 1274//2158
f 1260//2159 1404//2159 1261//2159
f 1405//2160 1406//2160 1407//2160
f 1407//2161 1406//2161 1408//2161
f 1406//2162 1277//2162 1408//2162
f 1408//2163 1277//2163 1279//2163
f 1407//2164 1408//2164 1409//2164
f 1409//2165 1408//2165 1410//2165
f 1408//2166 1279//2166 1410//2166
f 1410//2167 1279//2167 1281//2167
f 1410//2168 1338//2168 1409//2168
f 1338//2169 1410//2169 1282//2169
f 1410//2170 1281//2170 1282//2170
f 1411//2171 1406//2171 1405//2171
f 1411//2172 1277//2172 1406//2172
f 1411//2173 1412//2173 1283//2173
f 1283//2174 1277//2174 1411//2174
f 1283//2175 1412//2175 1284//2175
f 1413//2176 1414//2176 1415//2176
f 1415//2177 1414//2177 1416//2177
f 1414//2178 1405//2178 1416//2178
f 1416//2179 1405//2179 1407//2179
f 1415//2180 1416//2180 1417//2180
f 1417//2181 1416//2181 1409//2181
f 1416//2182 1407//2182 1409//2182
f 1409//2183 1336//2183 1417//2183
f 1336//2184 1409//2184 1338//2184
f 1418//2185 1414//2185 1413//2185
f 1419//2186 1414//2186 1418//2186
f 1419//2187 1405//2187 1414//2187
f 1419//2188 1418//2188 1420//2188
f 1412//2189 1419//2189 1420//2189
f 1411//2190 1419//2190 1412//2190
f 1411//2191 1405//2191 1419//2191
f 1289//2192 1421//2192 1290//2192
f 1290//2193 1421//2193 1422//2193
f 1421//2194 1413//2194 1422//2194
f 1422//2195 1413//2195 1415//2195
f 1290//2196 1422//2196 1292//2196
f 1292//2197 1422//2197 1417//2197
f 1422//2198 1415//2198 1417//2198
f 1417//2199 1294//2199 1292//2199
f 1294//2200 1417//2200 1336//2200
f 1297//2201 1421//2201 1289//2201
f 1418//2202 1421//2202 1297//2202
f 1418//2203 1413//2203 1421//2203
f 1418//2204 1297//2204 1298//2204
f 1420//2205 1418//2205 1298//2205
f 1423//2206 1424//2206 1425//2206
f 1425//2207 1424//2207 1426//2207
f 1424//2208 1285//2208 1426//2208
f 1426//2209 1285//2209 1287//2209
f 1425//2210 1426//2210 1427//2210
f 1427//2211 1426//2211 1291//2211
f 1426//2212 1287//2212 1291//2212
f 1291//2213 1333//2213 1427//2213
f 1333//2214 1291//2214 1293//2214
f 1428//2215 1424//2215 1423//2215
f 1429//2216 1424//2216 1428//2216
f 1429//2217 1285//2217 1424//2217
f 1429//2218 1428//2218 1430//2218
f 1296//2219 1429//2219 1430//2219
f 1295//2220 1429//2220 1296//2220
f 1295//2221 1285//2221 1429//2221
f 1303//2222 1431//2222 1304//2222
f 1304//2223 1431//2223 1432//2223
f 1431//2224 1423//2224 1432//2224
f 1432//2225 1423//2225 1425//2225
f 1304//2226 1432//2226 1306//2226
f 1306//2227 1432//2227 1427//2227
f 1432//2228 1425//2228 1427//2228
f 1427//2229 1308//2229 1306//2229
f 1308//2230 1427//2230 1333//2230
f 1311//2231 1431//2231 1303//2231
f 1428//2232 1431//2232 1311//2232
f 1428//2233 1423//2233 1431//2233
f 1428//2234 1311//2234 1312//2234
f 1430//2235 1428//2235 1312//2235
f 1433//2236 1434//2236 1435//2236
f 1435//2237 1434//2237 1436//2237
f 1434//2238 1299//2238 1436//2238
f 1436//2239 1299//2239 1301//2239
f 1435//2240 1436//2240 1437//2240
f 1437//2241 1436//2241 1305//2241
f 1436//2242 1301//2242 1305//2242
f 1305//2243 1329//2243 1437//2243
f 1329//2244 1305//2244 1307//2244
f 1438//2245 1434//2245 1433//2245
f 1439//2246 1434//2246 1438//2246
f 1439//2247 1299//2247 1434//2247
f 1439//2248 1438//2248 1440//2248
f 1310//2249 1439//2249 1440//2249
f 1309//2250 1439//2250 1310//2250
f 1309//2251 1299//2251 1439//2251
f 1317//2252 1441//2252 1318//2252
f 1318//2253 1441//2253 1442//2253
f 1441//2254 1433//2254 1442//2254
f 1442//2255 1433//2255 1435//2255
f 1318//2256 1442//2256 1320//2256
f 1320//2257 1442//2257 1437//2257
f 1442//2258 1435//2258 1437//2258
f 1437//2259 1322//2259 1320//2259
f 1322//2260 1437//2260 1329//2260
f 1325//2261 1441//2261 1317//2261
f 1438//2262 1441//2262 1325//2262
f 1438//2263 1433//2263 1441//2263
f 1438//2264 1325//2264 1326//2264
f 1440//2265 1438//2265 1326//2265
f 1445//2266 1443//2266 1444//2266
f 1445//2267 1446//2267 1443//2267
f 1448//2268 1445//2268 1447//2268
f 1449//2269 1445//2269 1448//2269
f 1449//2270 1446//2270 1445//2270
f 1450//2271 1446//2271 1449//2271
f 1451//2272 1450//2272 1449//2272
f 1452//2273 1450//2273 1451//2273
f 1452//2274 1453//2274 1450//2274
f 1455//2275 1452//2275 1454//2275
f 1455//2276 1453//2276 1452//2276
f 1456//2277 1453//2277 1455//2277
f 1458//2278 1457//2278 1451//2278
f 1449//2279 1458//2279 1451//2279
f 1459//2280 1458//2280 1449//2280
f 1448//2281 1459//2281 1449//2281
f 1454//2282 1460//2282 1455//2282
f 1461//2283 1447//2283 1444//2283
f 1461//2284 1444//2284 1462//2284
f 1463//2285 1462//2285 1444//2285
f 1444//2286 1443//2286 1463//2286
f 1464//2287 1462//2287 1463//2287
f 1447//2288 1445//2288 1444//2288
f 1465//2289 1463//2289 1443//2289
f 1466//2290 1463//2290 1465//2290
f 1468//2291 1466//2291 1467//2291
f 1464//2292 1463//2292 1468//2292
f 1468//2293 1463//2293 1466//2293
f 1469//2294 1467//2294 1466//2294
f 1470//2295 1467//2295 1469//2295
f 1470//2296 1469//2296 1471//2296
f 1471//2297 1469//2297 1472//2297
f 1472//2298 1469//2298 1473//2298
f 1474//2299 1472//2299 1473//2299
f 1475//2300 1472//2300 1474//2300
f 1476//2301 1475//2301 1474//2301
f 1476//2302 1474//2302 1477//2302
f 1478//2303 1472//2303 1475//2303
f 1476//2304 1478//2304 1475//2304
f 1479//2305 1478//2305 1476//2305
f 1480//2306 1479//2306 1476//2306
f 1481//2307 1480//2307 1476//2307
f 1481//2308 1476//2308 1477//2308
f 1482//2309 1480//2309 1481//2309
f 1482//2310 1481//2310 1483//2310
f 1481//2311 1477//2311 1483//2311
f 1483//2312 1477//2312 1484//2312
f 1485//2313 1472//2313 1478//2313
f 1485//2314 1471//2314 1472//2314
f 1486//2315 1482//2315 1483//2315
f 1487//2316 1486//2316 1483//2316
f 1487//2317 1483//2317 1488//2317
f 1488//2318 1483//2318 1489//2318
f 1483//2319 1484//2319 1489//2319
f 1488//2320 1489//2320 1490//2320
f 1489//2321 1484//2321 1491//2321
f 1489//2322 1491//2322 1492//2322
f 1491//2323 1493//2323 1492//2323
f 1492//2324 1493//2324 1494//2324
f 1492//2325 1494//2325 1495//2325
f 1495//2326 1494//2326 1496//2326
f 1490//2327 1489//2327 1497//2327
f 1497//2328 1489//2328 1492//2328
f 1495//2329 1498//2329 1492//2329
f 1498//2330 1497//2330 1492//2330
f 1494//2331 1493//2331 1499//2331
f 1500//2332 1496//2332 1501//2332
f 1501//2333 1502//2333 1500//2333
f 1502//2334 1501//2334 1503//2334
f 1503//2335 1501//2335 1504//2335
f 1505//2336 1504//2336 1499//2336
f 1506//2337 1503//2337 1504//2337
f 1507//2338 1506//2338 1504//2338
f 1508//2339 1506//2339 1507//2339
f 1509//2340 1508//2340 1507//2340
f 1510//2341 1509//2341 1511//2341
f 1509//2342 1507//2342 1511//2342
f 1510//2343 1511//2343 1513//2343
f 1511//2344 1512//2344 1513//2344
f 1514//2345 1513//2345 1512//2345
f 1515//2346 1513//2346 1514//2346
f 1516//2347 1515//2347 1514//2347
f 1517//2348 1515//2348 1516//2348
f 1518//2349 1517//2349 1516//2349
f 1518//2350 1516//2350 1455//2350
f 1516//2351 1456//2351 1455//2351
f 1520//2352 1515//2352 1519//2352
f 1520//2353 1513//2353 1515//2353
f 1521//2354 1513//2354 1520//2354
f 1521//2355 1510//2355 1513//2355
f 1519//2356 1515//2356 1517//2356
f 1460//2357 1518//2357 1455//2357
f 1420//2358 1456//2358 1412//2358
f 1456//2359 1420//2359 1453//2359
f 1420//2360 1298//2360 1453//2360
f 1453//2361 1298//2361 1450//2361
f 1296//2362 1450//2362 1298//2362
f 1430//2363 1450//2363 1296//2363
f 1450//2364 1430//2364 1446//2364
f 1430//2365 1312//2365 1446//2365
f 1446//2366 1312//2366 1443//2366
f 1310//2367 1443//2367 1312//2367
f 1440//2368 1443//2368 1310//2368
f 1443//2369 1440//2369 1465//2369
f 1440//2370 1326//2370 1465//2370
f 1465//2371 1473//2371 1466//2371
f 1469//2372 1466//2372 1473//2372
f 1465//2373 1326//2373 1473//2373
f 1324//2374 1473//2374 1326//2374
f 1381//2375 1473//2375 1324//2375
f 1473//2376 1381//2376 1474//2376
f 1381//2377 1212//2377 1474//2377
f 1474//2378 1212//2378 1477//2378
f 1210//2379 1477//2379 1212//2379
f 1210//2380 1484//2380 1477//2380
f 1221//2381 1484//2381 1210//2381
f 1221//2382 1229//2382 1484//2382
f 1229//2383 1491//2383 1484//2383
f 1391//2384 1491//2384 1229//2384
f 1399//2385 1491//2385 1391//2385
f 1491//2386 1399//2386 1493//2386
f 1399//2387 1244//2387 1493//2387
f 1493//2388 1244//2388 1499//2388
f 1242//2389 1499//2389 1244//2389
f 1501//2390 1499//2390 1504//2390
f 1253//2391 1499//2391 1242//2391
f 1499//2392 1253//2392 1505//2392
f 1253//2393 1261//2393 1505//2393
f 1507//2394 1504//2394 1505//2394
f 1511//2395 1507//2395 1505//2395
f 1511//2396 1505//2396 1512//2396
f 1261//2397 1512//2397 1505//2397
f 1404//2398 1512//2398 1261//2398
f 1274//2399 1512//2399 1404//2399
f 1274//2400 1275//2400 1512//2400
f 1512//2401 1275//2401 1514//2401
f 1275//2402 1284//2402 1514//2402
f 1284//2403 1516//2403 1514//2403
f 1412//2404 1516//2404 1284//2404
f 1412//2405 1456//2405 1516//2405
f 1457//2406 1522//2406 1451//2406
f 1451//2407 1522//2407 1452//2407
f 1522//2408 1454//2408 1452//2408
f 1496//2409 1494//2409 1501//2409
f 1494//2410 1499//2410 1501//2410
