# Blender 5.1.0
# www.blender.org
mtllib es6_tire_RR.mtl
o es6_tire_RR
v -1.031723 0.382968 -1.351949
v -1.031076 0.382989 -1.351719
v -1.027928 0.382918 -1.334742
v -1.027941 0.374207 -1.335715
v -1.027940 0.363466 -1.341099
v -1.027940 0.355473 -1.349924
v -1.027932 0.350865 -1.362530
v -1.027939 0.351634 -1.375020
v -1.031775 0.372970 -1.356084
v -1.031736 0.368578 -1.369850
v -1.031087 0.368449 -1.365554
v -1.031087 0.374675 -1.355152
v -1.031747 0.375832 -1.379397
v -1.027940 0.356606 -1.385756
v -1.027965 0.369094 -1.396666
v -1.027924 0.382930 -1.399258
v -1.031091 0.382941 -1.382118
v -1.031087 0.373543 -1.378048
v -1.031493 0.394438 -1.366957
v -1.028045 0.410545 -1.350131
v -1.028037 0.405016 -1.391002
v -1.028028 0.410507 -1.383721
v -1.028040 0.397665 -1.395645
v -1.031314 0.384100 -1.382593
v -1.031126 0.383099 -1.381024
v -1.031985 0.383149 -1.366928
v -1.030519 0.401434 -1.374518
v -1.031126 0.383099 -1.352832
v -1.031322 0.384093 -1.351274
v -1.028039 0.405012 -1.342860
v -1.030943 0.398780 -1.361600
v -1.028040 0.397667 -1.338218
v -1.056789 0.096979 -1.388419
v -1.038674 0.336245 -1.377732
v -1.057443 0.312993 -1.607777
v -1.056615 0.272494 -1.622545
v -1.056498 0.305294 -1.642477
v -1.056921 0.315319 -1.644851
v -1.038821 0.379136 -1.414786
v -1.056921 0.626449 -1.517075
v -1.038770 0.427416 -1.385037
v -1.056614 0.622592 -1.224898
v -1.056561 0.606520 -1.190491
v -1.038561 0.415954 -1.331959
v -1.039768 0.416032 -1.327258
v -1.052777 0.473411 -1.290422
v -1.039877 0.422381 -1.332073
v -1.055580 0.482462 -1.260428
v -1.057793 0.534725 -1.238325
v -1.057518 0.538392 -1.201535
v -1.056485 0.567153 -1.146985
v -1.056518 0.601317 -1.181618
v -1.056888 0.534553 -1.129954
v -1.056448 0.508473 -1.108476
v -1.056756 0.542144 -1.143787
v -1.057347 0.541319 -1.173733
v -1.056676 0.493438 -1.110363
v -1.056447 0.451045 -1.088478
v -1.056803 0.417906 -1.088475
v -1.056449 0.403202 -1.080715
v -1.057441 0.297922 -1.130818
v -1.056661 0.321958 -1.095021
v -1.056474 0.283689 -1.098240
v -1.056450 0.333462 -1.083851
v -1.039012 0.357095 -1.326026
v -1.056449 0.117045 -1.259250
v -1.056717 0.112813 -1.295481
v -1.056450 0.098507 -1.326491
v -1.056677 0.105477 -1.340102
v -1.056672 0.107037 -1.343639
v -1.056502 0.096810 -1.378205
v -1.057452 0.132176 -1.374764
v -1.056526 0.144511 -1.513288
v -1.056448 0.129566 -1.502169
v -1.056447 0.164313 -1.552128
v -1.056731 0.185909 -1.565784
v -1.056418 0.121159 -1.464733
v -1.056484 0.108277 -1.448467
v -1.056501 0.123578 -1.453208
v -1.057507 0.159551 -1.409475
v -1.056484 0.225207 -1.378481
v -1.056695 0.221628 -1.397214
v -1.046725 0.301396 -1.384364
v -1.046650 0.298509 -1.372872
v -1.040434 0.327560 -1.370896
v -1.041257 0.324360 -1.370783
v -1.056449 0.198425 -1.586464
v -1.056714 0.239419 -1.606883
v -1.056451 0.256630 -1.624871
v -1.056449 0.534839 -1.610167
v -1.056731 0.511295 -1.615691
v -1.056447 0.491706 -1.631984
v -1.056526 0.448582 -1.638854
v -1.056447 0.442916 -1.647369
v -1.056448 0.393267 -1.653227
v -1.056407 0.395160 -1.646059
v -1.056481 0.345816 -1.651192
v -1.056503 0.384933 -1.640216
v -1.057505 0.354458 -1.592499
v -1.056586 0.344980 -1.521660
v -1.056593 0.362216 -1.528396
v -1.048383 0.372838 -1.460392
v -1.041223 0.369114 -1.421816
v -1.056714 0.566939 -1.577476
v -1.056450 0.589341 -1.566678
v -1.056661 0.592052 -1.550919
v -1.056484 0.621115 -1.525823
v -1.057450 0.590471 -1.507840
v -1.056449 0.661303 -1.297612
v -1.056695 0.649658 -1.278996
v -1.056542 0.663219 -1.366733
v -1.056447 0.668707 -1.345352
v -1.056447 0.668267 -1.396463
v -1.056679 0.654717 -1.430993
v -1.056448 0.658506 -1.445476
v -1.056759 0.650414 -1.446660
v -1.056481 0.641907 -1.489985
v -1.057507 0.588726 -1.463666
v -1.056588 0.518468 -1.450802
v -1.056594 0.530197 -1.436486
v -1.048245 0.467771 -1.404967
v -1.047209 0.457714 -1.413435
v -1.040568 0.429899 -1.396405
v -1.056460 0.641573 -1.242828
v -1.056507 0.617309 -1.205073
v -1.057451 0.581165 -1.213045
v -1.056558 0.377632 -1.087694
v -1.048802 0.346645 -1.277480
v -1.040396 0.362329 -1.315900
v -1.050225 0.330374 -1.273830
v -1.056808 0.301543 -1.217396
v -1.056678 0.321263 -1.216127
v -1.057003 0.274153 -1.102210
v -1.057656 0.276229 -1.169129
v -1.056576 0.229415 -1.127027
v -1.056461 0.263476 -1.106701
v -1.056450 0.193852 -1.151398
v -1.056415 0.208952 -1.148129
v -1.056503 0.220668 -1.146863
v -1.056527 0.169912 -1.185422
v -1.056448 0.150242 -1.198402
v -1.056731 0.132829 -1.240978
v -1.056903 0.160777 -1.222650
v -1.057221 0.155324 -1.231447
v -1.057738 0.225571 -1.246719
v -1.057784 0.221933 -1.240152
v -1.057577 0.218380 -1.478723
v -1.057602 0.216438 -1.478876
v -1.057271 0.212539 -1.481076
v -1.057526 0.219467 -1.479239
v -1.057139 0.177410 -1.533161
v -1.057220 0.183872 -1.541464
v -1.057159 0.177610 -1.535013
v -1.057168 0.177614 -1.535027
v -1.056902 0.477934 -1.614024
v -1.057221 0.487523 -1.610112
v -1.057629 0.440964 -1.556959
v -1.057567 0.439095 -1.564302
v -1.057568 0.439349 -1.557113
v -1.057534 0.438650 -1.557644
v -1.057217 0.646650 -1.342526
v -1.056901 0.647410 -1.352862
v -1.057738 0.580851 -1.371473
v -1.057784 0.587666 -1.374638
v -1.056902 0.451398 -1.110974
v -1.057220 0.441338 -1.108508
v -1.057784 0.453645 -1.174532
v -1.057738 0.448530 -1.180034
v -1.054404 0.109826 -1.340840
v -1.055112 0.135972 -1.341975
v -1.036592 0.323242 -1.385663
v -1.032413 0.339344 -1.382382
v -1.036787 0.321696 -1.401617
v -1.035419 0.327982 -1.393044
v -1.031750 0.343138 -1.387840
v -0.995827 0.321903 -1.401054
v -0.995827 0.339360 -1.388215
v -0.995827 0.328180 -1.392893
v -0.995827 0.320743 -1.415882
v -1.037445 0.321445 -1.417920
v -0.995827 0.329635 -1.426988
v -0.995827 0.356763 -1.394885
v -0.995827 0.349541 -1.389971
v -1.029946 0.360525 -1.398853
v -1.029256 0.359663 -1.393365
v -1.029198 0.348163 -1.369249
v -1.031406 0.341852 -1.376697
v -1.034485 0.328830 -1.365711
v -1.048470 0.262691 -1.371247
v -1.041140 0.290215 -1.347298
v -1.055090 0.196580 -1.377121
v -1.054158 0.097297 -1.385648
v -1.053995 0.201548 -1.344421
v -1.054933 0.135767 -1.375222
v -1.054068 0.096922 -1.381077
v -1.054337 0.103656 -1.433778
v -1.054337 0.097520 -1.388323
v -1.054337 0.132226 -1.507056
v -1.054337 0.180868 -1.571057
v -1.050227 0.360875 -1.581704
v -1.050333 0.361645 -1.588415
v -1.050507 0.363910 -1.594773
v -1.051542 0.376037 -1.616639
v -1.052264 0.388254 -1.636206
v -1.056178 0.654363 -1.434523
v -1.052060 0.644910 -1.441710
v -1.052229 0.647345 -1.436846
v -1.052263 0.640736 -1.445042
v -1.051541 0.618372 -1.450602
v -1.050507 0.593829 -1.455383
v -1.050329 0.587189 -1.455588
v -1.050228 0.580467 -1.454227
v -1.051635 0.539341 -1.434049
v -1.048475 0.507812 -1.418580
v -1.037065 0.444356 -1.387746
v -1.043491 0.476339 -1.403110
v -1.042387 0.482023 -1.383229
v -1.038721 0.470877 -1.366331
v -1.039950 0.477231 -1.369365
v -1.032412 0.427334 -1.379904
v -1.035531 0.442662 -1.377976
v -1.032863 0.431374 -1.375494
v -1.036760 0.452639 -1.374919
v -1.037623 0.462405 -1.362332
v -0.995827 0.460721 -1.366154
v -1.037927 0.459147 -1.343876
v -1.039137 0.466678 -1.337530
v -1.009133 0.484799 -1.351526
v -1.009975 0.483546 -1.341581
v -1.010006 0.486407 -1.360321
v -1.015280 0.492521 -1.363488
v -1.021417 0.505289 -1.363833
v -1.026017 0.524709 -1.363753
v -1.029821 0.552010 -1.363098
v -1.049483 0.545813 -1.367638
v -1.050737 0.547079 -1.381343
v -1.052380 0.562656 -1.378087
v -1.051333 0.565252 -1.363699
v -1.052747 0.576999 -1.372623
v -1.053170 0.630931 -1.341932
v -1.047926 0.642412 -1.321625
v -1.051943 0.654110 -1.328721
v -1.031577 0.569409 -1.357793
v -1.032617 0.590019 -1.347413
v -1.032557 0.605489 -1.339183
v -1.031117 0.622519 -1.329823
v -1.046993 0.645494 -1.318755
v -1.041987 0.640109 -1.318970
v -1.029549 0.631065 -1.323435
v -1.050230 0.527084 -1.206000
v -1.050332 0.530443 -1.200036
v -1.050507 0.532309 -1.193643
v -1.051539 0.535347 -1.168802
v -1.057347 0.541319 -1.173743
v -1.052260 0.536977 -1.145848
v -1.052059 0.215004 -1.152304
v -1.055962 0.124120 -1.458246
v -1.056468 0.185022 -1.423183
v -1.056219 0.173684 -1.533695
v -1.054926 0.224732 -1.402840
v -1.049229 0.277489 -1.393682
v -1.056521 0.219519 -1.475495
v -1.042641 0.315833 -1.388327
v -1.044519 0.305141 -1.423366
v -1.056655 0.210983 -1.478285
v -1.055923 0.143942 -1.503997
v -1.055964 0.185516 -1.558805
v -1.056121 0.184943 -1.544846
v -1.045827 0.210428 -1.563298
v -1.056753 0.230200 -1.481268
v -1.049503 0.246872 -1.489745
v -1.056642 0.223161 -1.480850
v -1.054472 0.180852 -1.543276
v -1.054432 0.175216 -1.535939
v -1.054542 0.175123 -1.530868
v -1.054508 0.185534 -1.543823
v -1.054974 0.222799 -1.480506
v -1.054981 0.219274 -1.476239
v -1.055598 0.210681 -1.478559
v -1.054547 0.175160 -1.530783
v -1.041051 0.315891 -1.388424
v -1.047889 0.276024 -1.393931
v -1.051957 0.240400 -1.400073
v -1.053274 0.220663 -1.403584
v -1.053357 0.200870 -1.407073
v -1.053509 0.166448 -1.413855
v -1.051915 0.165626 -1.414322
v -1.054376 0.124227 -1.458426
v -1.054338 0.151269 -1.516665
v -1.054349 0.185905 -1.558831
v -1.045256 0.207526 -1.563443
v -1.044117 0.211562 -1.561643
v -1.046093 0.223608 -1.534232
v -1.047780 0.242359 -1.497550
v -1.047385 0.253568 -1.481873
v -1.042858 0.305262 -1.423219
v -1.055962 0.389920 -1.641222
v -1.053509 0.360790 -1.587254
v -1.054257 0.387265 -1.637406
v -1.051915 0.360980 -1.588178
v -1.053357 0.364969 -1.552423
v -1.055074 0.367454 -1.534788
v -1.053274 0.367767 -1.532520
v -1.051957 0.370530 -1.512663
v -1.051141 0.373961 -1.488837
v -1.047891 0.375695 -1.476897
v -1.041051 0.382779 -1.437263
v -1.042641 0.382667 -1.437289
v -1.044520 0.412693 -1.458292
v -1.042859 0.412603 -1.458143
v -1.047379 0.452305 -1.525276
v -1.056018 0.440900 -1.540244
v -1.049504 0.457807 -1.534210
v -1.056521 0.435809 -1.555820
v -1.056104 0.504132 -1.613798
v -1.045826 0.516502 -1.591597
v -1.056122 0.491081 -1.610141
v -1.056713 0.442026 -1.554009
v -1.056655 0.435824 -1.564807
v -1.056243 0.475451 -1.615982
v -1.056468 0.375398 -1.572469
v -1.055929 0.455398 -1.633519
v -1.054349 0.504632 -1.613512
v -1.054343 0.465721 -1.629655
v -1.054319 0.395919 -1.642204
v -1.047779 0.463667 -1.540716
v -1.046109 0.492733 -1.569890
v -1.044117 0.515282 -1.590017
v -1.045253 0.515745 -1.594396
v -1.054529 0.489754 -1.608475
v -1.054973 0.441588 -1.554252
v -1.054982 0.436436 -1.556290
v -1.055092 0.435838 -1.564650
v -1.054780 0.477211 -1.617291
v -1.054441 0.488184 -1.613311
v -1.055962 0.646078 -1.444975
v -1.056468 0.576187 -1.437539
v -1.053510 0.585726 -1.455998
v -1.055074 0.537918 -1.433450
v -1.055926 0.658997 -1.380227
v -1.056243 0.648491 -1.355841
v -1.056654 0.587581 -1.377702
v -1.056522 0.579039 -1.374942
v -1.056017 0.565776 -1.365294
v -1.051142 0.496225 -1.413067
v -1.044519 0.479137 -1.366786
v -1.042641 0.449890 -1.388849
v -1.041051 0.449899 -1.388737
v -1.042859 0.478960 -1.366830
v -1.047885 0.485363 -1.407709
v -1.049503 0.565269 -1.347344
v -1.047385 0.555234 -1.349775
v -1.047780 0.573522 -1.343678
v -1.046095 0.610211 -1.325045
v -1.045825 0.638000 -1.309253
v -1.056105 0.655289 -1.327883
v -1.044117 0.636114 -1.309925
v -1.056121 0.647780 -1.339166
v -1.056713 0.579236 -1.368467
v -1.054778 0.650300 -1.354561
v -1.055156 0.587440 -1.377125
v -1.054983 0.579673 -1.374478
v -1.055793 0.578957 -1.368519
v -1.054552 0.646445 -1.339816
v -1.054442 0.649900 -1.342897
v -1.045250 0.640421 -1.310829
v -1.054349 0.655171 -1.327317
v -1.054343 0.658508 -1.369192
v -1.054319 0.648871 -1.439557
v -1.051957 0.517819 -1.423683
v -1.053274 0.535849 -1.432445
v -1.053357 0.553909 -1.441263
v -1.051915 0.586681 -1.456105
v -1.054258 0.641642 -1.446316
v -1.055962 0.538598 -1.140716
v -1.056468 0.509936 -1.204854
v -1.055928 0.482614 -1.109165
v -1.056255 0.454565 -1.110854
v -1.053509 0.530443 -1.201491
v -1.049224 0.452441 -1.283113
v -1.042641 0.424591 -1.309961
v -1.056007 0.437967 -1.192449
v -1.056522 0.451269 -1.182827
v -1.056654 0.456543 -1.175552
v -1.056090 0.430059 -1.095714
v -1.056122 0.438482 -1.106387
v -1.045826 0.407020 -1.106449
v -1.046093 0.413441 -1.137715
v -1.049503 0.420768 -1.187383
v -1.047780 0.419830 -1.178407
v -1.044519 0.412644 -1.275316
v -1.047385 0.419980 -1.197687
v -1.054376 0.538407 -1.140631
v -1.054337 0.482332 -1.109418
v -1.054349 0.429489 -1.095651
v -1.045255 0.409280 -1.104625
v -1.044117 0.407074 -1.108452
v -1.051915 0.530830 -1.200635
v -1.053357 0.506579 -1.227223
v -1.054926 0.489759 -1.244672
v -1.053274 0.492618 -1.241674
v -1.051957 0.478709 -1.256113
v -1.047886 0.453491 -1.282037
v -1.041051 0.424484 -1.309915
v -1.042860 0.412630 -1.275498
v -1.056713 0.445177 -1.180633
v -1.054772 0.453896 -1.108740
v -1.055092 0.455933 -1.175647
v -1.054984 0.451024 -1.182078
v -1.054974 0.445675 -1.180693
v -1.054529 0.438579 -1.108523
v -1.054440 0.442693 -1.105528
v -1.054926 0.299791 -1.227481
v -1.049230 0.324804 -1.274813
v -1.056468 0.268160 -1.195986
v -1.042640 0.341742 -1.309634
v -1.055962 0.216009 -1.148911
v -1.056521 0.229081 -1.244975
v -1.056257 0.161631 -1.219602
v -1.055932 0.167484 -1.193712
v -1.056655 0.223776 -1.237706
v -1.044519 0.305111 -1.310290
v -1.056122 0.152429 -1.233512
v -1.056093 0.139793 -1.238029
v -1.056642 0.225102 -1.250089
v -1.054529 0.154490 -1.234082
v -1.054446 0.152916 -1.229242
v -1.054780 0.159452 -1.219577
v -1.055151 0.223556 -1.238259
v -1.054984 0.228293 -1.244968
v -1.054974 0.225315 -1.249638
v -1.055859 0.235359 -1.261302
v -1.042859 0.305284 -1.310359
v -1.049504 0.224013 -1.275398
v -1.045825 0.142765 -1.263458
v -1.054349 0.139435 -1.238752
v -1.054338 0.168853 -1.192758
v -1.053509 0.271307 -1.175460
v -1.054376 0.215869 -1.149068
v -1.051915 0.270602 -1.174817
v -1.053357 0.288390 -1.206083
v -1.053274 0.297818 -1.223832
v -1.051957 0.307260 -1.241523
v -1.047888 0.324117 -1.273502
v -1.041050 0.341667 -1.309716
v -1.045254 0.141731 -1.260751
v -1.044117 0.144686 -1.264018
v -1.046095 0.174528 -1.267012
v -1.047780 0.215153 -1.273506
v -1.047385 0.233557 -1.279328
v -1.025637 0.246010 -1.338713
v -1.020280 0.267517 -1.338678
v -1.042805 0.126242 -1.337152
v -1.030090 0.135776 -1.333535
v -1.030927 0.141430 -1.335533
v -1.032657 0.166190 -1.336593
v -1.031047 0.202730 -1.337653
v -1.028537 0.226950 -1.338293
v -1.056558 0.105417 -1.340407
v -1.029428 0.352138 -1.350760
v -1.029788 0.348388 -1.350219
v -1.031590 0.339492 -1.359068
v -1.034192 0.328949 -1.361261
v -0.995827 0.340167 -1.358680
v -0.995827 0.348206 -1.350574
v -0.995827 0.327700 -1.361168
v -1.054337 0.103153 -1.303630
v -1.054339 0.096177 -1.378233
v -1.054337 0.126297 -1.237734
v -1.048457 0.251616 -1.398371
v -1.043491 0.286070 -1.392406
v -1.042391 0.293147 -1.411829
v -1.039532 0.307309 -1.418830
v -1.049482 0.250714 -1.461936
v -1.050737 0.241630 -1.451603
v -1.052381 0.230927 -1.463405
v -1.051337 0.237281 -1.476576
v -1.052747 0.222550 -1.476233
v -1.053272 0.196986 -1.532774
v -1.047925 0.199596 -1.555958
v -1.051945 0.185975 -1.557073
v -1.046401 0.199514 -1.559859
v -1.042053 0.202698 -1.555665
v -1.029550 0.207725 -1.547808
v -1.031117 0.210880 -1.537623
v -1.032557 0.219160 -1.520043
v -1.032617 0.226840 -1.504283
v -1.031577 0.237410 -1.483773
v -1.029821 0.248370 -1.469256
v -1.026017 0.270070 -1.452683
v -1.021417 0.285730 -1.441193
v -1.015274 0.296268 -1.433970
v -1.010004 0.303073 -1.432934
v -1.051630 0.217003 -1.404387
v -1.050230 0.171781 -1.412255
v -1.050333 0.165618 -1.415065
v -1.050507 0.160290 -1.419173
v -1.051542 0.143238 -1.437479
v -1.052262 0.128427 -1.455104
v -1.052060 0.127005 -1.460268
v -1.052232 0.127892 -1.465629
v -1.052114 0.138538 -1.489303
v -1.052286 0.153922 -1.515887
v -1.052010 0.169334 -1.537720
v -1.029072 0.226332 -1.565499
v -1.039140 0.297956 -1.341360
v -1.037868 0.308238 -1.342459
v -1.036642 0.317052 -1.357179
v -0.995827 0.308343 -1.342468
v -0.995827 0.315688 -1.356002
v -1.042107 0.123827 -1.332666
v -1.042080 0.129970 -1.301186
v -1.029161 0.133309 -1.328896
v -1.029097 0.136510 -1.309583
v -1.029072 0.145644 -1.279217
v -1.046403 0.142688 -1.252043
v -1.039140 0.332438 -1.439795
v -1.037894 0.335677 -1.430395
v -1.038874 0.314741 -1.420509
v -1.009133 0.309539 -1.439111
v -1.009971 0.316382 -1.446393
v -1.015727 0.276417 -1.337798
v -1.012298 0.281570 -1.335683
v -1.009973 0.286713 -1.328139
v -1.051957 0.096920 -1.381043
v -1.052009 0.097288 -1.385614
v -1.039532 0.409011 -1.454839
v -1.038874 0.412907 -1.448287
v -1.010006 0.421119 -1.463229
v -1.015256 0.419996 -1.469992
v -1.009135 0.428986 -1.458988
v -1.009971 0.438025 -1.454738
v -1.039139 0.436720 -1.437423
v -1.037884 0.424244 -1.435728
v -1.037403 0.412568 -1.440982
v -1.036561 0.392982 -1.432654
v -0.995827 0.410417 -1.441247
v -0.995827 0.396618 -1.435476
v -0.995827 0.390804 -1.427017
v -1.032919 0.389672 -1.415821
v -1.029768 0.397487 -1.402654
v -0.995827 0.401809 -1.400292
v -1.029394 0.396299 -1.399115
v -1.032413 0.384240 -1.413103
v -1.043908 0.377628 -1.466792
v -1.021417 0.423609 -1.482273
v -1.026017 0.429699 -1.500723
v -1.029816 0.438736 -1.526443
v -1.050678 0.436175 -1.530032
v -1.031577 0.449169 -1.541393
v -1.051079 0.448123 -1.545451
v -1.032617 0.465419 -1.557783
v -1.032557 0.478029 -1.569953
v -1.047755 0.506000 -1.599546
v -1.031117 0.492189 -1.583253
v -1.042064 0.506827 -1.596622
v -1.029552 0.500893 -1.589405
v -1.046396 0.509822 -1.600934
v -1.053156 0.484210 -1.595957
v -1.051941 0.502993 -1.612957
v -1.052774 0.437446 -1.553233
v -1.052372 0.427730 -1.541149
v -1.050737 0.419879 -1.527433
v -1.042380 0.397976 -1.466143
v -1.048484 0.372312 -1.501687
v -1.051635 0.367355 -1.536404
v -1.031408 0.379592 -1.408974
v -1.029189 0.379109 -1.401055
v -1.034061 0.365808 -1.416989
v -1.048481 0.349958 -1.482635
v -1.055102 0.335170 -1.547177
v -1.054157 0.312554 -1.644321
v -1.053996 0.305559 -1.532443
v -1.055126 0.283165 -1.593603
v -1.054931 0.314534 -1.604516
v -1.054505 0.273367 -1.619680
v -1.054068 0.308081 -1.643267
v -1.054337 0.438836 -1.648617
v -1.054337 0.514705 -1.622138
v -1.042045 0.274778 -1.602062
v -1.030088 0.274872 -1.591632
v -1.030927 0.278530 -1.586863
v -1.032652 0.287207 -1.563648
v -1.031047 0.299490 -1.529213
v -1.028537 0.307580 -1.506373
v -1.025637 0.313870 -1.488383
v -1.034287 0.360474 -1.417614
v -0.995827 0.362037 -1.405420
v -1.052008 0.479438 -1.622797
v -1.052306 0.454148 -1.630641
v -1.052115 0.423887 -1.637129
v -1.052228 0.398069 -1.639937
v -1.052059 0.392693 -1.639125
v -1.054337 0.236363 -1.613406
v -1.054339 0.305100 -1.643296
v -1.036863 0.362952 -1.427019
v -1.041176 0.335705 -1.449011
v -1.036473 0.353478 -1.426428
v -0.995827 0.349672 -1.428342
v -0.995827 0.339197 -1.430317
v -0.995827 0.359688 -1.419837
v -1.029071 0.523441 -1.577204
v -1.029160 0.269683 -1.592528
v -1.042196 0.267673 -1.601620
v -1.042062 0.242311 -1.587116
v -1.029097 0.252330 -1.583523
v -1.012297 0.321974 -1.453619
v -1.015727 0.322404 -1.459177
v -1.020287 0.320485 -1.467941
v -1.051957 0.308059 -1.643261
v -1.052010 0.312530 -1.644321
v -1.054337 0.315170 -1.644933
v -1.054337 0.360284 -1.653151
v -1.041176 0.446492 -1.437163
v -1.025637 0.477189 -1.470093
v -1.020287 0.459782 -1.457486
v -1.048478 0.482859 -1.433998
v -1.055098 0.539636 -1.467981
v -1.053995 0.516510 -1.491608
v -1.055106 0.567692 -1.531780
v -1.054504 0.589543 -1.549195
v -1.042018 0.573197 -1.542396
v -1.030091 0.563319 -1.539068
v -1.030927 0.559919 -1.534133
v -1.032647 0.540519 -1.518723
v -1.031047 0.511569 -1.496393
v -1.028537 0.492359 -1.481633
v -1.054934 0.587836 -1.505357
v -1.054078 0.622698 -1.523467
v -1.054339 0.621798 -1.526315
v -1.051957 0.622688 -1.523485
v -1.052071 0.625122 -1.519465
v -1.054148 0.625071 -1.519545
v -1.054337 0.626479 -1.517243
v -1.054337 0.648237 -1.476831
v -1.054337 0.668193 -1.400752
v -1.054337 0.666441 -1.320350
v -1.034435 0.426030 -1.399651
v -1.043857 0.443189 -1.404543
v -1.029536 0.406795 -1.392730
v -1.029202 0.416756 -1.374315
v -1.031408 0.421971 -1.383051
v -1.029164 0.416702 -1.358487
v -1.029688 0.420785 -1.363099
v -1.031257 0.412854 -1.398608
v -1.034586 0.425222 -1.404462
v -1.054337 0.572099 -1.582477
v -1.052117 0.652648 -1.411432
v -1.052308 0.655821 -1.380743
v -1.052007 0.656183 -1.354160
v -1.029072 0.626393 -1.298138
v -1.037635 0.431854 -1.422582
v -1.015728 0.452045 -1.452961
v -1.012309 0.446663 -1.451632
v -1.042085 0.548935 -1.568724
v -1.029097 0.548649 -1.558023
v -1.029162 0.562600 -1.544271
v -1.042209 0.570614 -1.549035
v -0.995827 0.424317 -1.403933
v -0.995827 0.430908 -1.414644
v -0.995827 0.429957 -1.427686
v -0.995827 0.423946 -1.435923
v -1.041176 0.469455 -1.328137
v -1.036770 0.442180 -1.335910
v -1.034286 0.430952 -1.338980
v -0.995827 0.449271 -1.337272
v -0.995827 0.459228 -1.345205
v -0.995827 0.436642 -1.336723
v -1.034276 0.427191 -1.336241
v -1.030871 0.421824 -1.349964
v -0.995827 0.426314 -1.342462
v -0.995827 0.420571 -1.354819
v -1.029191 0.406155 -1.341418
v -1.031408 0.410427 -1.334740
v -1.029401 0.391086 -1.332885
v -1.032498 0.409161 -1.328427
v -1.039647 0.421879 -1.332123
v -1.031715 0.403551 -1.325883
v -1.030123 0.382226 -1.327800
v -0.995827 0.387687 -1.328785
v -0.995827 0.396404 -1.328496
v -0.995827 0.405616 -1.323959
v -0.995827 0.411823 -1.313896
v -0.995827 0.404415 -1.290600
v -0.995827 0.412224 -1.303300
v -0.995827 0.390402 -1.286864
v -1.037882 0.390042 -1.286847
v -1.037446 0.402662 -1.289374
v -1.036522 0.413307 -1.307721
v -1.039140 0.380910 -1.278137
v -1.038873 0.406572 -1.283349
v -1.039533 0.413577 -1.280328
v -1.043906 0.445988 -1.289108
v -1.048491 0.470816 -1.263992
v -1.051626 0.495098 -1.238961
v -1.042389 0.429142 -1.277674
v -1.021417 0.417889 -1.249553
v -1.026017 0.423809 -1.231063
v -1.029821 0.431620 -1.204894
v -1.049485 0.434029 -1.212176
v -1.015270 0.413604 -1.261599
v -1.010004 0.408705 -1.266432
v -1.051333 0.436287 -1.192461
v -1.031577 0.431959 -1.186703
v -1.032617 0.428449 -1.163903
v -1.032557 0.425399 -1.146643
v -1.047936 0.420115 -1.106081
v -1.031117 0.421759 -1.127553
v -1.050737 0.447449 -1.215223
v -1.052375 0.449162 -1.199454
v -1.052747 0.448409 -1.184063
v -1.053182 0.435897 -1.123397
v -1.051945 0.430477 -1.097172
v -1.046990 0.418335 -1.102286
v -1.029552 0.418330 -1.117459
v -1.048480 0.477695 -1.292562
v -1.055102 0.527593 -1.249029
v -1.053995 0.542874 -1.278369
v -1.055126 0.596942 -1.242046
v -1.054931 0.577987 -1.214784
v -1.054504 0.620201 -1.226705
v -1.054466 0.606287 -1.187576
v -1.054135 0.603008 -1.183765
v -1.057347 0.573609 -1.205223
v -1.056607 0.510069 -1.259323
v -1.054337 0.569609 -1.148584
v -1.054337 0.601229 -1.181703
v -1.054337 0.503468 -1.106095
v -1.054337 0.426351 -1.082853
v -1.056561 0.619086 -1.207554
v -1.052009 0.603000 -1.183762
v -1.051957 0.605997 -1.187235
v -1.054339 0.608415 -1.188954
v -1.054337 0.646440 -1.253507
v -1.015727 0.486188 -1.327726
v -1.020287 0.492894 -1.321773
v -1.012303 0.483270 -1.332462
v -1.009134 0.399851 -1.265238
v -1.009971 0.390037 -1.263363
v -1.041981 0.416864 -1.107473
v -1.052006 0.455313 -1.103056
v -1.052085 0.480643 -1.111558
v -1.056717 0.493739 -1.110503
v -1.052116 0.508686 -1.124117
v -1.052230 0.531215 -1.137006
v -1.029072 0.392836 -1.114083
v -1.052059 0.535091 -1.140838
v -1.029158 0.607239 -1.250861
v -1.042207 0.614204 -1.244660
v -1.042032 0.608703 -1.240141
v -1.030089 0.602497 -1.248511
v -1.042082 0.626220 -1.271325
v -1.029097 0.615969 -1.268323
v -1.025637 0.510259 -1.309123
v -1.032642 0.576069 -1.263900
v -1.030927 0.596729 -1.250223
v -1.031047 0.545899 -1.284543
v -1.028537 0.525929 -1.298263
v -1.048469 0.341603 -1.253841
v -1.036855 0.363759 -1.306456
v -1.033973 0.367324 -1.316415
v -1.031407 0.360895 -1.330795
v -1.032415 0.354689 -1.330176
v -1.029217 0.367585 -1.335199
v -1.031761 0.350766 -1.335388
v -0.995827 0.349142 -1.331976
v -0.995827 0.350645 -1.342021
v -1.035432 0.341590 -1.323054
v -1.043906 0.328495 -1.282870
v -1.045157 0.343890 -1.300273
v -1.048440 0.312441 -1.251803
v -1.036854 0.331846 -1.319378
v -1.051626 0.295986 -1.220674
v -1.057347 0.293940 -1.202603
v -1.050230 0.274497 -1.180050
v -1.050332 0.269905 -1.175035
v -1.051542 0.241691 -1.160698
v -1.052259 0.220337 -1.152051
v -1.050507 0.264370 -1.171263
v -1.052234 0.210170 -1.154813
v -1.034191 0.371567 -1.313739
v -1.037586 0.317763 -1.322612
v -1.037521 0.311646 -1.329126
v -1.038721 0.311500 -1.315577
v -0.995827 0.331200 -1.319338
v -0.995827 0.341006 -1.322651
v -0.995827 0.319161 -1.321902
v -0.995827 0.311303 -1.329740
v -1.054337 0.356657 -1.081210
v -1.054337 0.172124 -1.171724
v -1.054338 0.233033 -1.121876
v -1.056446 0.230666 -1.123775
v -1.056507 0.229410 -1.127043
v -1.054337 0.274320 -1.102033
v -1.052009 0.276821 -1.100987
v -1.054157 0.276793 -1.100996
v -1.054068 0.281019 -1.099215
v -1.051957 0.281050 -1.099201
v -1.054338 0.283439 -1.097438
v -1.054933 0.298590 -1.134356
v -1.054506 0.322975 -1.097883
v -1.055112 0.330296 -1.124333
v -1.055086 0.315610 -1.192817
v -1.053996 0.348209 -1.187386
v -1.041187 0.372855 -1.272530
v -1.020287 0.374062 -1.248354
v -1.015727 0.377649 -1.256563
v -1.042012 0.332210 -1.113000
v -1.030091 0.338245 -1.121481
v -1.030927 0.338090 -1.127483
v -1.032657 0.344730 -1.151363
v -1.031047 0.355020 -1.186433
v -1.028537 0.361900 -1.209663
v -1.025637 0.367389 -1.227923
v -1.012296 0.381269 -1.260808
v -1.037851 0.381030 -1.289743
v -1.036748 0.372290 -1.299679
v -0.995827 0.372107 -1.300375
v -0.995827 0.371271 -1.312533
v -0.995827 0.380412 -1.290156
v -1.047754 0.146603 -1.250919
v -1.051943 0.141153 -1.238306
v -1.053175 0.166455 -1.241033
v -1.042041 0.147678 -1.253780
v -1.051057 0.225196 -1.260663
v -1.052774 0.229270 -1.248088
v -1.029551 0.156697 -1.256121
v -1.031117 0.167350 -1.255983
v -1.032557 0.186640 -1.258423
v -1.032617 0.203990 -1.260853
v -1.031577 0.226760 -1.264563
v -1.050550 0.245207 -1.266580
v -1.029821 0.243961 -1.270507
v -1.026016 0.266432 -1.286020
v -1.039919 0.308147 -1.309407
v -1.052382 0.244124 -1.252107
v -1.050737 0.258670 -1.258643
v -1.042386 0.312409 -1.295348
v -1.021417 0.282190 -1.297363
v -1.015263 0.292332 -1.305172
v -1.010005 0.295395 -1.311318
v -1.009133 0.291530 -1.319371
v -1.052008 0.154425 -1.216500
v -1.052279 0.170407 -1.195101
v -1.052113 0.190949 -1.172246
v -1.042074 0.367304 -1.105967
v -1.029097 0.361250 -1.114783
v -1.029160 0.341924 -1.117693
v -1.042204 0.338179 -1.109151
v -1.056717 0.379910 -1.087673
v -0.995827 0.422277 -1.365808
v -0.995827 0.430477 -1.374984
v -0.995827 0.442522 -1.377964
v -0.995827 0.452362 -1.375090
v -0.995827 0.462787 -1.355328
v -0.995827 0.377197 -1.323364
v -0.995827 0.392105 -1.408950
v -0.995827 0.413254 -1.398662
v -1.055674 0.581005 -1.369255
v -1.054326 0.644517 -1.339831
v -1.054253 0.182327 -1.543871
v -0.801101 0.112121 -1.361012
v -0.799931 0.099910 -1.400435
v -0.799917 0.100140 -1.337343
v -0.803918 0.098276 -1.353567
v -0.799931 0.110858 -1.282270
v -0.803918 0.113030 -1.275589
v -0.801102 0.124313 -1.286500
v -0.799917 0.136730 -1.224743
v -0.803918 0.136730 -1.224743
v -0.801101 0.156534 -1.218277
v -0.805811 0.145265 -1.247274
v -0.805797 0.125280 -1.302773
v -0.805810 0.187497 -1.186317
v -0.799931 0.168944 -1.178771
v -0.803918 0.173645 -1.173551
v -0.801101 0.206369 -1.161500
v -0.799931 0.229173 -1.126959
v -0.803918 0.235131 -1.123237
v -0.805797 0.227000 -1.151963
v -0.801101 0.269944 -1.120677
v -0.799931 0.301323 -1.093786
v -0.803918 0.308077 -1.091851
v -0.805811 0.277950 -1.122307
v -0.802678 0.324669 -1.105964
v -0.799931 0.379832 -1.081772
v -0.803918 0.386856 -1.081773
v -0.801101 0.379958 -1.095873
v -0.801101 0.454824 -1.105441
v -0.799931 0.458591 -1.091860
v -0.803918 0.465343 -1.093797
v -0.799917 0.516989 -1.115703
v -0.803918 0.516989 -1.115703
v -0.805810 0.386620 -1.100615
v -0.801101 0.524182 -1.135292
v -0.799931 0.564035 -1.146265
v -0.803918 0.569417 -1.150782
v -0.805797 0.438609 -1.106983
v -0.801101 0.582618 -1.183094
v -0.799931 0.617907 -1.204638
v -0.803918 0.621834 -1.210462
v -0.805809 0.494756 -1.125009
v -0.801101 0.625624 -1.245155
v -0.805811 0.557136 -1.165076
v -0.805808 0.624282 -1.253229
v -0.799917 0.647319 -1.260443
v -0.803918 0.647319 -1.260443
v -0.801112 0.653611 -1.333858
v -0.805811 0.646341 -1.324062
v -0.799931 0.663716 -1.314136
v -0.803918 0.664935 -1.321055
v -0.799931 0.667462 -1.393471
v -0.803918 0.666727 -1.400458
v -0.801113 0.643755 -1.446713
v -0.799917 0.654119 -1.455093
v -0.803918 0.654119 -1.455093
v -0.973119 0.630200 -1.338861
v -0.973119 0.623857 -1.304763
v -0.805811 0.648005 -1.398253
v -0.805810 0.629179 -1.469997
v -0.799931 0.632165 -1.506769
v -0.803918 0.628651 -1.512853
v -0.801102 0.599092 -1.531499
v -0.805810 0.591294 -1.533780
v -0.799931 0.584032 -1.569958
v -0.803918 0.578976 -1.574838
v -0.801113 0.531645 -1.595500
v -0.805797 0.554259 -1.570833
v -0.805810 0.505482 -1.603975
v -0.799931 0.520328 -1.617422
v -0.803918 0.514125 -1.620718
v -0.801102 0.442994 -1.631722
v -0.805810 0.435458 -1.628480
v -0.799917 0.461799 -1.640813
v -0.803918 0.461799 -1.640813
v -0.799931 0.406704 -1.651512
v -0.803918 0.399697 -1.652001
v -0.801101 0.367772 -1.637926
v -0.799931 0.327389 -1.646939
v -0.803918 0.320516 -1.645477
v -0.801112 0.276922 -1.617797
v -0.799931 0.252436 -1.620681
v -0.803918 0.246233 -1.617381
v -0.805809 0.289036 -1.616393
v -0.799917 0.200290 -1.585233
v -0.803918 0.200290 -1.585233
v -0.799931 0.160585 -1.545498
v -0.803918 0.156261 -1.539960
v -0.799931 0.120069 -1.477256
v -0.803918 0.127400 -1.491933
v -0.803918 0.105593 -1.432684
v -0.801102 0.150103 -1.505651
v -0.801101 0.120952 -1.436022
v -0.801102 0.197319 -1.564564
v -0.805810 0.134989 -1.463878
v -0.805797 0.121420 -1.413293
v -0.805809 0.117094 -1.354538
v -0.973128 0.135072 -1.378091
v -0.973120 0.139012 -1.412530
v -0.805809 0.171267 -1.528557
v -0.973113 0.147708 -1.446088
v -0.805809 0.223983 -1.580755
v -0.973136 0.161002 -1.478117
v -0.973120 0.178595 -1.507959
v -0.973110 0.200201 -1.535088
v -0.973116 0.225371 -1.558948
v -0.973104 0.253585 -1.579049
v -0.973105 0.284350 -1.595045
v -0.973118 0.317054 -1.606604
v -1.010951 0.135921 -1.375624
v -1.010967 0.139510 -1.409969
v -1.010975 0.147841 -1.443483
v -1.010965 0.160766 -1.475509
v -1.010969 0.178012 -1.505431
v -1.010967 0.199260 -1.532650
v -1.010971 0.224096 -1.556661
v -1.010969 0.252024 -1.576976
v -1.010957 0.282514 -1.593204
v -1.033917 0.166710 -1.513213
v -1.033917 0.189150 -1.541943
v -1.033917 0.148480 -1.481643
v -1.033917 0.134830 -1.447853
v -1.033917 0.126010 -1.412483
v -1.033917 0.122200 -1.376233
v -1.033917 0.215370 -1.567263
v -1.033917 0.244860 -1.588683
v -1.033917 0.277050 -1.605803
v -1.010955 0.314955 -1.605028
v -1.033917 0.311300 -1.618263
v -0.973109 0.351032 -1.613498
v -0.973132 0.385616 -1.615591
v -1.010969 0.348741 -1.612236
v -0.973108 0.420168 -1.612856
v -1.033917 0.346960 -1.625843
v -1.010954 0.383183 -1.614659
v -1.033917 0.383319 -1.628383
v -1.010969 0.417647 -1.612271
v -1.033917 0.419679 -1.625843
v -1.010955 0.451417 -1.605102
v -1.033917 0.455339 -1.618263
v -1.010957 0.483884 -1.593310
v -1.033917 0.489589 -1.605803
v -0.973126 0.454025 -1.605328
v -0.973109 0.486504 -1.593166
v -0.973105 0.516948 -1.576616
v -0.805809 0.361366 -1.632722
v -0.973098 0.544787 -1.555995
v -1.010967 0.514391 -1.577115
v -1.010968 0.542340 -1.556831
v -0.973116 0.569518 -1.531662
v -0.973114 0.590610 -1.504140
v -1.010967 0.567190 -1.532848
v -0.973111 0.607665 -1.473962
v -0.973135 0.620355 -1.441685
v -0.973123 0.628425 -1.408004
v -0.973125 0.631730 -1.373486
v -1.010972 0.588470 -1.505650
v -1.010962 0.605754 -1.475751
v -1.010953 0.618705 -1.443732
v -1.010966 0.627084 -1.410222
v -1.010954 0.630710 -1.375889
v -1.010969 0.629525 -1.341357
v -1.033917 0.644439 -1.376233
v -1.033917 0.643159 -1.339803
v -1.033917 0.640629 -1.412483
v -1.033917 0.631809 -1.447853
v -1.033917 0.618149 -1.481643
v -1.033917 0.599929 -1.513213
v -1.033917 0.577479 -1.541943
v -1.033917 0.551259 -1.567263
v -1.033917 0.521769 -1.588683
v -0.973125 0.166978 -1.244859
v -0.973111 0.152067 -1.276163
v -0.973119 0.141659 -1.309226
v -0.973110 0.186085 -1.215957
v -0.973103 0.209054 -1.189963
v -0.973127 0.235396 -1.167444
v -0.973123 0.264647 -1.148786
v -0.973138 0.296161 -1.134409
v -0.973133 0.329408 -1.124538
v -0.973143 0.363692 -1.119399
v -0.973145 0.398344 -1.119079
v -0.973132 0.432728 -1.123581
v -0.973119 0.466133 -1.132826
v -0.973113 0.497946 -1.146635
v -0.973132 0.527493 -1.164724
v -0.973111 0.554277 -1.186775
v -1.010951 0.528927 -1.166918
v -1.010949 0.499647 -1.148599
v -0.805797 0.592879 -1.203383
v -0.973122 0.577709 -1.212319
v -1.010955 0.555373 -1.189128
v -0.973130 0.597348 -1.240862
v -1.010963 0.578471 -1.214807
v -0.973114 0.612847 -1.271896
v -1.010958 0.623539 -1.307356
v -1.010956 0.612890 -1.274499
v -1.033917 0.636829 -1.303903
v -1.010972 0.597767 -1.243448
v -1.033917 0.625569 -1.269233
v -1.033917 0.609589 -1.236473
v -1.033917 0.589209 -1.206253
v -1.033917 0.564819 -1.179163
v -1.033917 0.536889 -1.155733
v -1.033917 0.505979 -1.136413
v -1.010955 0.468105 -1.134538
v -1.033917 0.472679 -1.121593
v -1.010950 0.434908 -1.124997
v -1.033917 0.437639 -1.111543
v -1.010936 0.400713 -1.120180
v -1.033917 0.401539 -1.106473
v -1.010937 0.366175 -1.120162
v -1.033917 0.365090 -1.106473
v -1.010945 0.331974 -1.124947
v -1.033917 0.329000 -1.111543
v -1.010953 0.298773 -1.134451
v -1.033917 0.293960 -1.121593
v -1.010949 0.267220 -1.148478
v -1.010953 0.237920 -1.166766
v -1.010955 0.211454 -1.188945
v -1.010961 0.188329 -1.214602
v -1.010951 0.169001 -1.243226
v -1.033917 0.177430 -1.206253
v -1.033917 0.157050 -1.236473
v -1.010954 0.153847 -1.274257
v -1.033917 0.141070 -1.269233
v -1.010956 0.143153 -1.307103
v -1.033917 0.129800 -1.303903
v -1.033917 0.201820 -1.179163
v -1.033917 0.229740 -1.155733
v -1.033917 0.260660 -1.136413
v -1.010948 0.137142 -1.341101
v -1.033917 0.123470 -1.339803
v -0.973110 0.135956 -1.343432
v -1.026007 0.352590 -1.359623
v -1.026007 0.353890 -1.355473
v -1.026007 0.351880 -1.363923
v -1.026007 0.351770 -1.368273
v -1.026007 0.352270 -1.372593
v -1.026007 0.353370 -1.376813
v -1.026007 0.355050 -1.380823
v -1.026007 0.357260 -1.384573
v -1.026007 0.359980 -1.387973
v -1.026007 0.363140 -1.390963
v -1.026007 0.366689 -1.393483
v -1.026007 0.370560 -1.395483
v -1.026007 0.374670 -1.396933
v -1.026007 0.378929 -1.397793
v -1.026007 0.383279 -1.398053
v -1.026007 0.387619 -1.397693
v -1.026007 0.391869 -1.396743
v -1.026007 0.395939 -1.395213
v -1.026007 0.399759 -1.393133
v -1.026007 0.403259 -1.390533
v -1.026007 0.406359 -1.387473
v -1.026007 0.408999 -1.384013
v -1.026007 0.411129 -1.380223
v -1.026007 0.412719 -1.376163
v -1.026007 0.413729 -1.371933
v -1.026007 0.414139 -1.367603
v -1.026007 0.413939 -1.363253
v -1.026007 0.413139 -1.358973
v -1.026007 0.411749 -1.354843
v -1.026007 0.409799 -1.350953
v -1.026007 0.407319 -1.347373
v -1.026007 0.404369 -1.344163
v -1.026007 0.401009 -1.341403
v -1.026007 0.397290 -1.339143
v -1.026007 0.393300 -1.337413
v -1.026007 0.389100 -1.336253
v -1.026007 0.384780 -1.335693
v -1.026007 0.380430 -1.335743
v -1.026007 0.376130 -1.336393
v -1.026007 0.371950 -1.337643
v -1.026007 0.368000 -1.339453
v -1.026007 0.364330 -1.341803
v -1.026007 0.361030 -1.344633
v -1.026007 0.358150 -1.347903
v -1.026007 0.355750 -1.351533
v -1.027590 0.761618 -1.413295
v -1.027581 0.752328 -1.462312
v -0.853878 0.762986 -1.416925
v -0.853878 0.753213 -1.466084
v -1.027598 0.736727 -1.509666
v -0.853878 0.737108 -1.513529
v -0.823240 0.759844 -1.395201
v -0.823338 0.747345 -1.464495
v -0.823307 0.720387 -1.537174
v -0.804392 0.727429 -1.412237
v -0.804392 0.703973 -1.499806
v -1.047878 0.746804 -1.442543
v -1.058403 0.733845 -1.435785
v -1.048167 0.725495 -1.508716
v -1.058559 0.702221 -1.525914
v -1.027589 0.760718 -1.313755
v -1.027588 0.764429 -1.363497
v -0.853878 0.762979 -1.316904
v -0.853878 0.766260 -1.366914
v -0.823338 0.756955 -1.317698
v -0.804392 0.727423 -1.321580
v -1.048217 0.748053 -1.298740
v -1.048171 0.753690 -1.366914
v -1.058404 0.739366 -1.340048
v -1.027587 0.734086 -1.217841
v -1.027584 0.750546 -1.264930
v -0.853878 0.737085 -1.220300
v -0.853878 0.753198 -1.267756
v -0.823306 0.741997 -1.248888
v -0.804392 0.703952 -1.234022
v -1.048166 0.725472 -1.225101
v -1.058559 0.721166 -1.253708
v -1.027595 0.429478 -0.988451
v -1.027578 0.478481 -0.997737
v -0.853878 0.433109 -0.987080
v -0.853878 0.482263 -0.996853
v -1.027579 0.525875 -1.013349
v -0.853878 0.529721 -1.012960
v -0.823239 0.411474 -0.990240
v -0.823338 0.480691 -1.002722
v -0.823307 0.553372 -1.029690
v -0.804392 0.428431 -1.022653
v -0.804392 0.515999 -1.046092
v -1.047879 0.458830 -1.003295
v -1.058404 0.452015 -1.016240
v -1.048166 0.524912 -1.024583
v -1.058559 0.542125 -1.047864
v -1.027587 0.329959 -0.989351
v -1.027604 0.379675 -0.985641
v -0.853878 0.333093 -0.987092
v -0.853878 0.383100 -0.983812
v -0.823338 0.333886 -0.993108
v -0.804392 0.337777 -1.022653
v -1.048218 0.314852 -1.002030
v -1.048171 0.383102 -0.996377
v -1.058404 0.356300 -1.010703
v -1.027584 0.234022 -1.015985
v -1.027596 0.281103 -0.999530
v -0.853878 0.236486 -1.012982
v -0.853878 0.283941 -0.996876
v -0.823304 0.265101 -1.008063
v -0.804392 0.250212 -1.046115
v -1.048166 0.241297 -1.024606
v -1.058558 0.269951 -1.028890
v -1.027587 0.078523 -1.137561
v -1.027578 0.111076 -1.099754
v -0.853878 0.079155 -1.133729
v -0.853878 0.112195 -1.096046
v -1.027587 0.148275 -1.066536
v -0.853878 0.149872 -1.063004
v -0.823306 0.101457 -1.115176
v -0.823307 0.176188 -1.050871
v -0.804392 0.107609 -1.155557
v -0.804392 0.171706 -1.091449
v -1.048218 0.076870 -1.157122
v -1.048171 0.121085 -1.104933
v -1.058408 0.144683 -1.100920
v -1.058497 0.084767 -1.170880
v -1.047874 0.179412 -1.056337
v -1.027587 0.029537 -1.224202
v -1.027588 0.051192 -1.179273
v -0.853878 0.029153 -1.220345
v -0.853878 0.051316 -1.175397
v -0.823307 0.045879 -1.196703
v -0.804392 0.062287 -1.234079
v -1.048166 0.040766 -1.225158
v -1.058409 0.054058 -1.230663
v -1.027588 0.082723 -1.601797
v -1.027589 0.054638 -1.560576
v -0.853878 0.079191 -1.600202
v -0.853878 0.051345 -1.558534
v -1.027588 0.032175 -1.516044
v -0.853878 0.029176 -1.513586
v -0.823239 0.096739 -1.613293
v -0.823240 0.042758 -1.530826
v -0.804392 0.107642 -1.578375
v -0.804392 0.062308 -1.499852
v -1.047876 0.072531 -1.570666
v -1.058404 0.086459 -1.566259
v -1.048167 0.040788 -1.508785
v -1.058558 0.045101 -1.480194
v -1.027595 0.336776 -1.745434
v -1.027577 0.287791 -1.736140
v -0.853878 0.333151 -1.746805
v -0.853878 0.283997 -1.737021
v -1.027579 0.240363 -1.720528
v -0.853878 0.236541 -1.720926
v -0.823241 0.354867 -1.743649
v -0.823240 0.258309 -1.723499
v -0.804392 0.337829 -1.711233
v -0.804392 0.250261 -1.687794
v -1.047880 0.307521 -1.730602
v -1.058405 0.314275 -1.717651
v -1.048167 0.241349 -1.709303
v -1.058559 0.224190 -1.686041
v -1.027588 0.617983 -1.667352
v -1.027595 0.576775 -1.695424
v -0.853878 0.616388 -1.670881
v -0.853878 0.574721 -1.698724
v -1.027583 0.532231 -1.717902
v -0.853878 0.529774 -1.720903
v -0.823338 0.612690 -1.666069
v -0.823240 0.547012 -1.707319
v -0.804392 0.594554 -1.642426
v -0.804392 0.516048 -1.687771
v -1.047878 0.586851 -1.677542
v -1.058403 0.582422 -1.663628
v -1.048167 0.524964 -1.709280
v -1.058559 0.496400 -1.704971
v -0.801948 0.468492 -1.629591
v -0.801948 0.545475 -1.590349
v -0.804392 0.428485 -1.711233
v -0.801948 0.383152 -1.643116
v -0.801948 0.297810 -1.629601
v -0.801948 0.220819 -1.590380
v -0.804392 0.171748 -1.642471
v -0.801948 0.159717 -1.529291
v -0.801948 0.120483 -1.452306
v -0.804392 0.038838 -1.412305
v -0.801948 0.106960 -1.366958
v -0.804392 0.038831 -1.321637
v -0.801948 0.120471 -1.281620
v -0.801948 0.159691 -1.204636
v -0.801948 0.220784 -1.143526
v -0.801948 0.297769 -1.104295
v -0.801948 0.383109 -1.090770
v -0.801948 0.468451 -1.104285
v -0.801948 0.545441 -1.143495
v -0.804392 0.594512 -1.091414
v -0.804392 0.658620 -1.155511
v -0.801948 0.606544 -1.204594
v -0.801948 0.645777 -1.281579
v -0.801948 0.659300 -1.366917
v -0.801948 0.645790 -1.452265
v -0.801948 0.606568 -1.529250
v -0.804392 0.658652 -1.578318
v -0.807000 0.542367 -1.147733
v -0.807000 0.466834 -1.109251
v -0.807000 0.383109 -1.096003
v -0.807000 0.299386 -1.109262
v -0.807000 0.223860 -1.147764
v -0.807000 0.163926 -1.207704
v -0.807000 0.125447 -1.283242
v -0.807000 0.112193 -1.366958
v -0.807001 0.125460 -1.450685
v -0.807001 0.163950 -1.526212
v -0.807001 0.223895 -1.586152
v -0.807001 0.299425 -1.624624
v -0.807001 0.383152 -1.637882
v -0.807001 0.466874 -1.624614
v -0.807001 0.542401 -1.586121
v -0.807001 0.602335 -1.526181
v -0.807001 0.640814 -1.450644
v -0.807000 0.654068 -1.366917
v -0.807000 0.640801 -1.283201
v -0.807000 0.602310 -1.207673
v -1.027570 0.687739 -1.596322
v -1.027575 0.655182 -1.634135
v -0.853878 0.687105 -1.600156
v -0.853878 0.654065 -1.637840
v -0.823307 0.664839 -1.618665
v -1.048219 0.689374 -1.576780
v -1.048171 0.645176 -1.628953
v -1.058404 0.654036 -1.599836
v -1.027581 0.715071 -1.554604
v -0.853878 0.714945 -1.558488
v -1.027588 0.683537 -1.132087
v -1.027587 0.711623 -1.173309
v -0.853878 0.687070 -1.133684
v -0.853878 0.714916 -1.175352
v -0.823240 0.669476 -1.120531
v -0.823338 0.709655 -1.178382
v -1.047875 0.693734 -1.163225
v -1.058403 0.679794 -1.167616
v -1.027591 0.612521 -1.062344
v -1.027599 0.650307 -1.094883
v -0.853878 0.616342 -1.062970
v -0.853878 0.654023 -1.096011
v -0.823338 0.612643 -1.067783
v -1.048221 0.592944 -1.060677
v -1.048171 0.645135 -1.104899
v -1.058405 0.615966 -1.095989
v -1.027594 0.570794 -1.035002
v -0.853878 0.574670 -1.035127
v -1.027600 0.189510 -1.038436
v -0.853878 0.191540 -1.035150
v -1.058432 0.204946 -1.058373
v -1.027591 0.004643 -1.320590
v -1.027583 0.013930 -1.271582
v -0.853878 0.003275 -1.316961
v -0.853878 0.013047 -1.267802
v -0.823240 0.006416 -1.338696
v -0.823338 0.018917 -1.269379
v -1.047877 0.019457 -1.291340
v -1.059056 0.035170 -1.289634
v -1.027590 0.005543 -1.420133
v -1.027586 0.001831 -1.370381
v -0.853878 0.003281 -1.416982
v -0.853878 0.000000 -1.366971
v -0.823239 0.011938 -1.437137
v -1.048218 0.018208 -1.435148
v -1.048171 0.012571 -1.366960
v -1.058405 0.026895 -1.393841
v -1.027586 0.015716 -1.468956
v -0.853878 0.013063 -1.466129
v -1.027592 0.153739 -1.671540
v -1.027598 0.115952 -1.639001
v -0.853878 0.149919 -1.670916
v -0.853878 0.112237 -1.637874
v -0.823239 0.170249 -1.679022
v -1.048220 0.173312 -1.673205
v -1.048171 0.121125 -1.628987
v -1.058404 0.150256 -1.637859
v -1.027612 0.195480 -1.698883
v -0.853878 0.191590 -1.698747
v -1.027585 0.436300 -1.744535
v -1.027605 0.386586 -1.748245
v -0.853878 0.433168 -1.746794
v -0.853878 0.383160 -1.750074
v -0.823240 0.453335 -1.738135
v -1.048218 0.451315 -1.731866
v -1.048171 0.383159 -1.737509
v -1.058405 0.410066 -1.723167
v -1.027575 0.485151 -1.734355
v -0.853878 0.482320 -1.737010
v -1.062924 0.323669 -1.700465
v -1.054667 0.317020 -1.646884
v -1.054769 0.233018 -1.612432
v -1.062910 0.196820 -1.646625
v -1.043667 0.260993 -1.606023
v -1.043725 0.225219 -1.583932
v -1.054662 0.180049 -1.569672
v -1.062924 0.105252 -1.560729
v -1.054669 0.137663 -1.517116
v -1.054703 0.104800 -1.438456
v -1.062910 0.053624 -1.432976
v -1.043773 0.117898 -1.409342
v -1.054667 0.096196 -1.366936
v -1.063093 0.048980 -1.326826
v -1.043829 0.143669 -1.487966
v -1.043829 0.165693 -1.524509
v -1.043829 0.193287 -1.556116
v -1.043829 0.115329 -1.367112
v -1.043829 0.299688 -1.621997
v -1.043829 0.341206 -1.632310
v -1.054691 0.383018 -1.653854
v -1.043829 0.383152 -1.635737
v -1.062910 0.449178 -1.696435
v -1.054668 0.449001 -1.646835
v -1.043829 0.466229 -1.622869
v -1.043829 0.425506 -1.632402
v -1.054519 0.512967 -1.621757
v -1.043829 0.506067 -1.608174
v -1.043803 0.541220 -1.584755
v -1.054657 0.572819 -1.582826
v -1.062923 0.576887 -1.644835
v -1.062910 0.662827 -1.553233
v -1.054698 0.614942 -1.535335
v -1.054704 0.647278 -1.479979
v -1.062827 0.709694 -1.449381
v -1.043884 0.602138 -1.526069
v -1.044016 0.624223 -1.489842
v -1.044015 0.640494 -1.450573
v -1.054698 0.666125 -1.411741
v -1.043981 0.650436 -1.409266
v -1.054566 0.669558 -1.348825
v -1.062924 0.716631 -1.307389
v -1.043829 0.573547 -1.557121
v -1.043829 0.653880 -1.366917
v -1.043981 0.650430 -1.324578
v -1.044014 0.640483 -1.283272
v -1.054704 0.647263 -1.253863
v -1.044017 0.624204 -1.243992
v -1.063005 0.650398 -1.160858
v -1.054454 0.594942 -1.174254
v -1.062910 0.569387 -1.087217
v -1.054768 0.533226 -1.121444
v -1.043980 0.542185 -1.147986
v -1.044013 0.505944 -1.125803
v -1.043884 0.602134 -1.207809
v -1.043829 0.574564 -1.175471
v -1.062924 0.442611 -1.033422
v -1.043829 0.466777 -1.109436
v -1.054528 0.471290 -1.094995
v -1.043882 0.425471 -1.099563
v -1.054583 0.405854 -1.080981
v -1.043965 0.383109 -1.096287
v -1.054610 0.314248 -1.088184
v -1.062827 0.300660 -1.040391
v -1.043885 0.340750 -1.099565
v -1.043829 0.299444 -1.109447
v -1.044013 0.260279 -1.125823
v -1.043980 0.224043 -1.148007
v -1.054768 0.232962 -1.121485
v -1.063005 0.177039 -1.099679
v -1.054616 0.181480 -1.163894
v -1.062875 0.071062 -1.232966
v -1.054642 0.137850 -1.217408
v -1.053989 0.103787 -1.301175
v -1.043795 0.127228 -1.283433
v -1.043833 0.117485 -1.325183
v -1.043829 0.142766 -1.244637
v -1.043829 0.164077 -1.207807
v -1.043829 0.191667 -1.175502
v -1.043829 0.127555 -1.449751
vn -0.2933 -0.3645 0.8838
vn -0.3006 -0.3632 0.8819
vn 0.0374 -0.9992 -0.0112
vn 0.9763 0.0225 -0.2153
vn 0.9793 0.0730 -0.1887
vn 0.9772 0.0952 -0.1897
vn 0.9758 0.1622 -0.1469
vn 0.9765 0.2150 0.0127
vn 0.9807 0.1871 -0.0569
vn 0.9793 0.1904 -0.0690
vn 0.8200 -0.4911 0.2940
vn -0.9078 -0.4002 0.1251
vn 0.9822 0.1247 0.1405
vn 0.9725 0.1861 0.1403
vn 0.9774 0.1919 0.0888
vn 0.9790 0.0347 0.2008
vn 0.9831 -0.0210 0.1817
vn -0.8372 -0.4358 -0.3303
vn 0.9181 -0.3670 -0.1496
vn 0.4459 -0.3555 -0.8214
vn 0.9983 -0.0436 -0.0396
vn 0.9889 -0.1187 -0.0890
vn 0.9851 -0.1166 -0.1265
vn 0.9611 0.2702 0.0576
vn 1.0000 0.0008 -0.0018
vn 0.9850 -0.1080 0.1348
vn 0.9972 -0.0638 0.0389
vn 0.9819 -0.1293 0.1383
vn 0.9952 -0.0431 0.0882
vn 0.9585 0.2792 -0.0574
vn 1.0000 -0.0014 -0.0019
vn -0.7672 0.5344 -0.3546
vn 0.9996 0.0114 0.0247
vn 0.9996 -0.0238 -0.0127
vn 0.9808 0.1281 0.1468
vn 0.9788 0.2024 0.0304
vn 0.9957 0.0032 0.0921
vn 0.9988 0.0475 -0.0122
vn 0.9999 -0.0100 -0.0108
vn 0.9933 -0.0627 -0.0966
vn 0.9999 -0.0103 0.0039
vn 0.9997 -0.0133 -0.0194
vn 0.9996 -0.0293 -0.0039
vn 0.9715 0.2351 -0.0306
vn 0.9994 -0.0110 -0.0338
vn 0.9994 -0.0112 -0.0321
vn 0.9995 -0.0107 -0.0313
vn 0.9978 -0.0107 -0.0659
vn 0.9996 0.0071 -0.0266
vn 0.9996 0.0071 -0.0261
vn 0.9995 0.0305 -0.0109
vn 0.9988 0.0464 -0.0128
vn 0.9997 0.0260 -0.0034
vn 0.9632 0.2453 0.1097
vn 0.9997 0.0225 -0.0017
vn 0.9996 0.0272 -0.0031
vn 0.9999 0.0108 0.0075
vn 0.9997 0.0212 0.0129
vn 1.0000 0.0055 0.0004
vn 1.0000 -0.0086 -0.0027
vn 1.0000 0.0031 0.0065
vn 0.9998 0.0065 0.0176
vn 0.9999 0.0141 0.0077
vn 0.9999 -0.0015 -0.0110
vn 0.9919 -0.1261 0.0129
vn 0.9908 -0.1299 -0.0391
vn 0.9989 -0.0040 -0.0459
vn 0.9751 -0.2199 -0.0283
vn 0.9683 -0.2480 0.0293
vn 0.9783 -0.1995 -0.0565
vn 0.9988 0.0352 0.0349
vn 0.9995 0.0189 0.0251
vn 0.9989 0.0262 0.0396
vn 0.9997 0.0072 0.0214
vn 0.9998 0.0076 0.0184
vn 0.9988 -0.0223 0.0442
vn 0.9997 -0.0057 0.0242
vn 0.9999 -0.0037 0.0118
vn 0.9999 -0.0012 0.0101
vn 1.0000 0.0031 -0.0065
vn 1.0000 -0.0009 -0.0054
vn 0.9999 -0.0027 0.0117
vn 0.9998 -0.0045 0.0181
vn 0.9998 -0.0105 0.0190
vn 0.9926 -0.0438 -0.1130
vn 0.9806 0.0919 -0.1731
vn 1.0000 -0.0006 -0.0026
vn 0.9990 0.0404 -0.0191
vn 0.9765 -0.1001 -0.1909
vn 0.9995 -0.0180 0.0258
vn 0.9989 -0.0297 0.0372
vn 0.9997 -0.0199 0.0168
vn 0.9996 -0.0207 0.0169
vn 0.9996 -0.0212 0.0175
vn 0.9997 -0.0243 -0.0020
vn 0.9999 -0.0109 -0.0017
vn 0.9998 -0.0180 0.0002
vn 0.9998 -0.0177 0.0002
vn 0.9994 -0.0347 0.0069
vn 0.9992 -0.0392 0.0057
vn 0.9991 -0.0405 0.0143
vn 0.9998 -0.0147 0.0093
vn 0.9998 -0.0213 -0.0041
vn 0.9926 0.0941 -0.0766
vn 0.9907 0.1315 -0.0349
vn 1.0000 0.0022 -0.0014
vn 0.9990 0.0308 0.0327
vn 0.9781 0.1718 -0.1171
vn 0.9798 0.1779 -0.0914
vn 0.9987 -0.0489 -0.0174
vn 0.9998 -0.0180 -0.0105
vn 0.9998 -0.0171 -0.0096
vn 0.9996 -0.0254 -0.0150
vn 0.9500 0.1989 0.2408
vn 0.9994 0.0054 -0.0354
vn 0.9998 0.0008 -0.0186
vn 0.9998 0.0007 -0.0196
vn 0.9800 -0.0869 0.1789
vn 0.9811 -0.0435 0.1885
vn 0.9928 -0.0642 0.1009
vn 0.9939 -0.0136 0.1090
vn 1.0000 -0.0066 0.0001
vn 0.9984 -0.0553 -0.0115
vn 0.9422 0.1694 -0.2890
vn 0.9999 -0.0050 0.0124
vn 1.0000 0.0074 0.0004
vn 0.9998 0.0189 -0.0047
vn 0.9998 0.0147 -0.0093
vn 1.0000 -0.0021 -0.0008
vn 0.9999 0.0103 -0.0095
vn 0.9999 0.0116 -0.0114
vn 0.9985 0.0484 -0.0264
vn 0.9994 -0.0004 -0.0359
vn 0.9997 0.0195 0.0178
vn 0.9801 -0.0277 0.1965
vn 0.9937 0.0068 0.1122
vn 0.9987 0.0440 -0.0271
vn 0.9999 0.0109 -0.0013
vn 0.5972 -0.5724 -0.5618
vn 0.9994 0.0222 0.0271
vn 0.9999 -0.0047 0.0097
vn 0.9993 0.0379 -0.0012
vn 0.9988 0.0489 -0.0015
vn 0.9994 -0.0207 0.0291
vn 0.9997 -0.0053 -0.0259
vn 0.9994 -0.0343 -0.0107
vn 0.9996 0.0231 -0.0131
vn 0.9692 -0.2413 -0.0500
vn 0.7009 -0.2863 0.6533
vn 0.6611 -0.3107 0.6830
vn 0.9742 -0.2256 0.0099
vn 0.9717 -0.2362 0.0027
vn -0.0041 -0.8061 0.5917
vn -0.9445 -0.3256 0.0431
vn 0.9791 -0.2031 -0.0146
vn -0.0237 -0.3195 0.9473
vn -0.0016 -0.3860 0.9225
vn 0.0016 -0.7927 0.6096
vn 0.0174 -0.7805 -0.6249
vn 1.0000 -0.0000 -0.0000
vn 0.0281 0.1699 0.9851
vn -0.0341 0.5622 0.8263
vn -0.0459 0.5379 0.8417
vn 0.9684 -0.1972 -0.1528
vn 0.9640 -0.2584 -0.0625
vn 0.9804 -0.1770 -0.0868
vn 0.9647 -0.2634 0.0024
vn 0.9606 -0.2726 -0.0538
vn 0.9584 -0.2816 -0.0457
vn 0.5701 -0.7842 0.2450
vn 0.5517 -0.6102 -0.5686
vn 0.6079 -0.5635 -0.5594
vn 0.6653 -0.0919 -0.7409
vn 0.6250 -0.0671 -0.7778
vn 0.8236 -0.0674 -0.5631
vn 0.6756 -0.0021 -0.7373
vn 0.9254 0.0271 -0.3779
vn 0.7198 0.0661 -0.6911
vn 0.9950 -0.0980 -0.0184
vn 0.9804 -0.1464 -0.1318
vn 0.9994 -0.0182 -0.0307
vn 0.9983 0.0044 0.0580
vn 0.9995 0.0249 -0.0176
vn 0.3560 -0.1315 0.9252
vn 1.0000 0.0028 0.0053
vn 0.9996 0.0273 0.0052
vn 0.8658 -0.3930 -0.3098
vn 0.6981 -0.5483 -0.4604
vn 0.7630 -0.0423 0.6450
vn -0.2185 0.9671 0.1306
vn 0.6344 0.7591 0.1460
vn -0.4603 0.8254 0.3269
vn -0.3161 0.8839 0.3446
vn 0.2762 0.7890 0.5488
vn -0.6332 0.6162 0.4683
vn 0.6032 0.5659 0.5621
vn 0.7300 -0.6776 -0.0894
vn 0.7519 -0.6143 -0.2393
vn 0.7015 -0.6086 -0.3707
vn 0.6933 -0.6139 -0.3775
vn 0.7626 -0.5357 -0.3626
vn 0.8286 0.5196 -0.2087
vn 0.8100 0.5352 -0.2398
vn 0.8381 0.3149 -0.4454
vn 0.6796 0.1976 -0.7064
vn 0.7010 0.1647 -0.6939
vn 0.7507 0.0405 -0.6594
vn 0.7297 -0.1250 -0.6722
vn 0.5811 -0.3353 -0.7416
vn 0.7949 -0.2889 -0.5335
vn 0.7325 -0.2262 -0.6420
vn 0.8344 -0.1731 -0.5233
vn 0.6223 -0.2488 -0.7422
vn 0.2257 0.4583 0.8597
vn 0.9837 0.1507 -0.0977
vn 0.6938 -0.1813 -0.6970
vn 0.9847 0.1426 -0.1004
vn 0.6159 -0.1845 -0.7659
vn 0.9704 0.2120 -0.1156
vn 0.9734 0.2097 -0.0925
vn 0.9792 0.1592 -0.1261
vn 0.9932 0.1042 -0.0522
vn 0.7594 0.5382 -0.3656
vn -0.0244 0.7890 -0.6139
vn 0.9881 0.1481 0.0424
vn 0.9908 0.1311 0.0334
vn 0.4714 -0.8736 -0.1206
vn 0.4925 -0.8677 -0.0676
vn 0.4984 -0.8427 -0.2035
vn 0.3093 -0.2132 -0.9268
vn 0.4066 -0.3284 -0.8525
vn 0.1923 0.0660 -0.9791
vn 0.2100 0.0538 -0.9762
vn 0.2124 0.0530 -0.9757
vn 0.2086 0.0536 -0.9765
vn 0.9824 0.1397 -0.1244
vn 0.9885 0.1292 -0.0785
vn 0.9895 0.1209 -0.0794
vn 0.9893 0.1129 -0.0924
vn 0.9949 0.0570 -0.0827
vn 0.9949 0.0558 -0.0843
vn 0.9394 0.1313 -0.3168
vn 0.9396 0.1306 -0.3165
vn 0.2134 0.3046 -0.9283
vn 0.1565 0.2104 -0.9650
vn 0.1675 0.4502 -0.8771
vn 0.1459 0.4642 -0.8736
vn 0.1322 0.4700 -0.8727
vn 0.1293 0.4692 -0.8736
vn 0.9189 0.0813 -0.3861
vn 0.5076 0.4998 -0.7018
vn 0.4689 0.8141 -0.3427
vn 0.7312 0.5997 -0.3252
vn 0.7468 0.6436 -0.1674
vn 0.6915 0.7200 -0.0593
vn 0.7449 0.6630 -0.0744
vn 0.7300 0.6826 -0.0332
vn 0.7495 0.6616 -0.0234
vn 0.7375 -0.0671 0.6721
vn 0.9865 0.0878 -0.1382
vn 0.9943 -0.1021 -0.0303
vn 0.9994 -0.0286 -0.0199
vn 0.9856 -0.1692 -0.0012
vn 0.9865 -0.1640 0.0038
vn 0.9997 0.0095 -0.0226
vn 0.9999 -0.0126 -0.0093
vn 1.0000 0.0098 0.0012
vn 0.9999 0.0111 0.0011
vn 1.0000 0.0063 0.0036
vn 0.9989 0.0379 0.0280
vn 0.9191 -0.3373 0.2037
vn 0.9317 -0.3047 0.1975
vn 0.9999 0.0157 -0.0013
vn 0.9999 -0.0017 0.0112
vn 0.9999 0.0025 0.0113
vn -0.7252 -0.4813 -0.4923
vn -0.0845 -0.7904 -0.6067
vn 0.6509 -0.7592 0.0001
vn 0.5571 -0.0921 -0.8254
vn 0.0063 0.8618 -0.5072
vn 0.2803 0.8252 -0.4904
vn 0.0639 0.8258 0.5603
vn 0.3955 0.7078 0.5853
vn 0.3848 -0.2662 0.8838
vn 0.1551 -0.3091 0.9383
vn -0.0916 -0.8264 0.5556
vn -0.2353 -0.8059 0.5434
vn 0.1067 -0.9094 0.4021
vn 0.9998 0.0151 -0.0122
vn 0.0443 -0.9562 0.2894
vn 0.0525 -0.9558 0.2892
vn -0.0659 0.1491 -0.9866
vn -0.0287 0.1416 -0.9895
vn 0.0039 0.1706 -0.9853
vn 0.0546 0.1636 -0.9850
vn -0.0103 0.1758 -0.9844
vn -0.0161 0.1736 -0.9847
vn 0.2653 0.1853 -0.9462
vn 0.9797 0.0600 -0.1914
vn -0.1841 0.1908 -0.9642
vn 0.1648 0.7093 -0.6854
vn -0.1254 0.7268 -0.6753
vn 0.7519 0.5256 0.3981
vn -0.1729 0.7611 0.6252
vn -0.0294 0.1890 0.9815
vn 0.3924 0.0311 0.9193
vn -0.6290 -0.1618 0.7604
vn 0.1981 -0.8920 0.4063
vn -0.6854 -0.6655 0.2955
vn -0.3252 -0.8480 0.4185
vn 0.4142 -0.7453 0.5225
vn -0.1189 -0.7403 0.6617
vn -0.0034 -0.7514 0.6598
vn 0.1648 0.8711 0.4627
vn 0.3388 0.8365 0.4306
vn -0.1835 0.9761 -0.1163
vn 0.2004 0.9726 -0.1176
vn 0.0034 0.9903 -0.1392
vn 0.0019 0.9904 -0.1379
vn 0.0463 0.9885 -0.1440
vn -0.0051 0.9898 -0.1424
vn 0.3110 0.9248 -0.2190
vn -0.0671 0.9856 -0.1554
vn 0.0535 -0.5705 -0.8196
vn 0.0427 -0.5708 -0.8199
vn -0.0007 -0.8597 -0.5108
vn -0.1223 -0.8578 -0.4992
vn 0.9868 -0.0466 -0.1549
vn 0.9869 -0.0468 -0.1546
vn 0.9963 0.0064 -0.0862
vn 0.9332 -0.2787 -0.2269
vn 0.9319 -0.2745 -0.2371
vn 0.9175 -0.3060 -0.2542
vn 0.9999 0.0020 0.0123
vn 0.9965 -0.0632 -0.0555
vn 0.9999 0.0050 -0.0148
vn 1.0000 0.0019 0.0095
vn 0.9993 0.0102 -0.0356
vn 0.9993 0.0105 -0.0348
vn 0.9810 0.1941 0.0046
vn 0.9865 0.1586 0.0408
vn 1.0000 -0.0013 0.0071
vn 0.9999 0.0037 0.0137
vn 1.0000 0.0006 0.0073
vn -0.0439 -0.3749 0.9260
vn 0.2365 -0.3723 0.8975
vn -0.7791 -0.1112 0.6169
vn 0.7147 -0.0821 0.6946
vn -0.7737 0.3030 0.5564
vn 0.4129 -0.7285 -0.5467
vn -0.3056 -0.6657 -0.6808
vn -0.6870 -0.4855 -0.5406
vn 0.1951 -0.6626 -0.7231
vn -0.6278 -0.7742 0.0809
vn 0.3943 -0.8636 0.3143
vn 0.1877 -0.8924 0.4103
vn -0.0712 0.7460 0.6621
vn 0.2706 0.7235 0.6351
vn 0.0642 -0.2773 0.9586
vn 0.3973 -0.3380 0.8532
vn 0.9979 0.0444 -0.0467
vn 0.3920 -0.9180 0.0605
vn 0.0092 -1.0000 -0.0018
vn 0.0691 -0.7845 -0.6162
vn 0.3770 -0.7338 -0.5652
vn 0.8250 -0.3646 0.4318
vn -0.7435 0.2482 -0.6210
vn 0.7865 0.3414 -0.5146
vn 0.7402 0.6433 -0.1954
vn 0.9865 0.0102 0.1634
vn 0.9810 0.0556 0.1860
vn 1.0000 -0.0071 0.0009
vn 0.9999 -0.0120 0.0079
vn 1.0000 -0.0084 0.0047
vn 0.9999 0.0156 0.0001
vn 0.9993 0.0363 -0.0008
vn 0.9993 0.0370 -0.0013
vn 0.9963 0.0839 -0.0205
vn 0.9869 0.1326 -0.0923
vn 0.9868 0.1329 -0.0921
vn 0.0521 0.6033 -0.7958
vn 0.0432 0.6033 -0.7963
vn -0.0649 0.4529 0.8892
vn 0.3149 0.4942 0.8103
vn -0.0024 0.2201 -0.9755
vn -0.1190 0.2099 -0.9705
vn 0.9332 0.1296 -0.3350
vn 0.4143 0.2959 -0.8607
vn -0.3268 0.4399 -0.8365
vn -0.6864 0.3643 -0.6294
vn 0.9174 0.1472 -0.3696
vn 0.9319 0.1406 -0.3343
vn 0.1975 0.4829 -0.8531
vn 0.9999 -0.0112 0.0061
vn 0.9965 0.0333 -0.0773
vn 0.9979 0.0581 0.0278
vn 0.3788 0.3104 -0.8719
vn 0.3668 0.3123 -0.8763
vn 0.3208 -0.2867 -0.9027
vn 0.3845 -0.2902 -0.8763
vn 0.3950 -0.9169 -0.0565
vn -0.2885 -0.9573 0.0205
vn -0.0664 -0.3917 0.9177
vn 0.0468 -0.3917 0.9189
vn 0.6553 0.4910 0.5741
vn -0.7439 0.6668 0.0443
vn 0.7877 0.5933 0.1658
vn 0.8275 -0.5195 -0.2130
vn 1.0000 -0.0065 0.0030
vn -0.6275 -0.3145 -0.7123
vn 0.3956 -0.5652 -0.7239
vn 0.1877 -0.6662 -0.7218
vn -0.0440 -0.9965 -0.0707
vn 0.2385 -0.9681 -0.0771
vn -0.7806 -0.6193 0.0845
vn 0.7153 -0.6854 0.1364
vn -0.7736 -0.4363 0.4595
vn -0.0058 0.4410 0.8975
vn 0.0432 0.4421 0.8959
vn -0.0000 0.4371 0.8994
vn 0.0024 0.4387 0.8986
vn 0.2010 0.4125 0.8885
vn -0.1869 0.4121 0.8917
vn 0.1678 -0.1705 0.9710
vn 0.3376 -0.1511 0.9291
vn 1.0000 -0.0031 -0.0065
vn 0.9999 -0.0111 -0.0088
vn 0.9865 -0.1522 0.0602
vn 0.9856 0.1362 0.1004
vn 0.9943 0.0647 0.0847
vn 0.9994 0.0115 0.0329
vn 0.9862 0.1353 0.0954
vn 0.9993 0.0138 0.0344
vn 0.9999 0.0047 0.0149
vn 1.0000 -0.0070 -0.0064
vn 1.0000 -0.0048 -0.0068
vn 0.9999 -0.0071 -0.0086
vn -0.6853 0.7122 0.1521
vn -0.3252 0.9321 0.1598
vn 0.9175 0.3968 0.0257
vn 0.9320 0.3613 0.0303
vn 0.9333 0.3587 0.0198
vn -0.0023 0.9957 -0.0921
vn -0.1203 0.9877 -0.1003
vn 0.4142 0.9101 0.0155
vn -0.0126 -0.4909 -0.8711
vn -0.2196 -0.4746 -0.8523
vn -0.1947 -0.2473 -0.9492
vn -0.0459 -0.2475 -0.9678
vn 0.1890 0.4827 -0.8551
vn 0.3934 0.5151 -0.7615
vn -0.6281 0.5787 -0.5202
vn 0.1989 0.9603 0.1955
vn 0.1631 -0.9769 0.1377
vn -0.1252 -0.9849 0.1192
vn -0.1838 -0.7212 0.6678
vn 0.2686 -0.7055 0.6558
vn -0.0163 -0.7191 0.6947
vn -0.0111 -0.7207 0.6932
vn 0.0482 -0.7122 0.7004
vn 0.0022 -0.7173 0.6967
vn -0.0303 -0.6964 0.7170
vn -0.0673 -0.7006 0.7104
vn 0.0536 0.9433 0.3277
vn 0.0433 0.9438 0.3278
vn 0.9979 -0.0081 0.0646
vn 0.9964 0.0849 0.0078
vn 0.7326 0.0396 0.6795
vn 0.8220 0.0247 -0.5689
vn 0.3798 0.9247 0.0259
vn 0.3649 0.9307 0.0266
vn 0.2710 0.7817 -0.5617
vn 0.3877 0.7358 -0.5553
vn 0.3963 -0.2294 -0.8890
vn 0.0650 -0.3399 -0.9382
vn 0.2715 -0.9584 -0.0886
vn -0.0700 -0.9928 -0.0972
vn 0.7415 -0.4052 0.5348
vn -0.7427 0.1642 0.6491
vn 0.9943 -0.0604 0.0877
vn 0.9994 -0.0278 0.0211
vn 1.0000 0.0052 -0.0050
vn 0.9999 0.0050 -0.0137
vn 1.0000 0.0039 -0.0086
vn 0.9999 -0.0127 0.0091
vn 0.9991 -0.0297 0.0291
vn 0.9862 -0.0492 0.1582
vn 1.0000 0.0046 -0.0065
vn 1.0000 0.0053 -0.0083
vn 0.2801 -0.2116 -0.9364
vn -0.0710 -0.2144 -0.9742
vn 0.7419 -0.6338 -0.2189
vn -0.7440 -0.5651 0.3565
vn 0.8208 0.5548 -0.1357
vn 0.7897 -0.5751 0.2137
vn 0.3717 0.2619 0.8906
vn 0.3667 0.2623 0.8926
vn 0.3185 0.7628 0.5627
vn 0.3824 0.7502 0.5394
vn 0.3988 0.7736 -0.4924
vn 0.0651 0.7868 -0.6137
vn 0.9983 -0.0551 0.0193
vn 0.9961 0.0186 0.0866
vn 0.9856 -0.0534 0.1605
vn 0.0441 -0.0201 0.9988
vn 0.0500 -0.0202 0.9985
vn -0.0028 0.3954 0.9185
vn -0.1190 0.4005 0.9085
vn 0.9334 0.0919 0.3469
vn 0.9319 0.0836 0.3528
vn 0.9188 0.0978 0.3824
vn -0.0454 0.8473 -0.5292
vn -0.0126 0.6783 -0.7347
vn -0.1446 0.6735 -0.7249
vn -0.3720 0.7820 -0.5001
vn 0.9797 -0.1634 -0.1162
vn 0.9865 -0.1043 -0.1262
vn 0.1660 -0.4328 -0.8861
vn -0.1262 -0.4177 -0.8998
vn -0.1862 -0.8576 -0.4793
vn 0.2691 -0.8417 -0.4681
vn -0.0179 -0.8830 -0.4691
vn -0.0114 -0.8818 -0.4715
vn 0.0505 -0.8861 -0.4607
vn 0.0031 -0.8843 -0.4669
vn -0.0295 -0.8973 -0.4404
vn -0.0649 -0.8925 -0.4464
vn 0.3931 0.8835 0.2547
vn 0.2841 0.9324 0.2237
vn -0.6288 0.6728 0.3897
vn 0.1953 0.1107 0.9745
vn -0.6879 0.0750 0.7219
vn -0.3278 0.1358 0.9349
vn 0.4143 0.2664 0.8703
vn 0.3095 -0.0756 -0.9479
vn 0.3430 -0.0315 -0.9388
vn 0.3185 -0.0659 -0.9456
vn 0.3052 -0.2768 -0.9112
vn 0.2622 -0.0230 -0.9647
vn 0.2842 -0.0406 -0.9579
vn 0.2846 -0.0403 -0.9578
vn 0.2851 -0.0548 -0.9569
vn 0.3033 -0.0748 -0.9500
vn 0.3232 -0.0700 -0.9438
vn 0.8592 -0.4447 -0.2531
vn 0.9774 -0.2039 0.0560
vn 0.9898 -0.1083 -0.0927
vn 0.9720 -0.2278 -0.0580
vn -0.0058 0.7101 -0.7041
vn -0.0036 0.7056 -0.7086
vn 0.0068 0.2020 -0.9794
vn 0.0087 0.1957 -0.9806
vn -0.7635 0.6431 -0.0601
vn -0.6038 0.7521 -0.2642
vn 0.6032 0.7689 -0.2120
vn 0.1932 0.1403 -0.9711
vn 0.9835 -0.1807 -0.0101
vn 0.9808 -0.1947 0.0066
vn 0.9819 -0.1882 0.0204
vn 0.9885 -0.1506 -0.0124
vn 0.9895 -0.1444 -0.0068
vn 0.9893 -0.1456 0.0082
vn 0.9950 -0.0945 0.0333
vn 0.9950 -0.0945 0.0335
vn 0.9366 -0.2992 0.1823
vn 0.9386 -0.2921 0.1836
vn 0.8889 -0.2913 0.3535
vn 0.4505 -0.8713 0.1944
vn 0.4660 -0.8645 -0.1883
vn 0.1292 -0.8930 0.4312
vn 0.1328 -0.8931 0.4297
vn 0.1462 -0.8891 0.4338
vn 0.1678 -0.8797 0.4449
vn 0.2135 -0.7919 0.5720
vn 0.1566 -0.7375 0.6569
vn 0.2094 -0.6155 0.7598
vn 0.2053 -0.6165 0.7601
vn 0.2030 -0.6173 0.7601
vn 0.1866 -0.6271 0.7563
vn 0.3481 -0.3988 0.8484
vn 0.4440 0.1599 0.8816
vn 0.6046 -0.2352 0.7610
vn 0.8727 -0.1601 0.4612
vn 0.7368 -0.1963 0.6470
vn 0.7885 -0.0816 0.6095
vn 0.5816 -0.1649 0.7966
vn 0.7297 -0.2938 0.6175
vn 0.7514 -0.4180 0.5105
vn 0.7008 -0.5413 0.4646
vn 0.6932 -0.5487 0.4673
vn 0.7621 -0.5107 0.3980
vn 0.7749 -0.6010 0.1957
vn 0.8367 -0.5354 -0.1155
vn 0.7377 -0.6597 0.1438
vn 0.7543 -0.5910 -0.2859
vn 0.8107 -0.5355 -0.2367
vn 0.8479 -0.4564 -0.2696
vn 0.8299 -0.4607 -0.3147
vn 0.5899 -0.5643 -0.5776
vn 0.7501 -0.5590 -0.3533
vn 0.7982 -0.4165 -0.4353
vn 0.7664 -0.4883 -0.4173
vn 0.6865 -0.5697 -0.4519
vn 0.9772 -0.2009 -0.0682
vn 0.9878 -0.1497 0.0432
vn 0.9790 -0.1372 -0.1509
vn 0.9847 -0.1730 -0.0216
vn 0.9736 -0.2206 -0.0583
vn -0.0138 -0.8574 -0.5145
vn 0.0021 -0.8789 -0.4770
vn -0.0082 -0.3230 -0.9464
vn 0.0133 -0.3950 -0.9186
vn 0.6420 -0.6652 0.3813
vn 0.7572 -0.6444 0.1066
vn 0.7747 -0.6208 0.1205
vn 0.7529 -0.4179 -0.5085
vn 0.5528 -0.8180 0.1592
vn 0.5155 -0.8456 0.1384
vn 0.5557 -0.7963 0.2391
vn 0.5374 -0.8038 0.2553
vn 0.6073 -0.6446 -0.4644
vn 0.6147 -0.6506 -0.4459
vn 0.7990 -0.4688 -0.3767
vn 0.7861 -0.5781 0.2187
vn 0.7771 -0.5907 0.2171
vn 0.9907 -0.0932 -0.0992
vn 0.9944 -0.0974 -0.0413
vn -0.0176 -0.9997 0.0161
vn 0.0040 -0.9969 0.0780
vn 0.5080 0.5583 0.6560
vn 0.4818 0.6489 0.5888
vn 0.4922 0.6619 0.5654
vn 0.2600 -0.9104 0.3220
vn 0.5088 0.6303 -0.5865
vn 0.4473 0.4688 -0.7617
vn 0.3991 0.1082 -0.9105
vn 0.3165 -0.0684 -0.9461
vn 0.2802 0.9594 -0.0318
vn 0.2736 0.9238 0.2680
vn -0.0031 0.9674 0.2530
vn -0.0003 0.9968 0.0803
vn 0.0029 0.9966 0.0818
vn 0.0060 0.9928 -0.1198
vn -0.2176 0.9387 0.2673
vn 0.4442 -0.7890 0.4246
vn 0.3485 -0.9301 -0.1160
vn 0.5081 -0.4516 0.7334
vn 0.4923 -0.3327 0.8043
vn 0.4818 -0.3593 0.7992
vn 0.9857 0.0789 -0.1490
vn 0.9737 0.1257 -0.1902
vn 0.9790 -0.0426 -0.1991
vn -0.0261 -0.3921 -0.9195
vn -0.0294 -0.3857 -0.9222
vn 0.0343 -0.8236 -0.5661
vn 0.9931 0.0253 -0.1147
vn -0.0266 -0.9819 -0.1873
vn -0.0397 -0.8551 0.5170
vn 0.9785 -0.1410 -0.1505
vn 0.9766 -0.0164 -0.2146
vn 0.9779 -0.0033 -0.2090
vn 0.6288 -0.7766 -0.0390
vn 0.6975 -0.7151 -0.0475
vn 0.1869 -0.9131 -0.3624
vn 0.2029 -0.9137 -0.3522
vn 0.2055 -0.9134 -0.3513
vn 0.1741 -0.9176 -0.3573
vn 0.1966 -0.7930 -0.5766
vn 0.1679 -0.7771 -0.6066
vn 0.1824 -0.6924 -0.6981
vn 0.1682 -0.6850 -0.7089
vn 0.1475 -0.6799 -0.7183
vn 0.1318 -0.6857 -0.7158
vn 0.4654 -0.0896 -0.8805
vn 0.4598 -0.4430 -0.7696
vn 0.9347 -0.2698 -0.2313
vn 0.9001 -0.3904 -0.1935
vn 0.9348 -0.2698 -0.2312
vn 0.9914 -0.0840 -0.1008
vn 0.9916 -0.0886 -0.0944
vn 0.9927 -0.0755 -0.0938
vn 0.9909 -0.0247 -0.1322
vn 0.9892 -0.0266 -0.1444
vn 0.9820 -0.0762 -0.1731
vn 0.9812 -0.0682 -0.1807
vn 0.9812 -0.0679 -0.1806
vn 0.7352 -0.6778 0.0068
vn 0.8273 -0.5617 0.0051
vn 0.7331 -0.6799 0.0177
vn 0.7953 -0.5961 0.1100
vn 0.5805 -0.8093 0.0897
vn 0.9619 -0.0331 -0.2715
vn 0.9593 -0.0497 -0.2778
vn 0.9748 0.0365 -0.2201
vn 0.9710 -0.0908 -0.2211
vn 0.9621 -0.0275 -0.2712
vn 0.5595 -0.4795 -0.6760
vn 0.5703 0.3281 -0.7531
vn 0.6284 0.3401 -0.6996
vn 0.5829 0.7240 -0.3690
vn 0.6415 0.7064 -0.2990
vn 0.8790 0.4145 -0.2355
vn 0.6763 0.6999 -0.2297
vn 0.9165 0.3883 -0.0960
vn 0.7135 0.6839 -0.1523
vn 0.9993 0.0238 -0.0272
vn 0.9950 -0.0122 -0.0993
vn 0.9806 0.0794 -0.1794
vn 1.0000 -0.0046 0.0046
vn 0.9997 0.0018 0.0231
vn 0.9984 -0.0530 0.0220
vn 0.7058 0.2513 -0.6624
vn 0.3558 -0.9205 0.1612
vn 0.9995 0.0242 0.0182
vn 0.7660 -0.6229 0.1590
vn -0.0172 -0.3007 0.9536
vn -0.6312 -0.2556 0.7323
vn 0.6028 -0.3601 0.7120
vn 0.3550 0.8779 -0.3214
vn 0.3181 0.8718 -0.3725
vn 0.3018 0.7814 -0.5462
vn 0.2636 0.9098 -0.3205
vn 0.2839 0.8987 -0.3343
vn 0.2846 0.8986 -0.3338
vn 0.2852 0.8932 -0.3477
vn 0.3036 0.8802 -0.3647
vn 0.3230 0.8759 -0.3583
vn 0.7987 0.6017 -0.0059
vn 0.9742 -0.0149 -0.2254
vn -0.0429 0.9991 0.0072
vn 0.0109 0.9869 -0.1608
vn 0.0465 0.8933 0.4471
vn 0.7981 0.2858 -0.5304
vn 0.7658 0.2461 -0.5942
vn 0.6870 0.2537 -0.6809
vn 0.8319 0.1555 -0.5328
vn 0.8494 0.1158 -0.5149
vn 0.7545 0.0894 -0.6502
vn 0.8110 0.0598 -0.5820
vn 0.8368 -0.0559 -0.5447
vn 0.7374 -0.3403 -0.5835
vn 0.7749 -0.3719 -0.5111
vn 0.7445 0.2421 -0.6222
vn -0.6031 0.4839 0.6341
vn 0.6020 0.4398 0.6665
vn -0.7547 0.2616 0.6017
vn 0.9775 0.0152 -0.2106
vn 0.9782 0.0124 -0.2072
vn 0.9921 -0.0222 -0.1238
vn 0.9204 0.0136 -0.3907
vn 0.9658 0.0237 -0.2583
vn 0.9638 -0.0097 -0.2666
vn -0.0254 0.2194 -0.9753
vn 0.0292 -0.3287 -0.9440
vn 0.0247 0.6471 -0.7620
vn 0.5901 0.3744 -0.7152
vn 0.7502 0.1623 -0.6409
vn 0.2614 -0.5880 -0.7654
vn 0.5775 -0.0630 -0.8140
vn 0.6370 0.2404 -0.7324
vn 0.5638 -0.4078 -0.7182
vn 0.5151 -0.3933 -0.7616
vn 0.5554 -0.4734 -0.6837
vn 0.5370 -0.4912 -0.6858
vn 0.7861 -0.3037 -0.5383
vn 0.7656 -0.3920 -0.5101
vn 0.7860 -0.3868 -0.4822
vn 0.7589 -0.2805 -0.5876
vn 0.8165 -0.0532 -0.5749
vn 0.8158 -0.1071 -0.5684
vn 0.5088 0.7523 0.4184
vn 0.4470 0.8697 0.2096
vn 0.3995 0.8995 -0.1769
vn 0.3166 0.8788 -0.3571
vn 0.3090 0.8782 -0.3651
vn 0.3613 0.3175 0.8767
vn 0.3205 -0.2688 0.9083
vn 0.0004 0.2725 0.9622
vn -0.0002 0.2306 0.9730
vn 0.0024 0.2295 0.9733
vn 0.0020 0.1901 0.9818
vn 0.0457 0.2638 0.9635
vn 0.0426 0.2028 0.9783
vn -0.2964 0.1712 0.9396
vn 0.5310 0.0359 0.8466
vn -0.6836 -0.0421 0.7287
vn 0.3395 -0.1102 0.9341
vn 0.3095 0.6183 0.7224
vn 0.9950 0.0907 -0.0423
vn 0.9806 0.1951 0.0201
vn 0.9994 0.0330 0.0144
vn 0.3544 0.5768 0.7360
vn 0.3172 0.6236 0.7145
vn 0.3006 0.7609 0.5751
vn 0.2629 0.5857 0.7667
vn 0.2841 0.5958 0.7512
vn 0.2848 0.5953 0.7513
vn 0.2854 0.6071 0.7416
vn 0.3032 0.6189 0.7246
vn 0.3232 0.6113 0.7224
vn 0.7626 -0.3451 -0.5471
vn 0.3565 -0.4376 -0.8255
vn 0.3651 -0.7347 0.5717
vn 0.3109 -0.9497 0.0371
vn 0.0009 -0.8306 0.5569
vn 0.0006 -0.8555 0.5178
vn 0.0011 -0.8554 0.5180
vn 0.0026 -0.8720 0.4895
vn 0.0456 -0.8312 0.5541
vn 0.0422 -0.8681 0.4947
vn -0.2952 -0.8413 0.4529
vn 0.5303 -0.7945 0.2959
vn -0.6837 -0.7059 0.1852
vn 0.3408 -0.9220 0.1836
vn -0.0177 -0.9998 0.0086
vn -0.6318 -0.7749 -0.0169
vn 0.6024 -0.7888 -0.1223
vn 0.7447 0.6663 0.0381
vn 0.8211 0.3856 0.4208
vn 0.6330 0.5090 0.5833
vn 0.6166 0.5096 0.6001
vn 0.6314 0.5126 0.5819
vn 0.6769 0.4345 0.5941
vn 0.9162 0.2117 0.3402
vn 1.0000 -0.0053 -0.0025
vn 0.7141 0.3560 0.6028
vn 0.9998 -0.0003 0.0180
vn 0.9944 -0.0671 -0.0822
vn 0.9998 -0.0204 0.0090
vn 0.7064 0.7070 0.0345
vn 0.9716 0.2002 -0.1259
vn 0.9711 0.2013 -0.1278
vn 0.5755 0.8124 0.0937
vn 0.5650 0.8202 0.0899
vn 0.5489 0.4970 -0.6721
vn 0.9656 0.2398 -0.1007
vn 0.9658 0.2327 -0.1144
vn 0.9701 0.2429 -0.0015
vn 0.1576 -0.7305 -0.6645
vn 0.9945 0.0642 -0.0834
vn 0.9798 0.1341 -0.1486
vn 0.9719 0.2307 -0.0467
vn 0.9710 0.2288 -0.0689
vn -0.0344 -0.2576 0.9657
vn -0.7563 -0.4899 0.4336
vn 0.6027 -0.4977 0.6237
vn -0.6033 -0.4534 0.6561
vn 0.8499 0.5150 -0.1112
vn 0.8192 0.5709 -0.0539
vn 0.8538 0.5204 -0.0168
vn 0.6135 0.7785 0.1322
vn 0.7303 0.6746 0.1076
vn 0.7879 0.6021 0.1292
vn 0.5650 0.8152 0.1270
vn 0.7995 0.5989 0.0468
vn 0.7144 0.6935 -0.0933
vn 0.4810 0.8765 -0.0195
vn 0.9810 0.1529 -0.1196
vn 0.9791 0.1998 -0.0371
vn 0.9781 0.1881 -0.0887
vn 0.9783 0.2047 -0.0320
vn 0.5089 -0.1660 0.8447
vn 0.4467 0.0694 0.8920
vn 0.3980 0.4503 0.7993
vn 0.5371 0.5001 -0.6792
vn 0.5559 0.5037 -0.6612
vn 0.5152 0.6029 -0.6092
vn 0.7862 0.3389 -0.5168
vn 0.7655 0.3641 -0.5305
vn 0.5645 0.5568 -0.6094
vn 0.7864 0.4178 -0.4550
vn 0.7590 0.4723 -0.4481
vn 0.5772 0.7552 -0.3105
vn 0.6366 0.7711 0.0073
vn 0.8150 0.5031 -0.2874
vn 0.8163 0.5301 -0.2297
vn 0.9662 0.2475 -0.0719
vn 0.0127 0.8516 0.5240
vn -0.0453 0.9356 0.3501
vn 0.0364 0.9967 -0.0727
vn -0.0218 0.8654 -0.5006
vn 0.9934 0.0903 -0.0711
vn 0.0030 0.8078 -0.5895
vn 0.2595 0.5472 -0.7958
vn 0.3170 0.6110 0.7254
vn 0.6446 0.1959 -0.7390
vn 0.9925 0.1005 0.0700
vn 0.9651 0.1559 0.2104
vn -0.0430 0.4222 0.9055
vn 0.0235 0.6230 0.7819
vn 0.0257 0.0433 0.9987
vn -0.0170 -0.2672 0.9635
vn 0.9639 0.2441 0.1064
vn -0.8911 -0.4516 -0.0445
vn 0.9725 0.1389 0.1870
vn -0.0361 -0.7741 0.6320
vn -0.0250 -0.9967 0.0766
vn 0.0260 -0.9065 0.4213
vn 0.9708 0.2033 0.1272
vn 0.9621 0.1827 0.2025
vn 0.9689 0.1116 0.2208
vn 0.9621 0.1825 0.2027
vn 0.4610 0.1571 0.8734
vn 0.5267 0.1199 0.8416
vn 0.5059 0.1471 0.8499
vn 0.6514 0.7143 0.2558
vn 0.6913 0.7032 0.1659
vn 0.9721 0.0520 0.2287
vn -0.0340 0.0332 -0.9989
vn -0.0554 0.0853 -0.9948
vn 0.0227 0.4416 -0.8969
vn -0.0208 0.8509 -0.5248
vn -0.0013 0.1964 0.9805
vn 0.0176 0.2576 0.9661
vn 0.0307 0.9988 -0.0377
vn -0.0342 0.8514 0.5235
vn -0.0217 0.8652 0.5009
vn -0.0411 0.8756 -0.4812
vn 0.9746 0.0110 0.2237
vn 0.9856 0.0237 0.1671
vn 0.9796 0.1486 0.1355
vn 0.9930 0.0468 0.1087
vn 0.9682 0.2022 0.1476
vn 0.9864 0.1580 0.0446
vn 0.9781 0.1273 0.1646
vn 0.5648 0.6777 -0.4709
vn 0.9267 0.3377 -0.1647
vn 0.7304 0.5629 -0.3868
vn 0.6908 0.5603 -0.4570
vn 0.8770 0.3257 -0.3532
vn 0.5893 0.5954 -0.5461
vn 0.9812 0.1609 0.1068
vn 0.9811 0.1619 0.1063
vn 0.2034 0.9460 -0.2523
vn 0.2046 0.9457 -0.2526
vn 0.2094 0.9446 -0.2529
vn 0.1867 0.9518 -0.2433
vn 0.3484 0.8209 -0.4525
vn 0.1566 0.9828 -0.0978
vn 0.2133 0.9770 0.0024
vn 0.1673 0.9732 0.1575
vn 0.1461 0.9743 0.1717
vn 0.1327 0.9752 0.1773
vn 0.1297 0.9758 0.1763
vn 0.9819 0.1641 0.0941
vn 0.9885 0.1146 0.0985
vn 0.9895 0.1129 0.0905
vn 0.9893 0.1228 0.0787
vn 0.9950 0.0961 0.0287
vn 0.9949 0.0972 0.0272
vn 0.9393 0.3419 0.0271
vn 0.9397 0.3411 0.0262
vn 0.9183 0.3934 -0.0443
vn 0.5087 0.8212 0.2584
vn 0.4702 0.5748 0.6697
vn 0.6789 -0.3617 0.6390
vn 0.7258 -0.3155 0.6113
vn 0.9950 0.0683 0.0731
vn 0.9806 0.0412 0.1918
vn 0.9993 -0.0033 0.0360
vn 1.0000 0.0010 -0.0064
vn 0.9997 -0.0151 -0.0176
vn 0.7060 0.1858 0.6834
vn 0.7512 0.4238 -0.5060
vn 0.3475 0.6469 -0.6788
vn 0.9978 0.0365 -0.0551
vn 0.9982 0.0310 -0.0507
vn 0.7532 -0.4359 0.4926
vn 0.6887 -0.4820 0.5417
vn 0.7833 -0.4082 0.4689
vn 0.8438 -0.3238 0.4279
vn 0.7460 -0.3838 0.5442
vn 0.7014 -0.4134 0.5806
vn 0.7448 0.1696 0.6454
vn 0.2795 -0.6834 -0.6745
vn -0.0560 -0.7222 -0.6894
vn 0.0051 -0.5487 -0.8360
vn -0.3158 -0.5128 -0.7983
vn 0.2743 -0.3162 -0.9081
vn -0.6361 -0.2227 -0.7388
vn 0.6034 -0.1278 -0.7871
vn 0.5926 -0.6487 -0.4776
vn -0.0017 -0.7580 -0.6523
vn 0.0014 -0.7570 -0.6534
vn 0.0508 -0.5453 -0.8367
vn 0.9502 -0.2075 -0.2326
vn -0.0019 -0.7847 -0.6199
vn -0.0561 -0.7247 -0.6867
vn -0.6027 -0.7645 -0.2288
vn 0.4125 -0.8571 -0.3085
vn -0.6156 -0.6637 -0.4249
vn 0.1099 -0.8564 -0.5045
vn 0.3161 -0.5005 0.8059
vn 0.9781 0.1598 0.1333
vn 0.9785 0.1079 0.1759
vn 0.9777 0.1064 0.1808
vn 0.5088 -0.8546 0.1040
vn 0.4468 -0.8269 0.3414
vn 0.3990 -0.6233 0.6725
vn 0.4818 -0.1792 -0.8577
vn 0.4924 -0.2037 -0.8462
vn 0.5081 -0.0659 -0.8588
vn 0.4440 0.3898 -0.8068
vn 0.6743 0.5469 0.4961
vn 0.8108 0.0871 0.5788
vn 0.7510 0.1540 0.6421
vn 0.6047 0.2207 0.7653
vn 0.7524 0.2117 0.6237
vn 0.8903 0.2863 0.3540
vn 0.8205 0.2487 0.5147
vn 0.7415 0.2749 0.6121
vn 0.8578 0.2585 0.4442
vn 0.6139 0.1150 0.7810
vn 0.7084 0.6159 0.3447
vn 0.7770 0.5987 0.1943
vn 0.8489 0.3522 0.3940
vn 0.2596 0.9259 0.2743
vn 0.5777 0.5291 0.6215
vn 0.6373 0.2381 0.7329
vn 0.8164 0.3819 0.4331
vn 0.8160 0.4177 0.3997
vn 0.7497 0.5923 0.2952
vn 0.7786 0.5708 0.2609
vn 0.8118 0.5601 0.1649
vn 0.5637 0.7521 0.3415
vn 0.5155 0.7657 0.3846
vn 0.5558 0.7846 0.2748
vn 0.4926 0.8352 0.2445
vn 0.3092 -0.4959 0.8115
vn 0.3553 -0.5213 0.7759
vn 0.2635 -0.5476 0.7941
vn 0.3017 -0.3113 0.9011
vn 0.3180 -0.4859 0.8141
vn 0.2847 -0.5310 0.7981
vn 0.2837 -0.5306 0.7987
vn 0.2852 -0.5181 0.8063
vn 0.3036 -0.4977 0.8125
vn 0.3229 -0.4980 0.8048
vn 0.6534 -0.7384 -0.1667
vn 0.6786 -0.7199 -0.1454
vn 0.6050 -0.7890 -0.1074
vn 0.5739 -0.6929 0.4366
vn 0.6010 -0.6842 0.4131
vn 0.5320 -0.0020 0.8467
vn 0.9514 -0.1266 0.2808
vn 0.9581 -0.1554 0.2405
vn 0.9677 -0.0635 0.2441
vn 0.9614 -0.1480 0.2321
vn 0.9794 -0.1497 0.1353
vn 0.0306 0.9885 0.1479
vn -0.0265 0.9865 -0.1617
vn 0.0023 0.9616 -0.2743
vn 0.9721 -0.1118 0.2062
vn 0.9773 -0.1374 0.1613
vn 0.5570 0.6618 0.5017
vn 0.6833 0.5706 0.4556
vn 0.8019 0.4750 0.3625
vn 0.6690 0.6020 0.4359
vn 0.7888 0.5064 0.3484
vn 0.7789 0.5170 0.3550
vn 0.7796 0.5450 0.3085
vn 0.7288 0.6153 0.3004
vn 0.6700 0.6536 0.3520
vn 0.6785 0.2854 0.6769
vn 0.7618 0.2210 0.6090
vn 0.6763 0.2855 0.6791
vn 0.7530 0.3542 0.5546
vn 0.7633 0.4686 0.4448
vn 0.7740 -0.0010 0.6331
vn 0.8367 -0.2758 0.4731
vn 0.9913 -0.0052 0.1317
vn 0.9726 -0.0863 0.2160
vn -0.9979 -0.0524 0.0393
vn 0.9920 -0.1178 0.0458
vn 0.9908 -0.1269 0.0468
vn 0.9928 -0.0733 0.0948
vn 0.9804 -0.0743 0.1825
vn -0.0043 0.3536 0.9354
vn -0.0042 -0.2082 0.9781
vn -0.0091 -0.2234 0.9747
vn 0.0128 -0.7288 0.6846
vn 0.0025 -0.9689 0.2475
vn -0.0047 -0.9740 0.2266
vn 0.0041 0.3200 0.9474
vn 0.0044 0.7535 0.6574
vn -0.0199 0.8050 0.5930
vn 0.0046 -0.7063 0.7079
vn -0.7561 0.1417 -0.6390
vn 0.6030 0.0358 -0.7969
vn -0.6019 -0.0188 -0.7983
vn 0.7187 0.6104 -0.3330
vn -0.7945 0.4988 -0.3463
vn 0.7057 0.5194 -0.4818
vn -0.6818 0.4632 -0.5661
vn 0.0468 0.5995 -0.7990
vn 0.9995 0.0195 -0.0260
vn 0.9996 0.0126 -0.0234
vn 0.2703 0.4446 -0.8540
vn -0.2246 0.4221 -0.8783
vn 0.0369 0.3890 -0.9205
vn 0.0401 0.3534 -0.9346
vn -0.0017 0.4191 -0.9079
vn 0.7145 -0.6418 -0.2786
vn -0.0010 0.3886 -0.9214
vn 0.0001 0.3890 -0.9212
vn 0.0009 0.3436 -0.9391
vn 0.3092 0.7447 -0.5914
vn 0.3659 0.2583 -0.8941
vn 0.7630 0.6003 0.2396
vn 0.3560 0.8393 0.4109
vn 0.9995 -0.0090 -0.0291
vn 0.9983 0.0569 0.0139
vn 0.7055 -0.5930 0.3882
vn 0.9997 0.0118 -0.0196
vn 1.0000 0.0059 -0.0009
vn 0.9994 -0.0347 0.0078
vn 0.9950 -0.0478 0.0875
vn 0.9806 -0.1696 0.0984
vn 0.9122 -0.3796 -0.1544
vn 0.7036 -0.6781 -0.2125
vn 0.8077 -0.5742 -0.1339
vn 0.3159 -0.9212 -0.2270
vn 0.7444 -0.5618 0.3610
vn 0.3538 -0.8993 -0.2570
vn 0.3177 -0.9244 -0.2111
vn 0.3046 -0.9523 -0.0178
vn 0.2620 -0.9247 -0.2761
vn 0.2839 -0.9237 -0.2574
vn 0.2847 -0.9233 -0.2578
vn 0.2852 -0.9270 -0.2437
vn 0.3035 -0.9265 -0.2225
vn 0.3227 -0.9194 -0.2251
vn 0.3092 -0.9249 -0.2211
vn 0.9782 -0.1321 0.1603
vn 0.9775 -0.1361 0.1613
vn 0.3990 -0.8315 -0.3866
vn 0.4454 -0.5850 -0.6778
vn 0.5089 -0.3625 -0.7808
vn 0.9934 -0.0319 0.1101
vn 0.9927 -0.0490 0.1098
vn 0.8851 -0.2962 0.3589
vn 0.9647 -0.1032 0.2422
vn 0.9699 -0.1588 0.1845
vn -0.0033 -0.9976 0.0686
vn -0.0093 -0.9987 0.0496
vn -0.0046 -0.7511 0.6602
vn 0.0031 -0.3130 0.9498
vn 0.0048 -0.3060 0.9520
vn 0.0073 -0.7760 0.6306
vn 0.9007 0.2001 0.3856
vn 0.9345 0.0828 0.3462
vn 0.4600 -0.0948 0.8828
vn 0.9342 0.0823 0.3471
vn 0.9911 0.0086 0.1326
vn 0.4663 -0.4478 0.7629
vn 0.1317 0.1341 0.9822
vn 0.1476 0.1278 0.9808
vn 0.1679 0.1373 0.9762
vn 0.1825 0.1500 0.9717
vn 0.1674 0.2757 0.9466
vn 0.1949 0.3025 0.9330
vn 0.1881 0.5362 0.8229
vn 0.1970 0.5286 0.8257
vn 0.9913 0.0136 0.1309
vn 0.9920 0.0079 0.1261
vn 0.9910 -0.0576 0.1211
vn 0.9892 -0.0639 0.1316
vn 0.9820 -0.0403 0.1845
vn 0.9812 -0.0483 0.1868
vn 0.9814 -0.0507 0.1849
vn 0.2092 0.5303 0.8216
vn 0.1926 0.5227 0.8305
vn 0.4069 0.7671 0.4959
vn 0.3102 0.7179 0.6232
vn 0.9855 -0.0608 0.1584
vn 0.4985 0.8014 -0.3307
vn 0.4923 0.7421 -0.4549
vn 0.4714 0.7775 -0.4161
vn 0.8291 -0.4429 0.3412
vn 0.7501 -0.5084 0.4231
vn 0.5898 -0.7236 0.3585
vn 0.7981 -0.5429 0.2612
vn 0.7658 -0.5483 0.3360
vn 0.6871 -0.6055 0.4016
vn 0.7537 -0.4551 0.4742
vn 0.8474 -0.3980 0.3516
vn 0.8108 -0.3904 0.4361
vn 0.2614 0.0259 0.9649
vn 0.4929 0.0255 0.8697
vn 0.5558 -0.0188 0.8311
vn 0.5153 -0.1292 0.8472
vn 0.5639 -0.0922 0.8207
vn 0.5778 -0.4292 0.6942
vn 0.6371 -0.6253 0.4506
vn 0.8147 -0.2337 0.5307
vn 0.7452 -0.0884 0.6610
vn 0.7608 -0.0739 0.6448
vn 0.7963 0.0503 0.6028
vn 0.7856 0.0149 0.6186
vn 0.7887 0.0172 0.6145
vn 0.8162 -0.2944 0.4971
vn 0.9869 -0.0739 0.1432
vn 0.9728 -0.1345 -0.1885
vn -0.0339 -0.6594 -0.7510
vn -0.0204 -0.7455 -0.6662
vn -0.0095 -0.7615 -0.6481
vn -0.0005 -0.2149 -0.9766
vn 0.0075 -0.2401 -0.9707
vn 0.0013 0.2804 -0.9599
vn -0.0020 0.2928 -0.9562
vn 0.0021 0.7303 -0.6832
vn 0.0224 0.9820 -0.1874
vn -0.0380 0.9842 0.1731
vn 0.0087 0.9434 0.3316
vn 0.0475 -0.4586 -0.8874
vn -0.0370 -0.7912 -0.6104
vn 0.0083 -0.8772 -0.4800
vn -0.0197 0.7855 -0.6186
vn -0.0137 0.1853 -0.9826
vn 0.0329 -0.6654 0.7458
vn 0.0520 -0.9961 0.0718
vn 0.0130 0.3662 -0.9305
vn -0.0013 0.4103 -0.9119
vn 0.0031 -0.1410 0.9900
vn -0.0023 0.4301 0.9028
vn -0.0035 0.4270 0.9042
vn 0.0206 -0.4856 0.8739
vn 0.1677 0.9604 -0.2227
vn 0.6898 0.2923 -0.6624
vn 0.7540 0.2595 -0.6035
vn 0.4134 -0.4439 -0.7950
vn 0.7588 -0.6508 -0.0246
vn 0.6498 -0.2687 0.7110
vn 0.7734 -0.2183 0.5951
vn 0.7927 -0.6080 -0.0437
vn 0.9802 0.1135 0.1622
vn 0.9981 -0.0420 0.0447
vn 0.9910 -0.0095 0.1335
vn 0.7605 0.2246 0.6093
vn 0.6660 0.3178 0.6749
vn 0.7243 0.6866 0.0630
vn 0.7144 0.6967 0.0649
vn 0.5083 0.4996 -0.7014
vn 0.7924 -0.1464 -0.5922
vn 0.7586 -0.1777 -0.6269
vn 0.7707 -0.6367 -0.0231
vn 0.6385 -0.7688 -0.0360
vn 0.6702 -0.5408 0.5083
vn 0.7603 -0.5101 0.4022
vn 0.4404 0.2257 0.8690
vn 0.5076 0.8219 0.2587
vn 0.7150 0.1535 0.6821
vn 0.7244 0.1522 0.6723
vn 0.7583 0.5415 -0.3631
vn 0.7916 0.5185 -0.3233
vn 0.6502 -0.2003 -0.7328
vn 0.7739 -0.1731 -0.6092
vn 0.6630 -0.6568 -0.3592
vn 0.7616 -0.5382 -0.3611
vn 0.4406 -0.7565 0.4833
vn 0.8555 0.0769 -0.5121
vn 0.8693 0.4108 -0.2749
vn 0.2968 0.4883 -0.8207
vn 0.7558 -0.0964 -0.6476
vn 0.5686 -0.6346 -0.5234
vn 0.8087 -0.5043 0.3028
vn 0.6946 -0.6230 0.3598
vn 0.6418 0.0394 0.7658
vn 0.6823 0.5367 0.4965
vn 0.6532 0.5455 0.5251
vn 0.6706 0.7384 0.0704
vn 0.6465 0.7624 0.0280
vn 0.7733 0.5315 -0.3457
vn 0.9634 -0.2100 -0.1666
vn 0.7923 0.6077 -0.0538
vn 0.7923 -0.2295 0.5653
vn 0.6473 -0.5725 -0.5033
vn 0.7156 -0.5281 -0.4571
vn 0.5093 -0.8158 0.2740
vn 0.7581 -0.2246 0.6123
vn 0.7746 0.4950 0.3936
vn 0.7446 0.5212 0.4171
vn 0.6398 0.7670 0.0482
vn 0.6302 0.2845 -0.7224
vn 0.6655 0.2369 -0.7078
vn -0.9953 -0.0972 0.0006
vn -0.4115 0.9114 -0.0032
vn 0.3022 0.9357 -0.1820
vn 0.2184 0.9589 -0.1814
vn -0.9971 -0.0745 0.0122
vn -0.9965 -0.0818 0.0157
vn -0.1871 0.8959 -0.4029
vn -0.0000 0.9064 -0.4225
vn -0.9970 -0.0700 0.0317
vn -0.9965 -0.0755 0.0357
vn -0.4222 -0.8197 0.3871
vn -0.8071 -0.5556 0.1999
vn -0.8386 -0.4477 0.3102
vn -0.0000 0.8190 -0.5739
vn -0.9956 -0.0771 0.0537
vn 0.1873 0.7967 -0.5745
vn -0.9976 -0.0524 0.0460
vn -0.4213 -0.6816 0.5983
vn -0.9947 -0.0671 0.0780
vn -0.2181 0.6365 -0.7398
vn 0.2186 0.6180 -0.7552
vn -0.8033 -0.3907 0.4495
vn -0.9976 -0.0377 0.0587
vn -0.9947 -0.0429 0.0934
vn -0.2184 0.4076 -0.8866
vn -0.5536 -0.4500 0.7007
vn 0.2183 0.3857 -0.8964
vn -0.7559 -0.3295 0.5657
vn -0.9920 -0.0586 0.1115
vn -0.2182 0.1476 -0.9647
vn 0.2185 0.1238 -0.9680
vn -0.6296 -0.2186 0.7455
vn -0.9791 -0.0092 0.2032
vn -0.9965 -0.0126 0.0826
vn -0.9965 0.0106 0.0828
vn -0.2182 -0.1240 -0.9680
vn -0.9965 0.0106 0.0829
vn 0.2184 -0.1478 -0.9646
vn -0.1870 -0.3713 -0.9095
vn -0.0000 -0.3905 -0.9206
vn -0.7690 -0.0935 0.6324
vn -0.6338 0.0981 0.7672
vn -0.9970 0.0292 0.0710
vn -0.9965 0.0330 0.0767
vn -0.0000 -0.5448 -0.8386
vn 0.1876 -0.5462 -0.8164
vn -0.5981 0.0976 0.7954
vn -0.9956 0.0510 0.0789
vn -0.9976 0.0442 0.0540
vn -0.2182 -0.7172 -0.6619
vn -0.9947 0.0755 0.0697
vn 0.2184 -0.7332 -0.6440
vn -0.4215 0.3585 0.8330
vn -0.8072 0.1803 0.5621
vn -0.9976 0.0573 0.0397
vn -0.8387 0.2943 0.4582
vn -0.1870 -0.8690 -0.4581
vn -0.9953 0.0861 0.0451
vn -0.0000 -0.8909 -0.4542
vn -0.6190 0.7489 0.2364
vn -0.6509 0.7248 0.2257
vn -0.9973 0.0701 0.0222
vn -0.0000 -0.9564 -0.2921
vn -0.9971 0.0727 0.0225
vn 0.1874 -0.9433 -0.2741
vn -0.2181 -0.9748 -0.0460
vn 0.2185 -0.9756 -0.0220
vn -0.9943 0.1064 0.0050
vn -0.9981 0.0619 -0.0054
vn -0.1872 -0.9601 0.2078
vn -0.0000 -0.9744 0.2249
vn -0.1103 0.9771 0.1818
vn -0.0936 0.9506 0.2960
vn -0.8321 0.5545 0.0124
vn 0.0039 0.9962 -0.0870
vn -0.8674 0.4813 -0.1263
vn -0.9950 0.0975 -0.0213
vn -0.0000 -0.9204 0.3910
vn 0.1874 -0.8988 0.3963
vn -0.9957 0.0856 -0.0361
vn -0.9978 0.0584 -0.0309
vn -0.3988 0.8113 -0.4274
vn -0.7620 0.5568 -0.3307
vn -0.2181 -0.7763 0.5914
vn 0.2187 -0.7615 0.6102
vn -0.9947 0.0818 -0.0623
vn -0.9978 0.0461 -0.0484
vn -0.6194 0.5405 -0.5695
vn -0.2950 0.6758 -0.6755
vn -0.8538 0.2928 -0.4305
vn -0.2185 -0.5830 0.7825
vn -0.9941 0.0649 -0.0871
vn 0.2182 -0.5636 0.7967
vn -0.9973 0.0277 -0.0680
vn -0.3998 0.3467 -0.8485
vn -0.7625 0.2137 -0.6107
vn -0.1870 -0.3646 0.9122
vn -0.9970 0.0283 -0.0714
vn -0.0000 -0.3585 0.9335
vn -0.0000 -0.1906 0.9817
vn -0.9956 0.0182 -0.0922
vn 0.1874 -0.1742 0.9667
vn -0.9976 0.0057 -0.0695
vn -0.2183 0.0562 0.9743
vn -0.9947 -0.0059 -0.1026
vn 0.2186 0.0801 0.9725
vn -0.9978 -0.0143 -0.0653
vn -0.2183 0.3227 0.9210
vn 0.2183 0.3452 0.9128
vn -0.9941 -0.0359 -0.1024
vn -0.1869 0.5522 0.8125
vn -0.0000 0.5733 0.8193
vn -0.0000 0.7074 0.7068
vn 0.1874 0.7042 0.6848
vn -0.2181 0.8392 0.4982
vn -0.3049 0.8163 0.4906
vn 0.4135 0.8545 0.3145
vn -0.5591 0.8020 0.2105
vn -0.9947 -0.0884 -0.0525
vn -0.9976 -0.0643 -0.0269
vn -0.9976 -0.0544 -0.0436
vn -0.9956 -0.0663 -0.0666
vn -0.9970 -0.0433 -0.0634
vn -0.9973 -0.0409 -0.0610
vn -0.9947 -0.0994 -0.0261
vn -0.9976 -0.0692 -0.0082
vn 0.5592 0.8255 0.0763
vn -0.8033 -0.5753 -0.1541
vn -0.5537 -0.8270 -0.0974
vn -0.7560 -0.6528 -0.0482
vn -0.0964 -0.9927 -0.0731
vn -0.1044 -0.9881 -0.1131
vn -0.1022 -0.9608 -0.2577
vn -0.4219 -0.8363 -0.3501
vn -0.8388 -0.4749 -0.2663
vn -0.4217 -0.7075 -0.5671
vn -0.0998 -0.9632 -0.2496
vn -0.8389 -0.3830 -0.3868
vn -0.2783 -0.5340 -0.7984
vn -0.8323 -0.2663 -0.4862
vn -0.1103 -0.9180 -0.3809
vn -0.0936 -0.8684 -0.4870
vn -0.0998 -0.8571 -0.5054
vn -0.1103 -0.7774 -0.6192
vn -0.0935 -0.7005 -0.7075
vn -0.0998 -0.6845 -0.7221
vn -0.1103 -0.5767 -0.8095
vn -0.0935 -0.4783 -0.8732
vn -0.0998 -0.4590 -0.8828
vn -0.1103 -0.3312 -0.9371
vn -0.0297 -0.9931 -0.1136
vn -0.0201 -0.9944 -0.1039
vn -0.0297 -0.9676 -0.2508
vn -0.0200 -0.9703 -0.2412
vn -0.0296 -0.9232 -0.3832
vn -0.0200 -0.9271 -0.3742
vn -0.0296 -0.8611 -0.5076
vn -0.0200 -0.8662 -0.4993
vn -0.0295 -0.7819 -0.6227
vn -0.0296 -0.6877 -0.7254
vn -0.0200 -0.7881 -0.6152
vn -0.0296 -0.5800 -0.8141
vn -0.0200 -0.6949 -0.7188
vn -0.0295 -0.4611 -0.8868
vn -0.0202 -0.4697 -0.8826
vn -0.0200 -0.5881 -0.8085
vn 0.5125 -0.6769 -0.5283
vn 0.5122 -0.6769 -0.5287
vn 0.5120 -0.7439 -0.4295
vn 0.5127 -0.7438 -0.4288
vn 0.5122 -0.7963 -0.3217
vn 0.5127 -0.7962 -0.3212
vn 0.5122 -0.8334 -0.2078
vn 0.5128 -0.8331 -0.2072
vn 0.5123 -0.8541 -0.0898
vn 0.5126 -0.8540 -0.0895
vn 0.5128 -0.5967 -0.6173
vn 0.5123 -0.5966 -0.6178
vn 0.5128 -0.5050 -0.6942
vn 0.5121 -0.5048 -0.6950
vn 0.5126 -0.4035 -0.7579
vn 0.5121 -0.4033 -0.7583
vn 0.5126 -0.2941 -0.8067
vn 0.5120 -0.2937 -0.8072
vn -0.0201 -0.3424 -0.9393
vn -0.0297 -0.3331 -0.9424
vn -0.0298 -0.1987 -0.9796
vn -0.0200 -0.2086 -0.9778
vn -0.0296 -0.0604 -0.9977
vn 0.5125 -0.1789 -0.8398
vn 0.5120 -0.1786 -0.8402
vn 0.5126 -0.0605 -0.8565
vn 0.5118 -0.0599 -0.8570
vn -0.0201 -0.0702 -0.9973
vn 0.5124 0.0596 -0.8567
vn 0.5121 0.0599 -0.8569
vn -0.0296 0.0789 -0.9964
vn 0.5125 0.1781 -0.8400
vn 0.5120 0.1786 -0.8402
vn -0.0200 0.0691 -0.9974
vn 0.5126 0.2932 -0.8070
vn 0.5121 0.2936 -0.8071
vn -0.0295 0.2169 -0.9757
vn -0.0202 0.2076 -0.9780
vn -0.0298 0.3505 -0.9361
vn -0.0201 0.3413 -0.9397
vn -0.0297 0.4774 -0.8782
vn -0.1103 0.2157 -0.9702
vn -0.0998 0.0786 -0.9919
vn -0.0935 0.0569 -0.9940
vn -0.1103 -0.0601 -0.9921
vn -0.0998 -0.1978 -0.9751
vn -0.0935 -0.2193 -0.9712
vn -0.6519 -0.1670 -0.7397
vn -0.6175 -0.1701 -0.7680
vn -0.7633 0.0369 -0.6450
vn -0.6330 0.0636 -0.7715
vn -0.0935 0.3289 -0.9397
vn -0.0998 0.3490 -0.9318
vn -0.1103 0.4747 -0.8732
vn -0.0296 0.5950 -0.8032
vn -0.0200 0.4688 -0.8831
vn -0.0201 0.5873 -0.8092
vn -0.0296 0.7010 -0.7125
vn -0.0202 0.6943 -0.7194
vn -0.0297 0.7934 -0.6080
vn -0.0998 0.6978 -0.7093
vn -0.1022 0.7036 -0.7032
vn -0.1044 0.5920 -0.7992
vn -0.0963 0.5594 -0.8233
vn -0.1103 0.7889 -0.6046
vn -0.0936 0.8560 -0.5084
vn -0.0998 0.8663 -0.4895
vn -0.1103 0.9249 -0.3637
vn -0.0935 0.9630 -0.2527
vn -0.0997 0.9676 -0.2318
vn -0.1103 0.9894 -0.0947
vn -0.0935 0.9954 0.0223
vn -0.0998 0.9940 0.0439
vn -0.0296 0.8702 -0.4918
vn -0.0200 0.7874 -0.6161
vn -0.0297 0.9302 -0.3658
vn -0.0200 0.8656 -0.5004
vn -0.0298 0.9720 -0.2329
vn -0.0202 0.9269 -0.3749
vn -0.0202 0.9699 -0.2425
vn -0.0297 0.9950 -0.0953
vn -0.0201 0.9943 -0.1050
vn -0.0297 0.9986 0.0441
vn -0.0201 0.9992 0.0343
vn 0.5126 0.8581 0.0297
vn 0.5120 0.8584 0.0302
vn 0.5121 0.8542 -0.0898
vn 0.5128 0.8538 -0.0903
vn 0.5123 0.8333 -0.2078
vn 0.5127 0.8330 -0.2081
vn 0.5121 0.7963 -0.3219
vn 0.5125 0.7960 -0.3221
vn 0.5119 0.7440 -0.4294
vn 0.5128 0.7432 -0.4298
vn 0.5123 0.6767 -0.5288
vn 0.5128 0.6762 -0.5290
vn 0.5123 0.5966 -0.6178
vn 0.5126 0.5962 -0.6179
vn 0.5121 0.5048 -0.6950
vn 0.5124 0.5044 -0.6950
vn 0.5119 0.4035 -0.7584
vn 0.5127 0.4027 -0.7583
vn -0.1103 -0.8973 0.4274
vn -0.0963 -0.9365 0.3372
vn -0.1044 -0.9486 0.2986
vn -0.1022 -0.9826 0.1554
vn -0.0998 -0.8300 0.5488
vn -0.0935 -0.8184 0.5670
vn -0.1103 -0.7448 0.6581
vn -0.0998 -0.6466 0.7563
vn -0.1022 -0.6528 0.7506
vn -0.1044 -0.5348 0.8385
vn -0.0963 -0.5007 0.8602
vn -0.1103 -0.4126 0.9042
vn -0.0998 -0.2832 0.9539
vn -0.1114 -0.3215 0.9403
vn -0.1112 -0.1473 0.9828
vn -0.0988 -0.0906 0.9910
vn -0.1103 -0.0092 0.9939
vn -0.0998 0.1292 0.9866
vn -0.1022 0.1210 0.9874
vn -0.1044 0.2653 0.9585
vn -0.0963 0.3042 0.9477
vn -0.1103 0.3958 0.9117
vn -0.0998 0.5195 0.8486
vn -0.0936 0.5381 0.8377
vn -0.1103 0.6318 0.7673
vn -0.0297 0.5219 0.8525
vn -0.0202 0.5303 0.8476
vn -0.0297 0.3980 0.9169
vn -0.0998 0.7332 0.6727
vn -0.1022 0.7273 0.6786
vn -0.1044 0.8193 0.5638
vn -0.0295 0.6354 0.7717
vn -0.0200 0.6430 0.7656
vn -0.0296 0.7366 0.6757
vn -0.0200 0.7433 0.6686
vn -0.0963 0.8421 0.5306
vn -0.1103 0.8892 0.4440
vn -0.0998 0.9435 0.3161
vn -0.0296 0.9827 0.1828
vn -0.0297 0.9478 0.3175
vn -0.0201 0.9847 0.1733
vn -0.0201 0.9511 0.3083
vn -0.0297 0.8943 0.4466
vn 0.5125 0.8457 0.1487
vn 0.5121 0.8459 0.1492
vn -0.0200 0.8989 0.4378
vn 0.5126 0.8168 0.2647
vn 0.5120 0.8170 0.2653
vn 0.5125 0.7719 0.3762
vn 0.5122 0.7719 0.3765
vn 0.5127 0.7121 0.4796
vn 0.5121 0.7121 0.4802
vn -0.0296 0.8235 0.5666
vn -0.0200 0.8292 0.5586
vn 0.5126 0.6385 0.5741
vn 0.5120 0.6384 0.5747
vn 0.5125 0.5523 0.6575
vn 0.5119 0.5521 0.6581
vn 0.5125 0.4555 0.7280
vn 0.5120 0.4553 0.7284
vn 0.5125 0.3496 0.7843
vn 0.5120 0.3493 0.7848
vn 0.5125 0.2372 0.8253
vn 0.5119 0.2368 0.8258
vn -0.0201 0.4071 0.9132
vn -0.0297 0.2666 0.9633
vn -0.0201 0.2761 0.9609
vn 0.5124 0.1200 0.8503
vn 0.5117 0.1195 0.8508
vn -0.0296 0.1298 0.9911
vn 0.5123 0.0004 0.8588
vn 0.5118 -0.0000 0.8591
vn -0.0201 0.1395 0.9900
vn -0.0297 -0.0092 0.9995
vn 0.5123 -0.1191 0.8505
vn 0.5119 -0.1195 0.8507
vn -0.0201 0.0005 0.9998
vn -0.0201 -0.1385 0.9902
vn -0.0297 -0.1482 0.9885
vn -0.0297 -0.2845 0.9582
vn -0.0201 -0.2751 0.9612
vn -0.0297 -0.4149 0.9094
vn 0.5123 -0.2365 0.8256
vn 0.5120 -0.2368 0.8257
vn -0.0202 -0.4061 0.9136
vn -0.0297 -0.5375 0.8427
vn -0.0201 -0.5294 0.8481
vn -0.0297 -0.6495 0.7598
vn -0.0297 -0.7490 0.6619
vn -0.0201 -0.6422 0.7663
vn -0.0297 -0.8338 0.5512
vn -0.0201 -0.7426 0.6694
vn -0.0202 -0.8286 0.5595
vn 0.5126 -0.7115 0.4806
vn 0.5119 -0.7122 0.4803
vn 0.5124 -0.7717 0.3768
vn 0.5120 -0.7721 0.3766
vn 0.5125 -0.8165 0.2658
vn 0.5121 -0.8169 0.2655
vn 0.5125 -0.6379 0.5748
vn 0.5121 -0.6383 0.5747
vn 0.5120 -0.5522 0.6580
vn 0.5126 -0.5515 0.6581
vn 0.5121 -0.4551 0.7284
vn 0.5125 -0.4547 0.7284
vn 0.5120 -0.3493 0.7848
vn 0.5125 -0.3488 0.7847
vn -0.0202 -0.8984 0.4387
vn -0.0297 -0.9024 0.4298
vn -0.0297 -0.9534 0.3001
vn -0.0202 -0.9507 0.3095
vn 0.5126 -0.8455 0.1496
vn 0.5120 -0.8460 0.1492
vn -0.0201 -0.9845 0.1741
vn -0.0297 -0.9859 0.1644
vn -0.0998 -0.9815 0.1636
vn -0.0297 -0.9992 0.0255
vn -0.0201 -0.9992 0.0353
vn 0.5125 -0.8582 0.0303
vn 0.5121 -0.8584 0.0299
vn -0.1103 -0.9936 0.0254
vn -0.6343 -0.7629 0.1248
vn -0.5976 -0.7919 0.1254
vn -0.7562 0.5535 0.3489
vn -0.5537 0.6844 0.4743
vn -0.8032 0.4357 0.4062
vn -0.4215 0.5742 0.7019
vn -0.0163 0.9175 0.3975
vn -0.6392 0.6977 0.3236
vn 0.9797 -0.1610 0.1195
vn 0.0313 -0.9877 -0.1533
vn 0.6692 -0.7091 0.2221
vn 0.5707 -0.8013 0.1794
vn 0.6596 -0.7416 0.1224
vn 0.7467 -0.6650 0.0168
vn 0.7569 -0.6492 -0.0751
vn 0.7005 -0.6906 -0.1800
vn 0.5077 -0.7946 -0.3329
vn 0.3581 -0.8424 -0.4026
vn 0.5932 -0.6936 -0.4088
vn 0.7439 -0.5218 -0.4175
vn 0.7863 -0.4246 -0.4488
vn 0.7741 -0.3666 -0.5162
vn 0.6927 -0.3311 -0.6407
vn 0.4480 -0.2974 -0.8431
vn 0.5667 -0.3047 -0.7656
vn 0.7048 -0.1404 -0.6953
vn 0.7140 -0.0418 -0.6989
vn 0.6395 0.0635 -0.7662
vn 0.5875 0.0977 -0.8033
vn 0.6957 0.1567 -0.7010
vn 0.7447 0.2349 -0.6247
vn 0.7282 0.3277 -0.6019
vn 0.6287 0.4637 -0.6243
vn 0.7271 0.3639 -0.5821
vn 0.7538 0.4616 -0.4677
vn 0.7078 0.5616 -0.4285
vn 0.5542 0.7257 -0.4078
vn 0.5415 0.7353 -0.4076
vn 0.6948 0.6697 -0.2623
vn 0.7384 0.6559 -0.1566
vn 0.7120 0.6991 -0.0662
vn 0.5854 0.8099 0.0372
vn 0.6595 0.7517 0.0010
vn 0.7512 0.6489 0.1213
vn 0.7456 0.6315 0.2126
vn 0.6629 0.6693 0.3355
vn 0.4018 0.7527 0.5215
vn 0.5587 0.7051 0.4366
vn 0.7058 0.5216 0.4794
vn 0.7147 0.4439 0.5405
vn 0.6411 0.3986 0.6559
vn 0.5873 0.3926 0.7078
vn 0.6942 0.2864 0.6603
vn 0.7437 0.1780 0.6444
vn 0.7272 0.0882 0.6807
vn 0.6276 -0.0090 0.7785
vn 0.4778 -0.0824 0.8746
vn 0.6079 -0.1187 0.7851
vn 0.7457 -0.1909 0.6384
vn 0.7830 -0.2591 0.5655
vn 0.7644 -0.3477 0.5429
vn 0.6696 -0.4835 0.5637
vn 0.3794 -0.6943 0.6116
vn 0.5570 -0.5932 0.5813
vn 0.7090 -0.5883 0.3889
vn 0.7246 -0.6232 0.2942
vn 1.0000 0.0001 -0.0000
vn -1.0000 -0.0000 -0.0000
vn -1.0000 -0.0001 -0.0000
vn -1.0000 0.0001 -0.0000
vn 0.0116 -0.9824 0.1862
vn 0.0092 -0.9808 0.1950
vn 0.0116 -0.9497 0.3129
vn 0.0092 -0.9469 0.3214
vn -0.2323 -0.9540 0.1897
vn -0.1946 -0.9653 0.1744
vn -0.1949 -0.9288 0.3153
vn -0.2370 -0.9109 0.3378
vn -0.8370 -0.5383 0.0983
vn -0.8656 -0.4836 0.1295
vn -0.8320 -0.5203 0.1926
vn 0.4095 -0.8963 0.1700
vn 0.4907 -0.8276 0.2725
vn 0.8072 -0.5629 0.1777
vn 0.4712 -0.8402 0.2685
vn 0.8436 -0.5071 0.1765
vn 0.0116 -0.9972 -0.0744
vn 0.0092 -0.9978 -0.0655
vn 0.0116 -0.9983 0.0564
vn 0.0092 -0.9978 0.0653
vn -0.1947 -0.9788 -0.0642
vn -0.2370 -0.9708 -0.0365
vn -0.1470 -0.9870 0.0646
vn -0.8427 -0.5379 -0.0211
vn -0.8645 -0.5026 -0.0000
vn 0.4874 -0.8708 -0.0650
vn 0.4708 -0.8793 -0.0724
vn 0.4554 -0.8888 0.0502
vn 0.7631 -0.6441 -0.0527
vn 0.8401 -0.5416 0.0312
vn 0.7897 -0.6107 0.0587
vn 0.5101 -0.8564 0.0800
vn 0.0116 -0.9439 -0.3299
vn 0.0092 -0.9469 -0.3215
vn 0.0116 -0.9789 -0.2040
vn 0.0092 -0.9807 -0.1952
vn -0.1469 -0.9366 -0.3180
vn -0.2323 -0.9539 -0.1898
vn -0.1945 -0.9585 -0.2083
vn -0.8669 -0.4814 -0.1291
vn -0.8429 -0.5258 -0.1139
vn 0.4554 -0.8404 -0.2937
vn 0.5123 -0.8210 -0.2521
vn 0.4123 -0.8919 -0.1859
vn 0.7696 -0.6104 -0.1877
vn 0.8566 -0.5053 -0.1050
vn 0.0116 -0.1862 -0.9824
vn 0.0092 -0.1950 -0.9808
vn 0.0116 -0.3128 -0.9497
vn 0.0092 -0.3214 -0.9469
vn -0.2323 -0.1897 -0.9540
vn -0.1945 -0.1743 -0.9653
vn -0.1947 -0.3152 -0.9288
vn -0.2371 -0.3379 -0.9108
vn -0.8371 -0.0982 -0.5381
vn -0.8657 -0.1294 -0.4836
vn -0.8319 -0.1927 -0.5203
vn 0.4099 -0.1700 -0.8962
vn 0.4905 -0.2726 -0.8277
vn 0.8073 -0.1778 -0.5628
vn 0.4710 -0.2686 -0.8402
vn 0.8436 -0.1765 -0.5071
vn 0.0116 0.0744 -0.9972
vn 0.0092 0.0655 -0.9978
vn 0.0116 -0.0563 -0.9983
vn 0.0092 -0.0652 -0.9978
vn -0.1945 0.0642 -0.9788
vn -0.2372 0.0362 -0.9708
vn -0.1473 -0.0645 -0.9870
vn -0.8429 0.0210 -0.5377
vn -0.8645 -0.0000 -0.5027
vn 0.4874 0.0651 -0.8707
vn 0.4710 0.0725 -0.8791
vn 0.4556 -0.0502 -0.8888
vn 0.7632 0.0528 -0.6440
vn 0.8401 -0.0313 -0.5415
vn 0.7895 -0.0589 -0.6109
vn 0.5105 -0.0802 -0.8561
vn 0.0116 0.3299 -0.9439
vn 0.0092 0.3214 -0.9469
vn 0.0116 0.2040 -0.9789
vn 0.0092 0.1952 -0.9807
vn -0.1468 0.3179 -0.9367
vn -0.2320 0.1899 -0.9540
vn -0.1942 0.2083 -0.9586
vn -0.8670 0.1290 -0.4814
vn -0.8431 0.1139 -0.5256
vn 0.4557 0.2938 -0.8402
vn 0.5124 0.2523 -0.8209
vn 0.4122 0.1858 -0.8920
vn 0.7696 0.1878 -0.6103
vn 0.8567 0.1049 -0.5051
vn 0.0116 0.7577 -0.6524
vn 0.0092 0.7519 -0.6592
vn 0.0116 0.6660 -0.7458
vn 0.0092 0.6593 -0.7518
vn -0.1468 0.7438 -0.6521
vn -0.2323 0.6413 -0.7313
vn -0.2522 0.6312 -0.7335
vn -0.8670 0.3524 -0.3524
vn -0.8271 0.3666 -0.4260
vn 0.4873 0.6617 -0.5698
vn 0.4706 0.6730 -0.5706
vn 0.4553 0.5931 -0.6641
vn 0.8327 0.4222 -0.3584
vn 0.8241 0.4297 -0.3691
vn 0.7588 0.4146 -0.5023
vn 0.5099 0.5491 -0.6622
vn 0.0116 0.9008 -0.4342
vn 0.0092 0.8969 -0.4422
vn 0.0116 0.8364 -0.5480
vn 0.0092 0.8315 -0.5555
vn -0.1471 0.8871 -0.4374
vn -0.2327 0.8087 -0.5403
vn -0.2525 0.7995 -0.5450
vn -0.8669 0.4317 -0.2492
vn -0.8271 0.4645 -0.3166
vn 0.4556 0.8019 -0.3865
vn 0.5125 0.7587 -0.4022
vn 0.4124 0.7620 -0.4993
vn 0.7938 0.5375 -0.2846
vn 0.8138 0.5175 -0.2646
vn 0.0116 0.8264 0.5630
vn 0.0092 0.8314 0.5556
vn 0.0116 0.8928 0.4503
vn 0.0092 0.8968 0.4423
vn -0.2323 0.8087 0.5404
vn -0.2523 0.8096 0.5300
vn -0.1471 0.8871 0.4375
vn -0.8318 0.4644 0.3040
vn -0.8645 0.4353 0.2513
vn 0.4095 0.7539 0.5137
vn 0.4909 0.7778 0.3924
vn 0.8071 0.5238 0.2725
vn 0.4708 0.7841 0.4044
vn 0.8437 0.4833 0.2338
vn 0.0116 0.1864 0.9824
vn 0.0092 0.1952 0.9807
vn 0.0116 0.3127 0.9498
vn 0.0092 0.3212 0.9470
vn -0.2328 0.1899 0.9538
vn -0.2523 0.1977 0.9472
vn -0.1471 0.3177 0.9367
vn -0.8319 0.1134 0.5433
vn -0.8645 0.1300 0.4856
vn 0.4098 0.1702 0.8961
vn 0.4906 0.2725 0.8277
vn 0.8070 0.1778 0.5631
vn 0.4710 0.2684 0.8403
vn 0.8436 0.1765 0.5071
vn 0.0116 -0.5630 0.8264
vn 0.0092 -0.5556 0.8314
vn 0.0116 -0.4505 0.8927
vn 0.0092 -0.4425 0.8967
vn -0.1945 -0.5450 0.8156
vn -0.2368 -0.5170 0.8226
vn -0.1470 -0.4377 0.8870
vn -0.8428 -0.2871 0.4552
vn -0.8645 -0.2514 0.4353
vn 0.4095 -0.5137 0.7539
vn 0.4909 -0.3924 0.7779
vn 0.8071 -0.2724 0.5238
vn 0.4711 -0.4043 0.7840
vn 0.8435 -0.2339 0.4836
vn -0.9994 -0.0151 0.0296
vn -0.9994 -0.0175 0.0304
vn -0.9994 -0.0092 0.0344
vn -0.9995 -0.0051 0.0324
vn -0.9994 -0.0000 0.0359
vn -0.9995 0.0051 0.0324
vn -0.9994 0.0092 0.0344
vn -0.9994 0.0151 0.0296
vn -0.9994 0.0175 0.0304
vn -0.9994 0.0241 0.0241
vn -0.9994 0.0304 0.0175
vn -0.9994 0.0296 0.0151
vn -0.9994 0.0344 0.0092
vn -0.9995 0.0324 0.0051
vn -0.9994 0.0358 -0.0000
vn -0.9995 0.0324 -0.0051
vn -0.9994 0.0344 -0.0092
vn -0.9994 0.0296 -0.0151
vn -0.9994 0.0304 -0.0175
vn -0.9994 0.0241 -0.0241
vn -0.9994 0.0175 -0.0304
vn -0.9994 0.0151 -0.0296
vn -0.9994 0.0092 -0.0344
vn -0.9995 0.0051 -0.0324
vn -0.9994 -0.0000 -0.0359
vn -0.9995 -0.0051 -0.0324
vn -0.9994 -0.0092 -0.0344
vn -0.9994 -0.0151 -0.0296
vn -0.9994 -0.0175 -0.0304
vn -0.9994 -0.0241 -0.0241
vn -0.9994 -0.0304 -0.0175
vn -0.9994 -0.0296 -0.0151
vn -0.9994 -0.0344 -0.0092
vn -0.9995 -0.0324 -0.0051
vn -0.9994 -0.0358 -0.0000
vn -0.9995 -0.0324 0.0051
vn -0.9994 -0.0344 0.0092
vn -0.9994 -0.0296 0.0151
vn -0.9994 -0.0304 0.0175
vn -0.9994 -0.0241 0.0241
vn -0.7152 0.4942 0.4942
vn -0.7153 0.3172 0.6226
vn -0.7145 0.3175 0.6234
vn -0.7144 0.1094 0.6911
vn -0.7151 0.1093 0.6904
vn -0.7151 -0.1093 0.6904
vn -0.7144 -0.1095 0.6911
vn -0.7145 -0.3178 0.6234
vn -0.7154 -0.3173 0.6225
vn -0.7153 -0.4941 0.4941
vn -0.7148 -0.4946 0.4944
vn -0.7149 -0.6230 0.3174
vn -0.7152 -0.6228 0.3173
vn -0.7151 -0.6904 0.1093
vn -0.7151 -0.6904 -0.1094
vn -0.7152 -0.6227 -0.3173
vn -0.7152 -0.6228 -0.3174
vn -0.7152 -0.4942 -0.4942
vn -0.7148 -0.4944 -0.4945
vn -0.7147 -0.3174 -0.6232
vn -0.7151 -0.3173 -0.6229
vn -0.7151 -0.1093 -0.6904
vn -0.7151 0.1094 -0.6904
vn -0.7151 0.3174 -0.6228
vn -0.7147 0.3176 -0.6231
vn -0.7148 0.4946 -0.4945
vn -0.7147 0.4946 -0.4945
vn -0.7148 0.6231 -0.3174
vn -0.7152 0.6228 -0.3173
vn -0.7151 0.6904 -0.1093
vn -0.7150 0.6905 -0.1093
vn -0.7150 0.6905 0.1094
vn -0.7151 0.6904 0.1094
vn -0.7152 0.6228 0.3174
vn -0.7151 0.6228 0.3174
vn 0.0116 -0.7578 0.6524
vn 0.0092 -0.7519 0.6592
vn 0.0116 -0.6660 0.7458
vn 0.0092 -0.6593 0.7518
vn -0.1469 -0.7438 0.6521
vn -0.2327 -0.6412 0.7312
vn -0.1943 -0.6598 0.7259
vn -0.8670 -0.3524 0.3524
vn -0.8430 -0.3615 0.3983
vn 0.4869 -0.6619 0.5699
vn 0.4705 -0.6731 0.5706
vn 0.4552 -0.5931 0.6641
vn 0.7631 -0.4927 0.4181
vn 0.8401 -0.3608 0.4050
vn 0.7898 -0.3902 0.4732
vn 0.5099 -0.5491 0.6622
vn 0.0116 -0.9008 0.4341
vn 0.0092 -0.8969 0.4421
vn 0.0116 -0.8364 0.5480
vn 0.0092 -0.8315 0.5555
vn -0.1470 -0.8872 0.4373
vn -0.2327 -0.8087 0.5403
vn -0.2524 -0.7995 0.5450
vn -0.8669 -0.4317 0.2492
vn -0.8271 -0.4644 0.3166
vn 0.4557 -0.8018 0.3866
vn 0.5124 -0.7587 0.4022
vn 0.4122 -0.7620 0.4994
vn 0.7694 -0.5645 0.2990
vn 0.8565 -0.4315 0.2831
vn 0.0116 -0.8264 -0.5630
vn 0.0092 -0.8314 -0.5556
vn 0.0116 -0.8928 -0.4503
vn 0.0092 -0.8968 -0.4423
vn -0.2324 -0.8087 -0.5404
vn -0.1943 -0.8058 -0.5593
vn -0.1946 -0.8797 -0.4339
vn -0.2370 -0.8830 -0.4052
vn -0.8369 -0.4502 -0.3113
vn -0.8657 -0.4336 -0.2503
vn -0.8320 -0.5041 -0.2316
vn 0.4095 -0.7540 -0.5137
vn 0.4909 -0.7779 -0.3924
vn 0.8071 -0.5238 -0.2725
vn 0.4708 -0.7841 -0.4044
vn 0.8437 -0.4833 -0.2338
vn 0.0116 -0.6525 -0.7577
vn 0.0092 -0.6593 -0.7518
vn 0.0116 -0.7458 -0.6661
vn 0.0092 -0.7517 -0.6594
vn -0.1946 -0.6467 -0.7375
vn -0.2368 -0.6607 -0.7123
vn -0.1470 -0.7436 -0.6523
vn -0.8427 -0.3654 -0.3953
vn -0.8645 -0.3554 -0.3555
vn 0.4873 -0.5698 -0.6618
vn 0.4710 -0.5705 -0.6728
vn 0.4556 -0.6640 -0.5929
vn 0.7631 -0.4182 -0.4927
vn 0.8401 -0.4050 -0.3609
vn 0.7896 -0.4734 -0.3904
vn 0.5100 -0.6621 -0.5491
vn 0.0116 -0.4342 -0.9007
vn 0.0092 -0.4423 -0.8968
vn 0.0116 -0.5480 -0.8364
vn 0.0092 -0.5555 -0.8315
vn -0.1470 -0.4375 -0.8871
vn -0.2326 -0.5403 -0.8087
vn -0.1943 -0.5304 -0.8252
vn -0.8669 -0.2492 -0.4318
vn -0.8429 -0.2912 -0.4524
vn 0.4557 -0.3864 -0.8019
vn 0.5126 -0.4021 -0.7587
vn 0.4123 -0.4993 -0.7620
vn 0.7695 -0.2989 -0.5644
vn 0.8565 -0.2830 -0.4316
vn 0.0116 0.5631 -0.8263
vn 0.0092 0.5557 -0.8313
vn 0.0116 0.4503 -0.8928
vn 0.0092 0.4423 -0.8968
vn -0.1468 0.5497 -0.8223
vn -0.2325 0.4302 -0.8723
vn -0.2526 0.4197 -0.8718
vn -0.8669 0.2493 -0.4316
vn -0.8270 0.2439 -0.5065
vn 0.4914 0.3921 -0.7777
vn 0.4712 0.4042 -0.7840
vn 0.7895 0.2830 -0.5447
vn 0.4097 0.5138 -0.7538
vn 0.8408 0.3124 -0.4421
vn 0.8355 0.2283 -0.4998
vn 0.0116 0.9824 -0.1862
vn 0.0092 0.9808 -0.1950
vn 0.0116 0.9497 -0.3128
vn 0.0092 0.9469 -0.3214
vn -0.2323 0.9540 -0.1896
vn -0.1945 0.9653 -0.1744
vn -0.1948 0.9288 -0.3152
vn -0.2371 0.9109 -0.3378
vn -0.8370 0.5384 -0.0983
vn -0.8656 0.4836 -0.1296
vn -0.8320 0.5203 -0.1926
vn 0.4095 0.8963 -0.1699
vn 0.4907 0.8276 -0.2726
vn 0.7913 0.5830 -0.1843
vn 0.4710 0.8403 -0.2685
vn 0.8140 0.5505 -0.1853
vn 0.0116 0.9972 0.0744
vn 0.0092 0.9978 0.0655
vn 0.0116 0.9983 -0.0564
vn 0.0092 0.9978 -0.0653
vn -0.2323 0.9706 0.0637
vn -0.2523 0.9661 0.0542
vn -0.1470 0.9870 -0.0646
vn -0.8318 0.5541 0.0311
vn -0.8645 0.5026 -0.0000
vn 0.4874 0.8708 0.0649
vn 0.4708 0.8793 0.0724
vn 0.4554 0.8889 -0.0502
vn 0.7631 0.6441 0.0527
vn 0.8448 0.5339 -0.0371
vn 0.8106 0.5828 -0.0562
vn 0.5101 0.8564 -0.0800
vn 0.0116 0.9439 0.3299
vn 0.0092 0.9469 0.3215
vn 0.0116 0.9789 0.2040
vn 0.0092 0.9807 0.1952
vn -0.2323 0.9210 0.3127
vn -0.2524 0.9192 0.3024
vn -0.1471 0.9701 0.1931
vn -0.8318 0.5272 0.1734
vn -0.8645 0.4855 0.1302
vn 0.4554 0.8404 0.2937
vn 0.5123 0.8210 0.2521
vn 0.4123 0.8919 0.1859
vn 0.7696 0.6103 0.1877
vn 0.8566 0.5052 0.1050
vn 0.0116 0.6525 0.7577
vn 0.0092 0.6593 0.7519
vn 0.0116 0.7458 0.6661
vn 0.0092 0.7517 0.6594
vn -0.2320 0.6413 0.7314
vn -0.2524 0.6450 0.7213
vn -0.1472 0.7436 0.6523
vn -0.8318 0.3700 0.4137
vn -0.8644 0.3555 0.3556
vn 0.4872 0.5698 0.6618
vn 0.4710 0.5705 0.6728
vn 0.4556 0.6640 0.5929
vn 0.7632 0.4181 0.4926
vn 0.8401 0.4050 0.3609
vn 0.7897 0.4733 0.3904
vn 0.5100 0.6621 0.5491
vn 0.0116 0.4343 0.9007
vn 0.0092 0.4425 0.8967
vn 0.0116 0.5479 0.8364
vn 0.0092 0.5554 0.8315
vn -0.2325 0.4304 0.8722
vn -0.2522 0.4363 0.8638
vn -0.1469 0.5494 0.8226
vn -0.8318 0.2502 0.4955
vn -0.8644 0.2514 0.4354
vn 0.4557 0.3864 0.8019
vn 0.5127 0.4021 0.7586
vn 0.4123 0.4994 0.7620
vn 0.7697 0.2988 0.5642
vn 0.8567 0.2829 0.4314
vn 0.0116 -0.0744 0.9972
vn 0.0092 -0.0655 0.9978
vn 0.0116 0.0563 0.9983
vn 0.0092 0.0652 0.9978
vn -0.2324 -0.0637 0.9705
vn -0.2526 -0.0541 0.9661
vn -0.1474 0.0645 0.9870
vn -0.8318 -0.0310 0.5541
vn -0.8645 -0.0000 0.5027
vn 0.4873 -0.0652 0.8708
vn 0.4710 -0.0725 0.8792
vn 0.4556 0.0502 0.8888
vn 0.7634 -0.0528 0.6437
vn 0.8403 0.0312 0.5412
vn 0.7895 0.0588 0.6109
vn 0.5105 0.0801 0.8562
vn 0.0116 -0.3299 0.9440
vn 0.0092 -0.3214 0.9469
vn 0.0116 -0.2040 0.9789
vn 0.0092 -0.1952 0.9807
vn -0.2325 -0.3126 0.9210
vn -0.2523 -0.3024 0.9192
vn -0.1471 -0.1931 0.9701
vn -0.8318 -0.1735 0.5273
vn -0.8645 -0.1301 0.4855
vn 0.4556 -0.2936 0.8404
vn 0.5122 -0.2521 0.8210
vn 0.4123 -0.1860 0.8919
vn 0.7693 -0.1878 0.6106
vn 0.8565 -0.1050 0.5053
vn 0.9848 -0.0668 -0.1601
vn 0.9844 -0.0686 -0.1618
vn 0.8764 -0.2541 -0.4091
vn 0.8434 -0.3365 -0.4189
vn 0.9866 -0.1012 -0.1278
vn 0.9833 -0.1245 -0.1325
vn 0.9879 -0.1208 -0.0973
vn 0.9847 -0.1609 -0.0668
vn 0.9840 -0.1650 -0.0668
vn 0.8337 -0.5482 -0.0664
vn 0.9869 -0.1604 -0.0198
vn 0.9835 -0.1808 -0.0062
vn 0.8811 -0.4051 -0.2442
vn 0.8457 -0.4154 -0.3349
vn 0.8675 -0.3748 -0.3272
vn 0.8678 -0.3280 -0.3732
vn 0.8696 -0.4929 -0.0288
vn 0.8364 -0.2061 -0.5078
vn 0.8790 -0.1150 -0.4628
vn 0.8435 -0.0561 -0.5342
vn 0.9879 -0.0159 -0.1542
vn 0.8570 -0.0420 -0.5135
vn 0.8310 -0.2119 -0.5143
vn 0.9835 0.0057 -0.1810
vn 0.9863 0.0171 -0.1638
vn 0.8731 0.1111 -0.4748
vn 0.8568 0.0405 -0.5140
vn 0.8407 0.0570 -0.5386
vn 0.8296 0.2021 -0.5205
vn 0.8167 0.1997 -0.5414
vn 0.8167 0.3195 -0.4805
vn 0.8224 0.3115 -0.4761
vn 0.9884 0.0844 -0.1262
vn 0.9838 0.1305 -0.1226
vn 0.9855 0.1272 -0.1120
vn 0.9870 0.1390 -0.0811
vn 0.9834 0.1649 -0.0752
vn 0.8240 0.4242 -0.3755
vn 0.8241 0.4892 -0.2857
vn 0.8076 0.5048 -0.3048
vn 0.8537 0.4811 -0.1994
vn 0.8024 0.5753 -0.1590
vn 0.9880 0.1488 -0.0412
vn 0.8281 0.5449 -0.1318
vn 0.8277 0.5603 -0.0323
vn 0.9847 0.1738 -0.0115
vn 0.9833 0.1818 -0.0082
vn 0.8411 0.3987 -0.3656
vn 0.8693 0.3215 -0.3753
vn 0.7950 0.6044 -0.0520
vn 0.8482 0.5277 0.0460
vn 0.7729 0.6168 0.1491
vn 0.7810 0.6077 0.1438
vn 0.9889 0.1445 0.0353
vn 0.8537 0.4810 0.1994
vn 0.9805 0.1790 0.0815
vn 0.9877 0.1321 0.0837
vn 0.9841 0.1201 0.1309
vn 0.9867 0.1029 0.1261
vn 0.8017 0.3863 0.4562
vn 0.8576 0.2679 0.4390
vn 0.8076 0.5048 0.3049
vn 0.7590 0.5452 0.3560
vn 0.7975 0.3882 0.4618
vn 0.8380 0.4159 0.3531
vn 0.9844 0.0685 0.1618
vn 0.8152 0.2266 0.5331
vn 0.8158 0.1334 0.5627
vn 0.7963 0.1260 0.5916
vn 0.9883 0.0311 0.1493
vn 0.8474 0.0393 0.5295
vn 0.7853 -0.0488 0.6172
vn 0.9861 -0.0133 0.1657
vn 0.9839 -0.0081 0.1788
vn 0.7792 -0.0469 0.6250
vn 0.8484 -0.1221 0.5152
vn 0.7877 -0.2408 0.5671
vn 0.8576 -0.2680 0.4390
vn 0.8017 -0.2279 0.5525
vn 0.8095 -0.3719 0.4543
vn 0.9877 -0.0978 0.1223
vn 0.9820 -0.1473 0.1181
vn 0.9814 -0.1492 0.1212
vn 0.9886 -0.1366 0.0633
vn 0.8229 -0.5240 0.2195
vn 0.8794 -0.4638 0.1074
vn 0.8442 -0.5333 0.0529
vn 0.9857 -0.1681 0.0092
vn 0.8558 -0.4477 0.2590
vn 0.7971 -0.4682 0.3814
vn 0.8170 -0.4385 0.3745
vn 0.8198 -0.3685 0.4384
vn 0.8058 -0.5495 0.2208
vn 0.8699 -0.4925 0.0254
vn 0.9690 0.2468 -0.0135
vn 0.9837 0.1798 0.0096
vn 0.9713 0.2332 0.0474
vn 0.9858 0.1556 0.0628
vn 0.9737 0.2047 0.1001
vn 0.9689 0.1846 0.1645
vn 0.9847 0.1193 0.1273
vn 0.9713 0.1314 0.1984
vn 0.9858 0.0656 0.1544
vn 0.9737 0.0740 0.2156
vn 0.9689 0.0142 0.2470
vn 0.9847 -0.0057 0.1743
vn 0.9713 -0.0474 0.2330
vn 0.9844 0.0661 -0.1633
vn 0.9824 0.0661 -0.1746
vn 0.9858 -0.0627 0.1555
vn 0.9737 -0.1002 0.2047
vn 0.9689 -0.1645 0.1846
vn 0.9847 -0.1272 0.1192
vn 0.9713 -0.1984 0.1313
vn 0.9850 -0.1576 0.0703
vn 0.9724 -0.2208 0.0758
vn 0.9826 -0.1855 0.0097
vn 0.9835 -0.1805 0.0104
vn 0.9611 -0.2705 -0.0553
vn 0.9863 -0.1505 -0.0675
vn 0.9812 -0.1731 -0.0850
vn 0.9669 -0.1904 -0.1696
vn 0.9837 -0.1203 -0.1336
vn 0.9713 -0.1313 -0.1984
vn 0.9858 -0.0657 -0.1545
vn 0.9737 -0.0740 -0.2156
vn 0.9689 -0.0143 -0.2470
vn 0.9865 0.0087 -0.1633
vn 0.9712 0.0475 -0.2337
vn 0.9864 -0.0639 0.1514
vn 0.9830 -0.0805 0.1649
vn 0.9839 0.0762 -0.1618
vn 0.9845 0.0740 -0.1590
vn 0.9678 0.1454 -0.2054
vn 0.9816 0.1443 -0.1248
vn 0.9877 0.1229 -0.0968
vn 0.9641 0.2369 -0.1203
vn 0.9265 0.2778 0.2540
vn 0.9974 -0.0716 0.0120
vn 0.9850 -0.0968 -0.1428
vn 0.8412 -0.4983 -0.2101
vn 0.8373 -0.5046 -0.2104
vn 0.8730 -0.4740 -0.1145
vn 0.8097 0.2331 0.5386
vn 0.9826 0.0762 0.1695
s 0
f 12//1 2//1 9//1
f 9//2 2//2 1//2
f 1//3 2//3 3//3
f 1//4 3//4 4//4
f 1//5 4//5 9//5
f 4//6 5//6 9//6
f 5//7 6//7 9//7
f 7//8 8//8 10//8
f 9//9 7//9 10//9
f 6//10 7//10 9//10
f 11//11 12//11 9//11
f 10//12 11//12 9//12
f 10//13 14//13 15//13
f 13//14 10//14 15//14
f 10//15 8//15 14//15
f 13//16 15//16 16//16
f 13//17 16//17 17//17
f 10//18 13//18 18//18
f 10//19 18//19 11//19
f 13//20 17//20 18//20
f 26//21 19//21 29//21
f 19//22 20//22 29//22
f 20//23 32//23 29//23
f 25//24 24//24 26//24
f 23//25 21//25 22//25
f 27//26 24//26 23//26
f 26//27 24//27 27//27
f 27//28 23//28 22//28
f 26//29 27//29 19//29
f 29//30 28//30 26//30
f 20//31 30//31 32//31
f 19//32 31//32 20//32
f 35//33 36//33 37//33
f 126//34 42//34 43//34
f 45//35 47//35 46//35
f 48//36 45//36 46//36
f 49//37 48//37 46//37
f 50//38 48//38 49//38
f 52//39 51//39 49//39
f 53//40 51//40 54//40
f 55//41 51//41 53//41
f 56//42 51//42 55//42
f 51//43 56//43 49//43
f 49//44 56//44 50//44
f 57//45 53//45 54//45
f 57//46 54//46 58//46
f 59//47 57//47 58//47
f 59//48 58//48 60//48
f 61//49 62//49 63//49
f 62//50 64//50 63//50
f 67//51 142//51 66//51
f 68//52 67//52 66//52
f 69//53 67//53 68//53
f 70//54 69//54 68//54
f 68//55 71//55 70//55
f 72//56 70//56 71//56
f 73//57 74//57 75//57
f 76//58 73//58 75//58
f 73//59 77//59 74//59
f 77//60 78//60 74//60
f 79//61 78//61 77//61
f 80//62 78//62 79//62
f 78//63 80//63 33//63
f 33//64 82//64 81//64
f 83//65 81//65 82//65
f 81//66 83//66 84//66
f 80//67 82//67 33//67
f 85//68 83//68 34//68
f 86//69 83//69 85//69
f 84//70 83//70 86//70
f 76//71 75//71 87//71
f 88//72 76//72 87//72
f 89//73 88//73 87//73
f 36//74 88//74 89//74
f 37//75 36//75 89//75
f 91//76 92//76 90//76
f 91//77 93//77 92//77
f 93//78 94//78 92//78
f 94//79 93//79 95//79
f 93//80 96//80 95//80
f 97//81 95//81 96//81
f 98//82 97//82 96//82
f 99//83 97//83 98//83
f 97//84 99//84 38//84
f 102//85 100//85 101//85
f 100//86 102//86 103//86
f 101//87 100//87 38//87
f 99//88 101//88 38//88
f 103//89 102//89 39//89
f 104//90 91//90 90//90
f 105//91 104//91 90//91
f 106//92 104//92 105//92
f 106//93 105//93 107//93
f 108//94 106//94 107//94
f 110//95 111//95 109//95
f 111//96 112//96 109//96
f 111//97 113//97 112//97
f 111//98 114//98 113//98
f 113//99 114//99 115//99
f 114//100 116//100 115//100
f 117//101 115//101 116//101
f 118//102 117//102 116//102
f 117//103 118//103 40//103
f 121//104 119//104 120//104
f 119//105 121//105 122//105
f 120//106 119//106 40//106
f 118//107 120//107 40//107
f 121//108 41//108 123//108
f 122//109 121//109 123//109
f 124//110 110//110 109//110
f 42//111 110//111 124//111
f 124//112 43//112 42//112
f 124//113 125//113 43//113
f 47//114 45//114 44//114
f 127//115 59//115 60//115
f 64//116 127//116 60//116
f 62//117 127//117 64//117
f 129//118 128//118 65//118
f 130//119 65//119 128//119
f 130//120 128//120 132//120
f 130//121 132//121 131//121
f 133//122 131//122 132//122
f 134//123 131//123 133//123
f 136//124 135//124 133//124
f 135//125 137//125 138//125
f 139//126 135//126 138//126
f 134//127 135//127 139//127
f 135//128 134//128 133//128
f 140//129 138//129 137//129
f 140//130 137//130 141//130
f 142//131 140//131 141//131
f 142//132 141//132 66//132
f 144//133 145//133 143//133
f 145//134 146//134 143//134
f 147//135 148//135 149//135
f 149//136 150//136 147//136
f 150//137 149//137 151//137
f 152//138 150//138 151//138
f 152//64 151//64 153//64
f 152//139 153//139 154//139
f 156//140 157//140 155//140
f 157//141 158//141 155//141
f 157//142 159//142 158//142
f 159//143 160//143 158//143
f 161//144 163//144 162//144
f 163//145 164//145 162//145
f 166//146 168//146 165//146
f 168//147 167//147 165//147
f 171//148 175//148 172//148
f 83//149 171//149 34//149
f 171//150 172//150 34//150
f 173//151 174//151 171//151
f 171//152 174//152 175//152
f 173//153 176//153 174//153
f 180//154 173//154 171//154
f 519//155 180//155 171//155
f 174//156 177//156 175//156
f 174//157 178//157 177//157
f 176//158 178//158 174//158
f 181//159 179//159 180//159
f 181//160 178//160 176//160
f 179//160 181//160 176//160
f 177//160 178//160 182//160
f 183//160 177//160 182//160
f 177//161 183//161 175//161
f 183//162 182//162 184//162
f 175//163 183//163 184//163
f 175//164 184//164 185//164
f 186//165 172//165 175//165
f 186//166 175//166 185//166
f 462//167 188//167 186//167
f 188//168 187//168 186//168
f 187//169 172//169 186//169
f 172//170 187//170 34//170
f 34//171 187//171 188//171
f 85//172 34//172 188//172
f 85//173 188//173 84//173
f 188//174 189//174 84//174
f 189//175 81//175 84//175
f 189//176 191//176 81//176
f 33//177 81//177 191//177
f 192//178 33//178 191//178
f 191//179 189//179 193//179
f 189//180 190//180 193//180
f 191//181 193//181 170//181
f 192//182 191//182 194//182
f 195//183 192//183 194//183
f 194//184 72//184 195//184
f 194//185 191//185 170//185
f 170//186 169//186 194//186
f 194//187 169//187 70//187
f 72//188 194//188 70//188
f 72//189 71//189 195//189
f 197//190 196//190 33//190
f 33//191 196//191 78//191
f 78//192 196//192 74//192
f 196//193 198//193 74//193
f 74//194 198//194 75//194
f 198//195 199//195 75//195
f 75//196 199//196 87//196
f 200//197 99//197 201//197
f 99//198 202//198 201//198
f 202//199 99//199 203//199
f 99//200 98//200 203//200
f 98//201 204//201 203//201
f 205//202 206//202 116//202
f 207//203 206//203 205//203
f 208//204 116//204 206//204
f 116//205 208//205 209//205
f 210//206 118//206 209//206
f 118//207 210//207 211//207
f 212//208 118//208 211//208
f 118//209 212//209 120//209
f 212//210 213//210 120//210
f 120//211 213//211 121//211
f 213//212 214//212 121//212
f 214//213 215//213 121//213
f 214//214 216//214 215//214
f 217//215 215//215 216//215
f 121//216 215//216 41//216
f 215//217 219//217 218//217
f 215//218 220//218 41//218
f 215//219 221//219 220//219
f 221//220 222//220 220//220
f 215//221 223//221 221//221
f 215//222 218//222 224//222
f 224//223 223//223 215//223
f 224//224 225//224 223//224
f 224//225 218//225 226//225
f 218//226 227//226 226//226
f 227//227 218//227 228//227
f 227//228 228//228 229//228
f 228//229 218//229 230//229
f 230//230 218//230 231//230
f 218//231 219//231 231//231
f 231//232 219//232 232//232
f 232//233 219//233 233//233
f 233//234 219//234 234//234
f 219//235 235//235 234//235
f 235//236 219//236 217//236
f 236//237 235//237 217//237
f 236//238 237//238 235//238
f 237//239 238//239 235//239
f 237//240 239//240 238//240
f 238//241 239//241 240//241
f 240//242 241//242 238//242
f 240//243 242//243 241//243
f 234//244 238//244 243//244
f 235//245 238//245 234//245
f 243//246 238//246 244//246
f 244//247 238//247 245//247
f 238//248 241//248 245//248
f 245//249 241//249 246//249
f 247//250 241//250 242//250
f 241//251 247//251 248//251
f 248//252 249//252 241//252
f 250//253 50//253 251//253
f 50//254 252//254 251//254
f 252//255 50//255 253//255
f 253//256 50//256 254//256
f 254//257 55//257 253//257
f 55//258 255//258 253//258
f 138//259 256//259 139//259
f 258//260 286//260 257//260
f 270//261 261//261 260//261
f 258//262 262//262 260//262
f 264//263 263//263 261//263
f 264//264 261//264 270//264
f 260//265 262//265 270//265
f 258//266 265//266 262//266
f 265//267 258//267 259//267
f 259//268 258//268 266//268
f 258//269 257//269 266//269
f 259//270 266//270 267//270
f 267//271 269//271 270//271
f 271//272 270//272 269//272
f 270//273 272//273 268//273
f 268//274 267//274 270//274
f 259//275 267//275 268//275
f 268//276 273//276 259//276
f 273//277 274//277 259//277
f 274//278 275//278 259//278
f 276//279 273//279 268//279
f 277//280 276//280 268//280
f 272//281 277//281 268//281
f 262//282 277//282 272//282
f 278//283 277//283 262//283
f 279//284 278//284 262//284
f 265//285 279//285 262//285
f 259//286 279//286 265//286
f 280//287 279//287 259//287
f 275//288 280//288 259//288
f 272//289 270//289 262//289
f 270//272 271//272 264//272
f 264//290 296//290 263//290
f 296//291 281//291 263//291
f 263//292 281//292 261//292
f 281//293 282//293 261//293
f 261//294 282//294 260//294
f 282//295 283//295 260//295
f 283//296 284//296 260//296
f 284//297 285//297 260//297
f 260//298 285//298 286//298
f 286//299 258//299 260//299
f 285//300 287//300 286//300
f 286//301 287//301 257//301
f 287//302 288//302 257//302
f 266//303 289//303 267//303
f 289//304 290//304 267//304
f 267//305 290//305 269//305
f 290//306 291//306 269//306
f 291//307 292//307 269//307
f 292//308 293//308 269//308
f 269//309 293//309 271//309
f 293//310 294//310 271//310
f 294//311 295//311 271//311
f 295//312 296//312 271//312
f 271//313 296//313 264//313
f 298//314 300//314 297//314
f 300//315 299//315 297//315
f 301//316 300//316 298//316
f 302//317 301//317 298//317
f 303//318 301//318 302//318
f 304//319 303//319 302//319
f 305//320 304//320 302//320
f 306//321 304//321 305//321
f 307//322 306//322 305//322
f 308//323 307//323 305//323
f 310//324 307//324 308//324
f 309//325 310//325 308//325
f 313//326 310//326 309//326
f 311//327 310//327 313//327
f 309//328 308//328 305//328
f 312//329 309//329 305//329
f 312//330 305//330 302//330
f 312//331 313//331 309//331
f 312//332 315//332 313//332
f 313//333 315//333 316//333
f 315//334 318//334 317//334
f 318//335 315//335 312//335
f 321//336 319//336 314//336
f 319//337 321//337 320//337
f 302//338 314//338 312//338
f 321//339 314//339 302//339
f 298//340 321//340 302//340
f 321//341 298//341 297//341
f 321//342 297//342 322//342
f 320//343 321//343 322//343
f 322//344 315//344 317//344
f 322//345 323//345 315//345
f 324//346 323//346 322//346
f 325//347 324//347 322//347
f 297//348 325//348 322//348
f 299//349 325//349 297//349
f 326//350 311//350 313//350
f 327//351 326//351 313//351
f 316//352 327//352 313//352
f 328//353 327//353 316//353
f 329//354 328//354 316//354
f 323//355 329//355 316//355
f 315//356 323//356 316//356
f 331//357 330//357 317//357
f 318//358 331//358 317//358
f 314//359 331//359 318//359
f 332//360 331//360 314//360
f 318//361 312//361 314//361
f 333//362 332//362 314//362
f 319//363 333//363 314//363
f 334//364 333//364 319//364
f 320//365 334//365 319//365
f 334//366 320//366 322//366
f 317//367 335//367 334//367
f 334//368 322//368 317//368
f 330//369 335//369 317//369
f 337//370 338//370 336//370
f 338//371 337//371 339//371
f 337//372 336//372 340//372
f 341//373 337//373 340//373
f 342//374 337//374 341//374
f 337//375 342//375 343//375
f 337//376 343//376 339//376
f 339//377 343//377 344//377
f 344//378 345//378 339//378
f 344//379 346//379 345//379
f 346//380 347//380 345//380
f 349//381 348//381 347//381
f 346//382 349//382 347//382
f 347//383 348//383 345//383
f 348//384 350//384 345//384
f 351//385 349//385 346//385
f 352//386 349//386 351//386
f 344//387 351//387 346//387
f 353//388 352//388 351//388
f 354//389 353//389 351//389
f 355//390 354//390 351//390
f 351//391 356//391 355//391
f 344//392 356//392 351//392
f 357//393 354//393 355//393
f 356//394 359//394 358//394
f 359//395 356//395 344//395
f 359//396 344//396 343//396
f 341//397 360//397 342//397
f 360//398 361//398 342//398
f 342//399 361//399 343//399
f 361//400 362//400 343//400
f 362//401 363//401 343//401
f 343//402 363//402 359//402
f 359//403 363//403 358//403
f 363//404 364//404 358//404
f 364//405 365//405 358//405
f 358//406 365//406 360//406
f 360//407 340//407 358//407
f 360//408 341//408 340//408
f 340//409 356//409 358//409
f 366//410 357//410 355//410
f 367//411 366//411 355//411
f 356//412 367//412 355//412
f 340//413 367//413 356//413
f 368//414 367//414 340//414
f 369//415 368//415 340//415
f 336//416 369//416 340//416
f 374//417 369//417 336//417
f 350//418 370//418 345//418
f 345//419 370//419 339//419
f 370//420 371//420 339//420
f 371//421 372//421 339//421
f 339//422 372//422 338//422
f 372//423 373//423 338//423
f 338//424 373//424 336//424
f 373//425 374//425 336//425
f 376//426 375//426 377//426
f 378//427 376//427 377//427
f 376//428 379//428 375//428
f 391//429 381//429 380//429
f 382//430 380//430 400//430
f 376//431 383//431 400//431
f 391//432 380//432 382//432
f 400//433 383//433 382//433
f 376//434 384//434 383//434
f 384//435 376//435 378//435
f 386//436 377//436 385//436
f 385//437 406//437 386//437
f 387//438 388//438 389//438
f 388//439 390//439 389//439
f 389//440 385//440 387//440
f 382//441 385//441 389//441
f 382//442 389//442 391//442
f 389//443 405//443 391//443
f 392//444 405//444 389//444
f 390//445 392//445 389//445
f 375//446 393//446 377//446
f 393//447 394//447 377//447
f 394//448 395//448 377//448
f 377//449 395//449 385//449
f 385//450 395//450 387//450
f 395//451 396//451 387//451
f 396//452 397//452 387//452
f 397//453 388//453 387//453
f 379//454 398//454 375//454
f 398//455 393//455 375//455
f 399//456 398//456 379//456
f 400//457 399//457 379//457
f 401//458 399//458 400//458
f 402//459 401//459 400//459
f 403//460 402//460 400//460
f 380//461 403//461 400//461
f 404//462 403//462 380//462
f 381//463 404//463 380//463
f 405//464 404//464 381//464
f 391//465 405//465 381//465
f 406//466 382//466 383//466
f 406//467 385//467 382//467
f 407//468 377//468 386//468
f 407//469 378//469 377//469
f 378//470 407//470 384//470
f 407//471 408//471 384//471
f 384//472 408//472 383//472
f 408//473 409//473 383//473
f 409//474 410//474 383//474
f 383//475 410//475 406//475
f 406//476 410//476 386//476
f 410//477 411//477 386//477
f 411//478 412//478 386//478
f 386//479 412//479 407//479
f 432//480 414//480 413//480
f 415//481 418//481 413//481
f 415//482 417//482 420//482
f 419//483 415//483 420//483
f 421//484 415//484 419//484
f 415//485 421//485 418//485
f 413//486 418//486 432//486
f 422//487 414//487 432//487
f 420//488 424//488 423//488
f 424//489 425//489 423//489
f 425//490 431//490 423//490
f 431//491 426//491 423//491
f 426//492 427//492 423//492
f 423//493 427//493 428//493
f 428//494 419//494 420//494
f 428//495 420//495 423//495
f 419//496 428//496 421//496
f 428//497 429//497 421//497
f 421//498 429//498 418//498
f 429//499 430//499 418//499
f 430//500 431//500 418//500
f 418//501 431//501 425//501
f 425//502 432//502 418//502
f 425//503 424//503 432//503
f 422//504 416//504 414//504
f 422//505 433//505 416//505
f 433//506 445//506 416//506
f 434//507 433//507 422//507
f 450//508 433//508 434//508
f 432//509 434//509 422//509
f 434//510 432//510 424//510
f 434//511 424//511 435//511
f 420//512 436//512 424//512
f 417//513 439//513 420//513
f 439//514 437//514 420//514
f 437//515 436//515 420//515
f 438//516 415//516 413//516
f 415//517 438//517 417//517
f 438//518 440//518 417//518
f 440//519 439//519 417//519
f 441//520 440//520 438//520
f 413//521 441//521 438//521
f 442//522 441//522 413//522
f 443//523 442//523 413//523
f 444//524 443//524 413//524
f 414//525 444//525 413//525
f 445//526 444//526 414//526
f 416//527 445//527 414//527
f 436//528 446//528 435//528
f 424//529 436//529 435//529
f 446//530 447//530 435//530
f 447//531 448//531 435//531
f 435//532 448//532 434//532
f 448//533 449//533 434//533
f 449//534 450//534 434//534
f 452//535 451//535 190//535
f 453//536 169//536 170//536
f 454//537 453//537 170//537
f 455//538 454//538 170//538
f 456//539 455//539 170//539
f 456//540 170//540 193//540
f 457//541 456//541 193//541
f 458//542 457//542 193//542
f 458//543 193//543 190//543
f 451//544 458//544 190//544
f 169//545 459//545 70//545
f 460//546 462//546 186//546
f 460//547 461//547 462//547
f 463//548 188//548 462//548
f 465//549 464//549 462//549
f 461//550 465//550 462//550
f 462//551 464//551 463//551
f 464//552 466//552 463//552
f 464//160 465//160 466//160
f 467//553 468//553 68//553
f 469//554 467//554 66//554
f 66//555 467//555 68//555
f 470//556 471//556 171//556
f 472//557 171//557 471//557
f 171//558 472//558 473//558
f 474//559 473//559 472//559
f 475//560 474//560 472//560
f 475//561 476//561 474//561
f 476//562 477//562 474//562
f 476//563 478//563 477//563
f 477//564 478//564 479//564
f 479//565 480//565 477//565
f 479//566 481//566 480//566
f 482//567 480//567 481//567
f 480//568 482//568 483//568
f 483//569 484//569 480//569
f 486//570 480//570 485//570
f 477//571 480//571 486//571
f 487//572 477//572 486//572
f 488//573 477//573 487//573
f 489//574 477//574 488//574
f 474//575 477//575 489//575
f 473//576 474//576 489//576
f 490//577 473//577 489//577
f 491//578 473//578 490//578
f 492//579 473//579 491//579
f 493//580 473//580 492//580
f 519//581 473//581 493//581
f 470//582 171//582 83//582
f 494//583 470//583 83//583
f 82//584 494//584 83//584
f 495//585 494//585 82//585
f 80//586 495//586 82//586
f 495//587 80//587 496//587
f 80//588 497//588 496//588
f 497//589 80//589 498//589
f 80//590 79//590 498//590
f 79//591 499//591 498//591
f 499//592 79//592 500//592
f 501//593 500//593 77//593
f 77//594 500//594 79//594
f 502//595 77//595 73//595
f 501//596 77//596 502//596
f 73//597 503//597 502//597
f 504//598 503//598 73//598
f 505//599 484//599 483//599
f 482//600 505//600 483//600
f 481//601 76//601 482//601
f 481//602 504//602 76//602
f 76//603 504//603 73//603
f 189//604 188//604 190//604
f 190//605 188//605 508//605
f 190//606 507//606 506//606
f 508//607 507//607 190//607
f 508//608 188//608 463//608
f 508//609 510//609 507//609
f 510//610 509//610 507//610
f 463//611 466//611 508//611
f 466//612 510//612 508//612
f 510//160 465//160 509//160
f 509//160 465//160 788//160
f 69//613 459//613 511//613
f 69//614 511//614 67//614
f 511//615 512//615 67//615
f 169//616 453//616 459//616
f 511//617 513//617 512//617
f 513//618 514//618 512//618
f 514//619 515//619 512//619
f 512//620 515//620 516//620
f 454//621 513//621 511//621
f 453//622 454//622 511//622
f 511//623 459//623 453//623
f 512//624 516//624 142//624
f 67//625 512//625 142//625
f 519//626 517//626 518//626
f 171//627 473//627 519//627
f 180//628 179//628 173//628
f 179//629 176//629 173//629
f 520//630 519//630 493//630
f 517//631 519//631 520//631
f 517//632 520//632 521//632
f 484//633 485//633 480//633
f 524//634 523//634 506//634
f 523//635 190//635 506//635
f 523//636 522//636 190//636
f 452//637 190//637 522//637
f 68//638 468//638 71//638
f 71//639 468//639 195//639
f 468//640 525//640 195//640
f 525//641 526//641 195//641
f 195//642 526//642 192//642
f 192//643 526//643 33//643
f 526//644 197//644 33//644
f 528//645 527//645 529//645
f 529//646 527//646 530//646
f 531//647 528//647 529//647
f 533//648 531//648 532//648
f 533//649 528//649 531//649
f 528//650 533//650 534//650
f 534//651 535//651 528//651
f 528//652 535//652 536//652
f 535//653 537//653 536//653
f 537//654 538//654 536//654
f 538//655 539//655 536//655
f 536//656 527//656 528//656
f 536//657 539//657 540//657
f 540//658 857//658 541//658
f 540//659 541//659 543//659
f 536//660 540//660 544//660
f 545//661 536//661 544//661
f 545//662 544//662 39//662
f 102//663 545//663 39//663
f 530//664 527//664 546//664
f 546//665 527//665 547//665
f 547//666 527//666 548//666
f 527//667 549//667 548//667
f 548//668 549//668 550//668
f 549//669 551//669 550//669
f 550//670 551//670 552//670
f 552//671 551//671 553//671
f 551//672 554//672 553//672
f 553//673 554//673 555//673
f 556//674 557//674 554//674
f 554//675 558//675 556//675
f 559//676 560//676 554//676
f 558//677 554//677 560//677
f 559//678 554//678 551//678
f 561//679 559//679 551//679
f 561//680 551//680 549//680
f 562//681 561//681 549//681
f 563//682 562//682 549//682
f 563//683 549//683 564//683
f 549//684 527//684 564//684
f 536//685 564//685 527//685
f 564//686 536//686 545//686
f 565//687 545//687 102//687
f 566//688 565//688 102//688
f 101//689 566//689 102//689
f 200//690 566//690 101//690
f 99//691 200//691 101//691
f 567//692 544//692 568//692
f 568//693 544//693 540//693
f 568//694 540//694 543//694
f 185//695 569//695 568//695
f 569//696 567//696 568//696
f 544//697 567//697 39//697
f 39//698 567//698 569//698
f 103//699 39//699 569//699
f 103//700 569//700 596//700
f 596//701 570//701 103//701
f 570//702 100//702 103//702
f 570//703 571//703 100//703
f 38//704 100//704 571//704
f 572//705 38//705 571//705
f 571//706 573//706 574//706
f 571//707 570//707 573//707
f 570//708 597//708 573//708
f 571//709 574//709 575//709
f 574//710 576//710 575//710
f 572//711 571//711 575//711
f 35//712 575//712 576//712
f 575//713 35//713 577//713
f 577//714 572//714 575//714
f 37//715 577//715 35//715
f 94//716 578//716 92//716
f 578//717 579//717 92//717
f 92//718 579//718 90//718
f 580//719 576//719 574//719
f 581//720 580//720 574//720
f 582//721 581//721 574//721
f 582//722 574//722 583//722
f 583//723 574//723 573//723
f 584//724 583//724 573//724
f 585//725 584//725 573//725
f 585//726 573//726 597//726
f 586//727 585//727 597//727
f 185//728 184//728 569//728
f 184//729 587//729 569//729
f 184//730 588//730 587//730
f 588//731 601//731 587//731
f 182//732 588//732 184//732
f 182//160 178//160 588//160
f 588//160 178//160 601//160
f 560//733 91//733 558//733
f 560//734 589//734 91//734
f 91//735 589//735 93//735
f 589//736 590//736 93//736
f 93//737 590//737 591//737
f 591//738 96//738 93//738
f 592//739 96//739 591//739
f 592//740 593//740 96//740
f 96//741 593//741 98//741
f 204//742 98//742 593//742
f 576//743 36//743 35//743
f 199//744 594//744 87//744
f 87//745 594//745 89//745
f 594//746 595//746 89//746
f 517//747 597//747 596//747
f 596//748 597//748 570//748
f 596//749 518//749 517//749
f 596//750 598//750 518//750
f 587//751 598//751 596//751
f 569//752 587//752 596//752
f 598//753 599//753 518//753
f 600//754 181//754 518//754
f 598//755 601//755 599//755
f 601//160 178//160 599//160
f 599//160 178//160 600//160
f 600//160 178//160 181//160
f 602//756 557//756 556//756
f 558//757 602//757 556//757
f 557//758 555//758 554//758
f 580//759 603//759 604//759
f 581//760 603//760 580//760
f 604//761 603//761 605//761
f 603//762 606//762 605//762
f 606//763 505//763 605//763
f 605//764 505//764 482//764
f 604//765 605//765 88//765
f 88//766 605//766 76//766
f 605//767 482//767 76//767
f 36//768 604//768 88//768
f 36//769 580//769 604//769
f 580//770 36//770 576//770
f 521//771 607//771 517//771
f 607//772 597//772 517//772
f 607//773 608//773 597//773
f 609//774 597//774 608//774
f 609//775 586//775 597//775
f 89//776 595//776 37//776
f 595//777 610//777 37//777
f 37//778 610//778 577//778
f 610//779 611//779 577//779
f 577//780 611//780 572//780
f 572//781 611//781 38//781
f 611//782 612//782 38//782
f 38//783 612//783 97//783
f 612//784 613//784 97//784
f 97//785 613//785 95//785
f 613//786 578//786 95//786
f 95//787 578//787 94//787
f 616//788 615//788 614//788
f 618//789 617//789 619//789
f 617//790 614//790 619//790
f 618//791 619//791 620//791
f 622//792 621//792 620//792
f 623//793 622//793 620//793
f 624//794 623//794 620//794
f 625//795 624//795 620//795
f 625//796 620//796 619//796
f 626//797 625//797 619//797
f 627//798 626//798 619//798
f 627//799 619//799 614//799
f 615//800 627//800 614//800
f 108//801 107//801 629//801
f 628//802 108//802 629//802
f 105//803 630//803 107//803
f 630//804 631//804 107//804
f 107//805 631//805 629//805
f 629//806 631//806 633//806
f 631//807 632//807 633//807
f 633//808 632//808 40//808
f 632//809 634//809 40//809
f 40//810 634//810 117//810
f 634//811 635//811 117//811
f 117//812 635//812 115//812
f 635//813 636//813 115//813
f 115//814 636//814 113//814
f 113//815 636//815 112//815
f 636//816 637//816 112//816
f 112//817 637//817 109//817
f 621//818 106//818 108//818
f 617//819 119//819 122//819
f 638//820 617//820 122//820
f 639//821 638//821 122//821
f 123//822 638//822 639//822
f 617//823 618//823 119//823
f 40//824 119//824 618//824
f 628//825 618//825 620//825
f 633//826 40//826 618//826
f 629//827 633//827 618//827
f 629//828 618//828 628//828
f 620//829 621//829 628//829
f 108//830 628//830 621//830
f 640//831 642//831 641//831
f 638//832 642//832 640//832
f 41//833 642//833 638//833
f 123//834 41//834 638//834
f 220//835 642//835 41//835
f 642//836 220//836 641//836
f 641//837 220//837 222//837
f 641//838 222//838 643//838
f 222//839 644//839 643//839
f 543//840 541//840 640//840
f 541//841 645//841 640//841
f 640//842 645//842 638//842
f 645//843 646//843 638//843
f 541//844 542//844 645//844
f 647//845 630//845 105//845
f 90//846 647//846 105//846
f 579//847 647//847 90//847
f 207//848 205//848 648//848
f 111//849 649//849 648//849
f 650//850 649//850 111//850
f 651//851 249//851 248//851
f 110//852 248//852 247//852
f 242//853 110//853 247//853
f 110//854 242//854 111//854
f 242//855 650//855 111//855
f 111//856 648//856 114//856
f 648//857 205//857 114//857
f 215//858 217//858 219//858
f 652//859 614//859 617//859
f 617//860 638//860 652//860
f 533//861 614//861 652//861
f 532//862 654//862 533//862
f 654//863 614//863 533//863
f 654//864 653//864 614//864
f 655//865 602//865 558//865
f 656//866 602//866 655//866
f 657//867 656//867 655//867
f 655//868 558//868 91//868
f 104//869 655//869 91//869
f 658//870 657//870 655//870
f 658//871 655//871 104//871
f 106//872 658//872 104//872
f 622//873 657//873 658//873
f 623//874 657//874 622//874
f 622//875 106//875 621//875
f 106//876 622//876 658//876
f 638//877 646//877 652//877
f 659//878 660//878 646//878
f 646//879 660//879 652//879
f 660//880 661//880 652//880
f 652//881 661//881 534//881
f 534//882 533//882 652//882
f 661//883 662//883 534//883
f 659//160 857//160 660//160
f 660//160 857//160 662//160
f 661//160 660//160 662//160
f 249//884 246//884 241//884
f 616//885 614//885 653//885
f 118//886 116//886 209//886
f 664//887 226//887 227//887
f 669//888 665//888 664//888
f 664//889 666//889 226//889
f 666//890 667//890 226//890
f 664//891 668//891 666//891
f 665//892 668//892 664//892
f 666//160 225//160 667//160
f 643//893 644//893 669//893
f 644//894 670//894 669//894
f 670//895 665//895 669//895
f 670//896 671//896 665//896
f 644//897 672//897 670//897
f 670//898 672//898 671//898
f 672//160 666//160 671//160
f 643//899 669//899 673//899
f 669//900 674//900 673//900
f 673//901 676//901 675//901
f 674//902 676//902 673//902
f 44//903 674//903 669//903
f 677//904 44//904 669//904
f 47//905 677//905 669//905
f 676//906 674//906 44//906
f 45//907 676//907 44//907
f 678//908 679//908 675//908
f 681//909 680//909 679//909
f 678//910 681//910 679//910
f 682//911 681//911 678//911
f 683//912 682//912 678//912
f 683//160 856//160 682//160
f 682//160 856//160 681//160
f 684//160 856//160 683//160
f 684//160 683//160 685//160
f 681//160 856//160 680//160
f 686//160 856//160 684//160
f 687//913 686//913 688//913
f 686//914 684//914 688//914
f 685//915 683//915 689//915
f 684//916 685//916 689//916
f 688//917 684//917 689//917
f 689//918 683//918 678//918
f 687//919 688//919 691//919
f 691//920 690//920 687//920
f 691//921 688//921 689//921
f 689//922 692//922 691//922
f 689//923 678//923 676//923
f 676//924 678//924 675//924
f 693//925 689//925 676//925
f 693//926 676//926 45//926
f 694//927 693//927 45//927
f 48//928 694//928 45//928
f 695//929 694//929 48//929
f 250//930 695//930 48//930
f 50//931 250//931 48//931
f 696//932 689//932 693//932
f 689//933 696//933 692//933
f 697//934 692//934 698//934
f 698//935 692//935 699//935
f 692//936 700//936 699//936
f 701//937 692//937 697//937
f 702//938 692//938 701//938
f 700//939 703//939 699//939
f 699//940 703//940 704//940
f 704//941 703//941 705//941
f 705//942 703//942 706//942
f 703//943 707//943 706//943
f 706//944 707//944 708//944
f 700//945 692//945 696//945
f 709//946 700//946 696//946
f 709//947 710//947 700//947
f 710//948 703//948 700//948
f 710//949 711//949 703//949
f 703//950 711//950 712//950
f 712//951 707//951 703//951
f 712//952 713//952 707//952
f 714//953 707//953 713//953
f 707//954 714//954 740//954
f 740//955 715//955 707//955
f 669//956 716//956 46//956
f 47//957 669//957 46//957
f 717//958 716//958 718//958
f 716//959 663//959 718//959
f 717//960 718//960 719//960
f 717//961 719//961 720//961
f 719//962 721//962 720//962
f 126//963 720//963 721//963
f 126//964 43//964 722//964
f 720//965 126//965 722//965
f 722//966 723//966 720//966
f 723//967 717//967 720//967
f 723//968 52//968 717//968
f 52//969 724//969 717//969
f 724//970 49//970 717//970
f 49//971 725//971 717//971
f 717//972 725//972 46//972
f 716//973 717//973 46//973
f 721//974 42//974 126//974
f 52//975 726//975 51//975
f 727//976 726//976 52//976
f 51//977 726//977 54//977
f 726//978 728//978 54//978
f 54//979 728//979 58//979
f 728//980 729//980 58//980
f 58//981 729//981 60//981
f 722//982 43//982 730//982
f 722//983 731//983 723//983
f 732//984 731//984 722//984
f 733//985 732//985 722//985
f 730//986 733//986 722//986
f 723//987 731//987 52//987
f 731//988 727//988 52//988
f 637//989 734//989 109//989
f 109//990 734//990 124//990
f 124//991 734//991 730//991
f 734//992 733//992 730//992
f 736//993 663//993 735//993
f 716//994 669//994 664//994
f 664//995 663//995 716//995
f 227//996 663//996 664//996
f 229//997 737//997 227//997
f 737//998 663//998 227//998
f 737//999 735//999 663//999
f 690//1000 691//1000 738//1000
f 690//1001 738//1001 739//1001
f 738//1002 691//1002 702//1002
f 691//1003 692//1003 702//1003
f 59//1004 740//1004 714//1004
f 713//1005 59//1005 714//1005
f 713//1006 741//1006 59//1006
f 59//1007 741//1007 57//1007
f 741//1008 742//1008 57//1008
f 742//1009 743//1009 57//1009
f 743//1010 742//1010 53//1010
f 742//1011 744//1011 53//1011
f 745//1012 53//1012 744//1012
f 746//1013 715//1013 740//1013
f 53//1014 747//1014 55//1014
f 255//1015 55//1015 747//1015
f 745//1016 747//1016 53//1016
f 715//1017 708//1017 707//1017
f 750//1018 748//1018 749//1018
f 751//1019 748//1019 750//1019
f 42//1020 750//1020 749//1020
f 750//1021 42//1021 721//1021
f 42//1022 749//1022 110//1022
f 749//1023 752//1023 110//1023
f 752//1024 248//1024 110//1024
f 749//1025 748//1025 752//1025
f 748//1026 753//1026 752//1026
f 753//1027 651//1027 752//1027
f 752//1028 651//1028 248//1028
f 736//1029 754//1029 663//1029
f 750//1030 721//1030 719//1030
f 756//1031 719//1031 755//1031
f 756//1032 751//1032 719//1032
f 751//1033 750//1033 719//1033
f 757//1034 755//1034 718//1034
f 755//1035 719//1035 718//1035
f 758//1036 757//1036 718//1036
f 758//1037 718//1037 663//1037
f 754//1038 758//1038 663//1038
f 760//1039 759//1039 128//1039
f 129//1040 760//1040 128//1040
f 129//1041 761//1041 760//1041
f 129//1042 65//1042 761//1042
f 65//1043 762//1043 761//1043
f 763//1044 762//1044 65//1044
f 762//1045 763//1045 764//1045
f 761//1046 762//1046 764//1046
f 679//1047 761//1047 764//1047
f 764//1048 763//1048 765//1048
f 765//1049 460//1049 764//1049
f 766//1050 767//1050 765//1050
f 765//1051 767//1051 461//1051
f 767//1052 465//1052 461//1052
f 768//1053 765//1053 763//1053
f 769//1054 768//1054 763//1054
f 769//1055 763//1055 65//1055
f 770//1056 769//1056 65//1056
f 771//1057 769//1057 770//1057
f 130//1058 771//1058 770//1058
f 773//1059 771//1059 130//1059
f 131//1060 773//1060 130//1060
f 774//1061 773//1061 131//1061
f 775//1062 773//1062 774//1062
f 134//1063 775//1063 774//1063
f 134//1064 139//1064 777//1064
f 139//1065 778//1065 777//1065
f 779//1066 134//1066 777//1066
f 134//1067 779//1067 776//1067
f 775//1068 134//1068 776//1068
f 778//1069 139//1069 256//1069
f 780//1070 256//1070 138//1070
f 675//1071 679//1071 764//1071
f 679//1072 781//1072 761//1072
f 507//1073 783//1073 782//1073
f 784//1074 506//1074 507//1074
f 782//1075 784//1075 507//1075
f 772//1076 784//1076 782//1076
f 768//1077 769//1077 772//1077
f 772//1078 786//1078 768//1078
f 787//1079 785//1079 772//1079
f 782//1080 787//1080 772//1080
f 783//1081 787//1081 782//1081
f 507//1082 509//1082 783//1082
f 509//1083 788//1083 783//1083
f 772//1084 785//1084 786//1084
f 768//1085 786//1085 766//1085
f 768//1086 766//1086 765//1086
f 766//160 465//160 767//160
f 786//160 465//160 766//160
f 785//160 465//160 786//160
f 787//160 465//160 785//160
f 783//1087 788//1087 787//1087
f 788//160 465//160 787//160
f 789//1088 799//1088 64//1088
f 60//1089 789//1089 64//1089
f 729//1090 789//1090 60//1090
f 141//1091 469//1091 66//1091
f 790//1092 469//1092 141//1092
f 137//1093 790//1093 141//1093
f 791//1094 790//1094 137//1094
f 792//1095 791//1095 137//1095
f 792//1096 137//1096 793//1096
f 792//1097 793//1097 136//1097
f 136//1098 791//1098 792//1098
f 794//1099 791//1099 136//1099
f 133//1100 794//1100 136//1100
f 795//1101 794//1101 133//1101
f 796//1102 795//1102 133//1102
f 796//1103 133//1103 803//1103
f 797//1104 795//1104 796//1104
f 798//1105 795//1105 797//1105
f 63//1106 798//1106 797//1106
f 799//1107 798//1107 63//1107
f 64//1108 799//1108 63//1108
f 61//1109 63//1109 797//1109
f 800//1110 61//1110 797//1110
f 797//1111 796//1111 800//1111
f 796//1112 803//1112 800//1112
f 61//1113 800//1113 801//1113
f 802//1114 801//1114 800//1114
f 800//1115 803//1115 802//1115
f 803//1116 804//1116 802//1116
f 803//1117 759//1117 804//1117
f 759//1118 805//1118 804//1118
f 133//1119 132//1119 803//1119
f 759//1120 803//1120 132//1120
f 132//1121 128//1121 759//1121
f 807//1122 806//1122 805//1122
f 801//1123 62//1123 61//1123
f 808//1124 801//1124 802//1124
f 809//1125 808//1125 802//1125
f 810//1126 809//1126 802//1126
f 811//1127 810//1127 802//1127
f 811//1128 802//1128 804//1128
f 812//1129 811//1129 804//1129
f 813//1130 812//1130 804//1130
f 813//1131 804//1131 805//1131
f 814//1132 813//1132 805//1132
f 806//1133 814//1133 805//1133
f 760//1134 805//1134 759//1134
f 690//1135 805//1135 760//1135
f 815//1136 807//1136 805//1136
f 815//1137 805//1137 690//1137
f 739//1138 815//1138 690//1138
f 687//1139 690//1139 816//1139
f 760//1140 816//1140 690//1140
f 760//1141 817//1141 816//1141
f 761//1142 781//1142 760//1142
f 781//1143 817//1143 760//1143
f 819//1144 818//1144 817//1144
f 781//1145 819//1145 817//1145
f 817//1146 820//1146 816//1146
f 820//1147 686//1147 687//1147
f 816//1148 820//1148 687//1148
f 817//1149 818//1149 820//1149
f 819//160 856//160 818//160
f 818//160 856//160 686//160
f 818//160 686//160 820//160
f 516//1150 821//1150 822//1150
f 823//1151 822//1151 821//1151
f 821//1152 516//1152 824//1152
f 823//1153 821//1153 825//1153
f 826//1154 823//1154 825//1154
f 824//1155 827//1155 821//1155
f 829//1156 821//1156 828//1156
f 825//1157 821//1157 829//1157
f 830//1158 825//1158 829//1158
f 831//1159 825//1159 830//1159
f 832//1160 825//1160 831//1160
f 833//1161 832//1161 831//1161
f 834//1162 832//1162 833//1162
f 835//1163 832//1163 834//1163
f 826//1164 825//1164 832//1164
f 836//1165 826//1165 832//1165
f 837//1166 836//1166 832//1166
f 837//1167 832//1167 838//1167
f 838//1168 832//1168 835//1168
f 772//1169 838//1169 835//1169
f 838//1170 772//1170 769//1170
f 839//1171 835//1171 834//1171
f 840//1172 835//1172 839//1172
f 784//1173 835//1173 840//1173
f 841//1174 784//1174 840//1174
f 772//1175 835//1175 784//1175
f 842//1176 784//1176 841//1176
f 506//1177 842//1177 524//1177
f 506//1178 784//1178 842//1178
f 843//1179 844//1179 140//1179
f 516//1180 515//1180 824//1180
f 515//1181 827//1181 824//1181
f 822//1182 142//1182 516//1182
f 822//1183 843//1183 142//1183
f 142//1184 843//1184 140//1184
f 845//1185 138//1185 140//1185
f 140//1186 844//1186 845//1186
f 780//1187 138//1187 845//1187
f 827//1188 828//1188 821//1188
f 846//1189 746//1189 740//1189
f 847//1190 746//1190 846//1190
f 848//1191 847//1191 846//1191
f 849//1192 848//1192 846//1192
f 808//1193 848//1193 849//1193
f 809//1194 848//1194 808//1194
f 808//1195 62//1195 801//1195
f 62//1196 849//1196 127//1196
f 849//1197 846//1197 127//1197
f 127//1198 846//1198 850//1198
f 850//1199 846//1199 59//1199
f 846//1200 740//1200 59//1200
f 62//1201 808//1201 849//1201
f 765//1202 461//1202 460//1202
f 518//1203 180//1203 519//1203
f 518//1204 181//1204 180//1204
f 852//1205 851//1205 644//1205
f 222//1206 852//1206 644//1206
f 851//160 666//160 672//160
f 852//160 666//160 851//160
f 854//160 852//160 853//160
f 854//160 666//160 852//160
f 221//1207 853//1207 222//1207
f 853//1208 852//1208 222//1208
f 854//1209 853//1209 221//1209
f 223//1210 854//1210 221//1210
f 225//160 666//160 854//160
f 225//1211 854//1211 223//1211
f 667//160 225//160 855//160
f 855//1212 225//1212 224//1212
f 226//1213 855//1213 224//1213
f 667//1214 855//1214 226//1214
f 680//1215 856//1215 679//1215
f 679//1216 856//1216 781//1216
f 856//1217 819//1217 781//1217
f 466//160 465//160 510//160
f 587//1218 601//1218 598//1218
f 599//1219 600//1219 518//1219
f 857//1220 542//1220 541//1220
f 539//1221 857//1221 540//1221
f 538//160 857//160 539//160
f 537//160 857//160 538//160
f 857//160 537//160 662//160
f 662//1222 537//1222 535//1222
f 534//1223 662//1223 535//1223
f 542//1224 858//1224 645//1224
f 858//1225 659//1225 646//1225
f 645//1226 858//1226 646//1226
f 857//160 659//160 858//160
f 542//160 857//160 858//160
f 671//1227 668//1227 665//1227
f 671//160 666//160 668//160
f 859//1228 362//1228 163//1228
f 860//1229 859//1229 163//1229
f 161//1230 860//1230 163//1230
f 365//1231 860//1231 161//1231
f 162//1232 365//1232 161//1232
f 164//1233 361//1233 162//1233
f 162//1234 361//1234 360//1234
f 365//1235 162//1235 360//1235
f 364//1236 860//1236 365//1236
f 859//1237 860//1237 363//1237
f 362//1238 859//1238 363//1238
f 163//1239 362//1239 361//1239
f 164//1240 163//1240 361//1240
f 411//1241 410//1241 168//1241
f 166//1242 411//1242 168//1242
f 412//1243 411//1243 166//1243
f 412//1244 165//1244 407//1244
f 165//1245 412//1245 166//1245
f 165//1246 408//1246 407//1246
f 167//1247 408//1247 165//1247
f 167//1248 168//1248 408//1248
f 168//1249 409//1249 408//1249
f 410//1250 409//1250 168//1250
f 427//1251 426//1251 144//1251
f 144//1252 426//1252 145//1252
f 426//1253 431//1253 145//1253
f 143//1254 427//1254 144//1254
f 427//1255 143//1255 428//1255
f 146//1256 429//1256 143//1256
f 143//1257 429//1257 428//1257
f 146//1258 145//1258 429//1258
f 145//1259 430//1259 429//1259
f 431//1260 430//1260 145//1260
f 149//1261 278//1261 279//1261
f 151//1262 149//1262 279//1262
f 148//1263 278//1263 149//1263
f 148//1264 150//1264 278//1264
f 277//1265 278//1265 150//1265
f 276//1266 277//1266 150//1266
f 152//1267 276//1267 150//1267
f 861//1268 276//1268 152//1268
f 274//1269 861//1269 152//1269
f 154//1270 274//1270 152//1270
f 151//1271 274//1271 154//1271
f 151//1272 275//1272 274//1272
f 151//1273 279//1273 275//1273
f 273//1274 861//1274 274//1274
f 158//1275 332//1275 333//1275
f 335//1276 155//1276 334//1276
f 330//1277 331//1277 157//1277
f 156//1278 330//1278 157//1278
f 335//1279 330//1279 156//1279
f 155//1280 335//1280 156//1280
f 155//1281 333//1281 334//1281
f 155//1282 158//1282 333//1282
f 160//1283 332//1283 158//1283
f 331//1284 332//1284 160//1284
f 157//1285 331//1285 160//1285
f 864//1286 862//1286 863//1286
f 863//1287 865//1287 864//1287
f 864//1288 865//1288 866//1288
f 865//1289 867//1289 866//1289
f 868//1290 862//1290 864//1290
f 866//1291 868//1291 864//1291
f 866//1292 867//1292 869//1292
f 867//1293 870//1293 869//1293
f 869//1294 871//1294 866//1294
f 871//1295 868//1295 866//1295
f 872//1296 868//1296 871//1296
f 872//1297 873//1297 868//1297
f 874//1298 872//1298 871//1298
f 869//1299 870//1299 875//1299
f 875//1300 871//1300 869//1300
f 870//1301 876//1301 875//1301
f 877//1302 871//1302 875//1302
f 874//1303 871//1303 877//1303
f 878//1304 877//1304 875//1304
f 875//1305 876//1305 878//1305
f 876//1306 879//1306 878//1306
f 880//1307 874//1307 877//1307
f 881//1308 877//1308 878//1308
f 882//1309 881//1309 878//1309
f 878//1310 879//1310 882//1310
f 880//1311 877//1311 881//1311
f 879//1312 883//1312 882//1312
f 884//1313 880//1313 881//1313
f 885//1314 881//1314 882//1314
f 882//1315 883//1315 886//1315
f 883//1316 887//1316 886//1316
f 884//1317 881//1317 885//1317
f 888//1318 885//1318 882//1318
f 886//1319 888//1319 882//1319
f 889//1320 888//1320 886//1320
f 886//1321 887//1321 890//1321
f 890//1322 889//1322 886//1322
f 887//1323 891//1323 890//1323
f 890//1324 891//1324 892//1324
f 891//1325 893//1325 892//1325
f 894//1326 885//1326 888//1326
f 894//1327 888//1327 889//1327
f 892//1328 895//1328 890//1328
f 895//1329 889//1329 890//1329
f 892//1330 893//1330 896//1330
f 893//1331 897//1331 896//1331
f 898//1332 894//1332 889//1332
f 896//1333 895//1333 892//1333
f 899//1334 895//1334 896//1334
f 896//1335 897//1335 900//1335
f 900//1336 899//1336 896//1336
f 897//1337 901//1337 900//1337
f 902//1338 889//1338 895//1338
f 902//1339 898//1339 889//1339
f 903//1340 899//1340 900//1340
f 904//1341 902//1341 895//1341
f 900//1342 901//1342 906//1342
f 906//1343 903//1343 900//1343
f 901//1344 907//1344 906//1344
f 905//1345 903//1345 908//1345
f 909//1346 905//1346 908//1346
f 908//1347 903//1347 906//1347
f 906//1348 907//1348 910//1348
f 910//1349 908//1349 906//1349
f 907//1350 911//1350 910//1350
f 910//1351 911//1351 912//1351
f 911//1352 913//1352 912//1352
f 912//1353 908//1353 910//1353
f 914//1354 908//1354 912//1354
f 912//1355 913//1355 915//1355
f 913//1356 916//1356 915//1356
f 917//1357 918//1357 909//1357
f 909//1358 918//1358 905//1358
f 919//1359 909//1359 908//1359
f 919//1360 908//1360 914//1360
f 920//1361 919//1361 914//1361
f 915//1362 914//1362 912//1362
f 915//1363 916//1363 921//1363
f 916//1364 922//1364 921//1364
f 921//1365 914//1365 915//1365
f 923//1366 914//1366 921//1366
f 920//1367 914//1367 923//1367
f 924//1368 920//1368 923//1368
f 921//1369 922//1369 925//1369
f 922//1370 926//1370 925//1370
f 925//1371 923//1371 921//1371
f 927//1372 923//1372 925//1372
f 924//1373 923//1373 927//1373
f 928//1374 924//1374 927//1374
f 929//1375 928//1375 927//1375
f 925//1376 926//1376 930//1376
f 930//1377 927//1377 925//1377
f 926//1378 931//1378 930//1378
f 932//1379 927//1379 930//1379
f 929//1380 927//1380 932//1380
f 933//1381 929//1381 932//1381
f 930//1382 931//1382 934//1382
f 934//1383 932//1383 930//1383
f 931//1384 935//1384 934//1384
f 934//1385 935//1385 936//1385
f 936//1386 932//1386 934//1386
f 935//1387 937//1387 936//1387
f 938//1388 932//1388 936//1388
f 936//1389 937//1389 939//1389
f 939//1390 938//1390 936//1390
f 937//1391 940//1391 939//1391
f 941//1392 938//1392 939//1392
f 939//1393 940//1393 942//1393
f 940//1394 943//1394 942//1394
f 942//1395 941//1395 939//1395
f 942//1396 943//1396 945//1396
f 943//1397 946//1397 945//1397
f 945//1398 946//1398 947//1398
f 946//1399 948//1399 947//1399
f 947//1400 948//1400 949//1400
f 948//1401 950//1401 949//1401
f 950//1402 951//1402 949//1402
f 949//1403 951//1403 863//1403
f 949//1404 952//1404 947//1404
f 953//1405 952//1405 949//1405
f 952//1406 954//1406 947//1406
f 947//1407 954//1407 945//1407
f 945//1408 954//1408 942//1408
f 954//1409 941//1409 942//1409
f 863//1410 953//1410 949//1410
f 862//1411 953//1411 863//1411
f 951//1412 865//1412 863//1412
f 956//1413 955//1413 953//1413
f 956//1414 953//1414 862//1414
f 957//1415 956//1415 862//1415
f 957//1416 958//1416 956//1416
f 958//1417 959//1417 956//1417
f 956//1418 959//1418 955//1418
f 955//1419 952//1419 953//1419
f 955//1420 960//1420 952//1420
f 960//1421 954//1421 952//1421
f 959//1422 961//1422 955//1422
f 960//1423 962//1423 954//1423
f 962//1424 941//1424 954//1424
f 962//1425 944//1425 941//1425
f 961//1426 963//1426 955//1426
f 955//1427 963//1427 960//1427
f 963//1428 964//1428 960//1428
f 964//1429 965//1429 960//1429
f 960//1430 965//1430 962//1430
f 965//1431 966//1431 962//1431
f 966//1432 967//1432 962//1432
f 962//1433 967//1433 944//1433
f 967//1434 968//1434 944//1434
f 968//1435 969//1435 944//1435
f 958//1436 970//1436 959//1436
f 970//1437 971//1437 959//1437
f 959//1438 971//1438 961//1438
f 971//1439 972//1439 961//1439
f 961//1440 972//1440 963//1440
f 972//1441 973//1441 963//1441
f 963//1442 973//1442 964//1442
f 973//1443 974//1443 964//1443
f 964//1444 974//1444 965//1444
f 965//1445 975//1445 966//1445
f 974//1446 975//1446 965//1446
f 966//1447 976//1447 967//1447
f 975//1448 976//1448 966//1448
f 967//1449 977//1449 968//1449
f 977//1450 978//1450 968//1450
f 976//1451 977//1451 967//1451
f 974//1452 979//1452 975//1452
f 979//1453 980//1453 975//1453
f 981//1454 979//1454 974//1454
f 973//1455 981//1455 974//1455
f 982//1456 981//1456 973//1456
f 972//1457 982//1457 973//1457
f 983//1458 982//1458 972//1458
f 971//1459 983//1459 972//1459
f 984//1460 983//1460 971//1460
f 970//1461 984//1461 971//1461
f 975//1462 980//1462 976//1462
f 980//1463 985//1463 976//1463
f 976//1464 985//1464 977//1464
f 985//1465 986//1465 977//1465
f 977//1466 986//1466 978//1466
f 986//1467 987//1467 978//1467
f 978//1468 987//1468 988//1468
f 987//1469 989//1469 988//1469
f 978//1470 988//1470 969//1470
f 968//1471 978//1471 969//1471
f 969//1472 988//1472 990//1472
f 988//1473 992//1473 990//1473
f 990//1474 992//1474 991//1474
f 988//1475 989//1475 992//1475
f 989//1476 994//1476 992//1476
f 992//1477 994//1477 995//1477
f 994//1478 996//1478 995//1478
f 992//1479 995//1479 991//1479
f 995//1480 996//1480 997//1480
f 996//1481 998//1481 997//1481
f 991//1482 995//1482 993//1482
f 997//1483 998//1483 999//1483
f 998//1484 1000//1484 999//1484
f 995//1485 997//1485 993//1485
f 999//1486 1000//1486 1001//1486
f 1000//1487 1002//1487 1001//1487
f 993//1488 997//1488 1003//1488
f 997//1489 999//1489 1003//1489
f 1003//1490 999//1490 1004//1490
f 999//1491 1001//1491 1004//1491
f 1004//1492 1001//1492 1005//1492
f 993//1493 1003//1493 933//1493
f 991//1494 993//1494 933//1494
f 1006//1495 991//1495 933//1495
f 990//1496 991//1496 1006//1496
f 969//1497 990//1497 1006//1497
f 944//1498 969//1498 1006//1498
f 944//1499 1006//1499 941//1499
f 1006//1500 938//1500 941//1500
f 1006//1501 933//1501 938//1501
f 933//1502 932//1502 938//1502
f 933//1503 1003//1503 929//1503
f 1003//1504 1004//1504 929//1504
f 1004//1505 1005//1505 929//1505
f 1005//1506 1008//1506 1007//1506
f 1001//1507 1008//1507 1005//1507
f 1008//1508 1009//1508 1007//1508
f 1007//1509 1009//1509 1010//1509
f 1009//1510 1012//1510 1010//1510
f 1010//1511 1012//1511 1011//1511
f 1007//1512 1010//1512 924//1512
f 928//1513 1007//1513 924//1513
f 1005//1514 1007//1514 928//1514
f 929//1515 1005//1515 928//1515
f 1010//1516 1011//1516 924//1516
f 924//1517 1011//1517 920//1517
f 1011//1518 1013//1518 920//1518
f 1013//1519 1014//1519 920//1519
f 920//1520 1014//1520 919//1520
f 1014//1521 1015//1521 919//1521
f 1015//1522 1016//1522 919//1522
f 919//1523 1016//1523 909//1523
f 1016//1524 917//1524 909//1524
f 1011//1525 1017//1525 1013//1525
f 1012//1526 1017//1526 1011//1526
f 1013//1527 1018//1527 1014//1527
f 1017//1528 1018//1528 1013//1528
f 1014//1529 1019//1529 1015//1529
f 1018//1530 1019//1530 1014//1530
f 1019//1531 1020//1531 1015//1531
f 1015//1532 1020//1532 1016//1532
f 1020//1533 1021//1533 1016//1533
f 1016//1534 1021//1534 917//1534
f 1021//1535 1022//1535 917//1535
f 1021//1536 1023//1536 1022//1536
f 1023//1537 1024//1537 1022//1537
f 1025//1538 1023//1538 1021//1538
f 1020//1539 1025//1539 1021//1539
f 1026//1540 1025//1540 1020//1540
f 1019//1541 1026//1541 1020//1541
f 1027//1542 1026//1542 1019//1542
f 1018//1543 1027//1543 1019//1543
f 1028//1544 1027//1544 1018//1544
f 1017//1545 1028//1545 1018//1545
f 1029//1546 1028//1546 1017//1546
f 1012//1547 1029//1547 1017//1547
f 1030//1548 1029//1548 1012//1548
f 1009//1549 1030//1549 1012//1549
f 1031//1550 1030//1550 1009//1550
f 1008//1551 1031//1551 1009//1551
f 1002//1552 1031//1552 1008//1552
f 1001//1553 1002//1553 1008//1553
f 1032//1554 1033//1554 872//1554
f 872//1555 1033//1555 873//1555
f 1033//1556 1034//1556 873//1556
f 873//1557 1034//1557 957//1557
f 1035//1558 1032//1558 872//1558
f 874//1559 1035//1559 872//1559
f 1036//1560 1035//1560 874//1560
f 1037//1561 1036//1561 874//1561
f 880//1562 1037//1562 874//1562
f 1038//1563 1037//1563 880//1563
f 884//1564 1038//1564 880//1564
f 1039//1565 1038//1565 884//1565
f 1040//1566 1039//1566 884//1566
f 885//1567 1040//1567 884//1567
f 1041//1568 1040//1568 885//1568
f 894//1569 1041//1569 885//1569
f 1042//1570 1041//1570 894//1570
f 1043//1571 1042//1571 894//1571
f 898//1572 1043//1572 894//1572
f 1044//1573 1043//1573 898//1573
f 902//1574 1044//1574 898//1574
f 1045//1575 1044//1575 902//1575
f 1046//1576 1045//1576 902//1576
f 904//1577 1046//1577 902//1577
f 1047//1578 1046//1578 904//1578
f 1046//1579 1048//1579 1045//1579
f 1048//1580 1049//1580 1045//1580
f 1045//1581 1049//1581 1044//1581
f 1051//1582 1047//1582 904//1582
f 1050//1583 1051//1583 904//1583
f 1053//1584 1051//1584 1050//1584
f 1047//1585 1052//1585 1046//1585
f 1052//1586 1048//1586 1046//1586
f 1051//1587 1054//1587 1047//1587
f 1054//1588 1052//1588 1047//1588
f 905//1589 1053//1589 1050//1589
f 1055//1590 1053//1590 905//1590
f 918//1591 1055//1591 905//1591
f 917//1592 1022//1592 918//1592
f 918//1593 1056//1593 1055//1593
f 1022//1594 1056//1594 918//1594
f 1056//1595 1057//1595 1055//1595
f 1055//1596 1057//1596 1053//1596
f 1022//1597 1024//1597 1056//1597
f 1024//1598 1058//1598 1056//1598
f 1057//1599 1059//1599 1053//1599
f 1056//1600 1058//1600 1057//1600
f 1058//1601 1060//1601 1057//1601
f 1057//1602 1060//1602 1059//1602
f 1060//1603 1061//1603 1059//1603
f 1059//1604 1061//1604 1054//1604
f 1061//1605 1062//1605 1054//1605
f 1053//1606 1059//1606 1051//1606
f 1059//1607 1054//1607 1051//1607
f 1054//1608 1062//1608 1052//1608
f 1062//1609 1063//1609 1052//1609
f 1052//1610 1063//1610 1048//1610
f 1063//1611 1064//1611 1048//1611
f 1048//1612 1064//1612 1049//1612
f 1064//1613 1065//1613 1049//1613
f 1049//1614 1065//1614 1066//1614
f 1065//1615 1067//1615 1066//1615
f 1066//1616 1067//1616 1068//1616
f 1067//1617 1069//1617 1068//1617
f 1049//1618 1066//1618 1044//1618
f 1044//1619 1066//1619 1043//1619
f 1066//1620 1068//1620 1043//1620
f 1068//1621 1069//1621 1070//1621
f 1069//1622 1071//1622 1070//1622
f 1043//1623 1068//1623 1042//1623
f 1070//1624 1071//1624 1072//1624
f 1071//1625 1073//1625 1072//1625
f 1068//1626 1070//1626 1042//1626
f 1042//1627 1070//1627 1041//1627
f 1072//1628 1073//1628 1074//1628
f 1073//1629 1075//1629 1074//1629
f 1070//1630 1072//1630 1041//1630
f 1072//1631 1074//1631 1040//1631
f 1041//1632 1072//1632 1040//1632
f 1040//1633 1074//1633 1039//1633
f 1074//1634 1076//1634 1039//1634
f 1039//1635 1076//1635 1038//1635
f 1074//1636 1075//1636 1076//1636
f 1075//1637 1077//1637 1076//1637
f 1076//1638 1078//1638 1038//1638
f 1038//1639 1078//1639 1037//1639
f 1078//1640 1079//1640 1037//1640
f 1037//1641 1079//1641 1036//1641
f 1036//1642 1080//1642 1035//1642
f 1079//1643 1080//1643 1036//1643
f 1035//1644 1081//1644 1032//1644
f 1080//1645 1081//1645 1035//1645
f 1081//1646 1082//1646 1032//1646
f 1081//1647 1083//1647 1082//1647
f 1083//1648 1084//1648 1082//1648
f 1082//1649 1084//1649 1085//1649
f 1084//1650 1086//1650 1085//1650
f 1085//1651 1086//1651 1087//1651
f 1086//1652 1088//1652 1087//1652
f 1080//1653 1089//1653 1081//1653
f 1089//1654 1083//1654 1081//1654
f 1090//1655 1089//1655 1080//1655
f 1079//1656 1090//1656 1080//1656
f 1091//1657 1090//1657 1079//1657
f 1078//1658 1091//1658 1079//1658
f 1077//1659 1091//1659 1078//1659
f 1076//1660 1077//1660 1078//1660
f 1082//1661 1085//1661 1033//1661
f 1032//1662 1082//1662 1033//1662
f 1033//1663 1085//1663 1034//1663
f 1085//1664 1087//1664 1034//1664
f 1087//1665 1088//1665 1092//1665
f 1088//1666 1093//1666 1092//1666
f 1087//1667 1092//1667 1094//1667
f 1034//1668 1087//1668 1094//1668
f 1034//1669 1094//1669 957//1669
f 1094//1670 1092//1670 958//1670
f 1092//1671 970//1671 958//1671
f 1092//1672 1093//1672 970//1672
f 1093//1673 984//1673 970//1673
f 1094//1674 958//1674 957//1674
f 957//1675 862//1675 868//1675
f 873//1676 957//1676 868//1676
f 905//1677 1050//1677 903//1677
f 1050//1678 899//1678 903//1678
f 1050//1679 904//1679 899//1679
f 904//1680 895//1680 899//1680
f 257//1681 288//1681 266//1681
f 288//1682 289//1682 266//1682
f 379//1683 376//1683 400//1683
f 851//1684 672//1684 644//1684
f 1095//1685 1096//1685 460//1685
f 186//1686 1095//1686 460//1686
f 1097//1687 1095//1687 186//1687
f 1098//1688 1097//1688 186//1688
f 1099//1689 1098//1689 186//1689
f 1100//1690 1099//1690 186//1690
f 1101//1691 1100//1691 186//1691
f 185//1692 1101//1692 186//1692
f 1102//1693 1101//1693 185//1693
f 1103//1694 1102//1694 185//1694
f 1104//1695 1103//1695 185//1695
f 1105//1696 1104//1696 185//1696
f 1106//1697 1105//1697 185//1697
f 1107//1698 1106//1698 185//1698
f 568//1699 1107//1699 185//1699
f 1108//1700 1107//1700 568//1700
f 1109//1701 1108//1701 568//1701
f 1110//1702 1109//1702 568//1702
f 543//1703 1110//1703 568//1703
f 1111//1704 1110//1704 543//1704
f 1112//1705 1111//1705 543//1705
f 1113//1706 1112//1706 543//1706
f 1114//1707 1113//1707 543//1707
f 640//1708 1114//1708 543//1708
f 1115//1709 1114//1709 640//1709
f 1116//1710 1115//1710 640//1710
f 1117//1711 1116//1711 640//1711
f 641//1712 1117//1712 640//1712
f 1118//1713 1117//1713 641//1713
f 1119//1714 1118//1714 641//1714
f 1120//1715 1119//1715 641//1715
f 1121//1716 1120//1716 641//1716
f 643//1717 1121//1717 641//1717
f 1122//1718 1121//1718 643//1718
f 1123//1719 1122//1719 643//1719
f 1124//1720 1123//1720 643//1720
f 1125//1721 1124//1721 643//1721
f 673//1722 1125//1722 643//1722
f 1126//1723 1125//1723 673//1723
f 1127//1724 1126//1724 673//1724
f 1128//1725 1127//1725 673//1725
f 675//1726 1128//1726 673//1726
f 1129//1727 1128//1727 675//1727
f 1130//1728 1129//1728 675//1728
f 1131//1729 1130//1729 675//1729
f 1132//1730 1131//1730 675//1730
f 764//1731 1132//1731 675//1731
f 1133//1732 1132//1732 764//1732
f 1134//1733 1133//1733 764//1733
f 1135//1734 1134//1734 764//1734
f 1136//1735 1135//1735 764//1735
f 1137//1736 1136//1736 764//1736
f 1138//1737 1137//1737 764//1737
f 460//1738 1138//1738 764//1738
f 1139//1739 1138//1739 460//1739
f 1096//1740 1139//1740 460//1740
f 1119//160 1117//160 1118//160
f 1119//1741 1116//1741 1117//1741
f 1119//160 1115//160 1116//160
f 1119//160 1114//160 1115//160
f 1119//160 1113//160 1114//160
f 1119//160 1112//160 1113//160
f 1119//160 1111//160 1112//160
f 1119//160 1110//160 1111//160
f 1119//160 1109//160 1110//160
f 1119//160 1108//160 1109//160
f 1119//160 1107//160 1108//160
f 1119//160 1106//160 1107//160
f 1119//160 1105//160 1106//160
f 1119//160 1104//160 1105//160
f 1119//160 1103//160 1104//160
f 1119//160 1102//160 1103//160
f 1119//160 1101//160 1102//160
f 1119//160 1100//160 1101//160
f 1119//160 1099//160 1100//160
f 1119//160 1098//160 1099//160
f 1119//160 1097//160 1098//160
f 1119//160 1095//160 1097//160
f 1119//160 1096//160 1095//160
f 1119//160 1139//160 1096//160
f 1119//160 1138//160 1139//160
f 1119//160 1137//160 1138//160
f 1119//160 1136//160 1137//160
f 1119//160 1135//160 1136//160
f 1119//160 1134//160 1135//160
f 1119//160 1133//160 1134//160
f 1119//160 1132//160 1133//160
f 1119//160 1131//160 1132//160
f 1119//160 1130//160 1131//160
f 1119//160 1129//160 1130//160
f 1119//160 1128//160 1129//160
f 1119//160 1127//160 1128//160
f 1119//160 1126//160 1127//160
f 1119//160 1125//160 1126//160
f 1119//160 1124//160 1125//160
f 1119//160 1123//160 1124//160
f 1119//1741 1122//1741 1123//1741
f 1119//160 1121//160 1122//160
f 1119//160 1120//160 1121//160
f 1120//1742 1122//1742 1121//1742
f 1120//1743 1123//1743 1122//1743
f 1120//1744 1124//1744 1123//1744
f 1120//1742 1125//1742 1124//1742
f 1120//1742 1126//1742 1125//1742
f 1120//1742 1127//1742 1126//1742
f 1120//1742 1128//1742 1127//1742
f 1120//1742 1129//1742 1128//1742
f 1120//1742 1130//1742 1129//1742
f 1120//1742 1131//1742 1130//1742
f 1120//1742 1132//1742 1131//1742
f 1120//1742 1133//1742 1132//1742
f 1120//1742 1134//1742 1133//1742
f 1120//1742 1135//1742 1134//1742
f 1120//1742 1136//1742 1135//1742
f 1120//1742 1137//1742 1136//1742
f 1120//1742 1138//1742 1137//1742
f 1120//1742 1139//1742 1138//1742
f 1120//1742 1096//1742 1139//1742
f 1120//1742 1095//1742 1096//1742
f 1120//1742 1097//1742 1095//1742
f 1120//1742 1098//1742 1097//1742
f 1120//1742 1099//1742 1098//1742
f 1120//1742 1100//1742 1099//1742
f 1120//1742 1101//1742 1100//1742
f 1120//1742 1102//1742 1101//1742
f 1120//1742 1103//1742 1102//1742
f 1120//1742 1104//1742 1103//1742
f 1120//1742 1105//1742 1104//1742
f 1120//1742 1106//1742 1105//1742
f 1120//1742 1107//1742 1106//1742
f 1120//1742 1108//1742 1107//1742
f 1120//1742 1109//1742 1108//1742
f 1120//1742 1110//1742 1109//1742
f 1120//1742 1111//1742 1110//1742
f 1120//1742 1112//1742 1111//1742
f 1120//1742 1113//1742 1112//1742
f 1120//1742 1114//1742 1113//1742
f 1120//1742 1115//1742 1114//1742
f 1120//1743 1116//1743 1115//1743
f 1120//1744 1117//1744 1116//1744
f 1120//1742 1118//1742 1117//1742
f 1120//1742 1119//1742 1118//1742
f 1140//1745 1141//1745 1142//1745
f 1142//1746 1141//1746 1143//1746
f 1141//1747 1144//1747 1143//1747
f 1143//1748 1144//1748 1145//1748
f 1142//1749 1143//1749 1146//1749
f 1146//1750 1143//1750 1147//1750
f 1143//1751 1145//1751 1147//1751
f 1147//1752 1145//1752 1148//1752
f 1147//1753 1149//1753 1146//1753
f 1149//1754 1147//1754 1150//1754
f 1147//1755 1148//1755 1150//1755
f 1151//1756 1141//1756 1140//1756
f 1151//1757 1144//1757 1141//1757
f 1151//1758 1152//1758 1153//1758
f 1153//1759 1144//1759 1151//1759
f 1153//1760 1152//1760 1154//1760
f 1155//1761 1156//1761 1157//1761
f 1157//1762 1156//1762 1158//1762
f 1156//1763 1140//1763 1158//1763
f 1158//1764 1140//1764 1142//1764
f 1157//1765 1158//1765 1159//1765
f 1159//1766 1158//1766 1146//1766
f 1158//1767 1142//1767 1146//1767
f 1146//1768 1160//1768 1159//1768
f 1160//1769 1146//1769 1149//1769
f 1161//1770 1156//1770 1155//1770
f 1162//1771 1156//1771 1161//1771
f 1162//1772 1140//1772 1156//1772
f 1162//1773 1161//1773 1163//1773
f 1152//1774 1162//1774 1163//1774
f 1151//1775 1162//1775 1152//1775
f 1151//1776 1140//1776 1162//1776
f 1164//1777 1165//1777 1166//1777
f 1166//1778 1165//1778 1167//1778
f 1165//1779 1155//1779 1167//1779
f 1167//1780 1155//1780 1157//1780
f 1166//1781 1167//1781 1168//1781
f 1167//1782 1157//1782 1168//1782
f 1168//1783 1157//1783 1159//1783
f 1169//1784 1168//1784 1160//1784
f 1168//1785 1159//1785 1160//1785
f 1170//1786 1165//1786 1164//1786
f 1161//1787 1165//1787 1170//1787
f 1161//1788 1155//1788 1165//1788
f 1161//1789 1170//1789 1171//1789
f 1163//1790 1161//1790 1171//1790
f 1172//1791 1173//1791 1174//1791
f 1174//1792 1173//1792 1175//1792
f 1173//1793 1176//1793 1175//1793
f 1175//1794 1176//1794 1177//1794
f 1174//1795 1175//1795 1178//1795
f 1178//1796 1175//1796 1179//1796
f 1175//1797 1177//1797 1179//1797
f 1179//1798 1177//1798 1180//1798
f 1179//1799 1181//1799 1178//1799
f 1181//1800 1179//1800 1182//1800
f 1179//1801 1180//1801 1182//1801
f 1183//1802 1173//1802 1172//1802
f 1183//1803 1176//1803 1173//1803
f 1183//1804 1184//1804 1185//1804
f 1185//1805 1176//1805 1183//1805
f 1185//1806 1184//1806 1186//1806
f 1187//1807 1188//1807 1189//1807
f 1189//1808 1188//1808 1190//1808
f 1188//1809 1172//1809 1190//1809
f 1190//1810 1172//1810 1174//1810
f 1189//1811 1190//1811 1191//1811
f 1191//1812 1190//1812 1178//1812
f 1190//1813 1174//1813 1178//1813
f 1178//1814 1192//1814 1191//1814
f 1192//1815 1178//1815 1181//1815
f 1193//1816 1188//1816 1187//1816
f 1194//1817 1188//1817 1193//1817
f 1194//1818 1172//1818 1188//1818
f 1194//1819 1193//1819 1195//1819
f 1184//1820 1194//1820 1195//1820
f 1183//1821 1194//1821 1184//1821
f 1183//1822 1172//1822 1194//1822
f 1196//1823 1197//1823 1198//1823
f 1198//1824 1197//1824 1199//1824
f 1197//1825 1187//1825 1199//1825
f 1199//1826 1187//1826 1189//1826
f 1198//1827 1199//1827 1200//1827
f 1199//1828 1189//1828 1200//1828
f 1200//1829 1189//1829 1191//1829
f 1201//1830 1200//1830 1192//1830
f 1200//1831 1191//1831 1192//1831
f 1202//1832 1197//1832 1196//1832
f 1193//1833 1197//1833 1202//1833
f 1193//1834 1187//1834 1197//1834
f 1193//1835 1202//1835 1203//1835
f 1195//1836 1193//1836 1203//1836
f 1204//1837 1205//1837 1206//1837
f 1206//1838 1205//1838 1207//1838
f 1205//1839 1208//1839 1207//1839
f 1207//1840 1208//1840 1209//1840
f 1206//1841 1207//1841 1210//1841
f 1207//1842 1209//1842 1210//1842
f 1210//1843 1209//1843 1211//1843
f 1212//1844 1210//1844 1213//1844
f 1210//1845 1211//1845 1213//1845
f 1214//1846 1205//1846 1204//1846
f 1215//1847 1205//1847 1214//1847
f 1215//1848 1208//1848 1205//1848
f 1215//1849 1214//1849 1216//1849
f 1216//1850 1214//1850 1217//1850
f 1218//1851 1215//1851 1216//1851
f 1218//1852 1208//1852 1215//1852
f 1219//1853 1220//1853 1221//1853
f 1221//1854 1220//1854 1222//1854
f 1220//1855 1204//1855 1222//1855
f 1222//1856 1204//1856 1206//1856
f 1221//1857 1222//1857 1223//1857
f 1222//1858 1206//1858 1223//1858
f 1223//1859 1206//1859 1210//1859
f 1224//1860 1223//1860 1212//1860
f 1223//1861 1210//1861 1212//1861
f 1225//1862 1220//1862 1219//1862
f 1214//1863 1220//1863 1225//1863
f 1214//1864 1204//1864 1220//1864
f 1214//1865 1225//1865 1217//1865
f 1217//1866 1225//1866 1226//1866
f 1227//1867 1228//1867 1229//1867
f 1229//1868 1228//1868 1230//1868
f 1228//1869 1231//1869 1230//1869
f 1230//1870 1231//1870 1232//1870
f 1229//1871 1230//1871 1233//1871
f 1233//1872 1230//1872 1234//1872
f 1230//1873 1232//1873 1234//1873
f 1234//1874 1235//1874 1233//1874
f 1235//1875 1234//1875 1236//1875
f 1237//1876 1228//1876 1227//1876
f 1237//1877 1231//1877 1228//1877
f 1237//1878 1238//1878 1239//1878
f 1239//1879 1231//1879 1237//1879
f 1239//1880 1238//1880 1240//1880
f 1241//1881 1242//1881 1243//1881
f 1243//1882 1242//1882 1244//1882
f 1242//1883 1245//1883 1244//1883
f 1244//1884 1245//1884 1246//1884
f 1243//1885 1244//1885 1247//1885
f 1247//1886 1244//1886 1248//1886
f 1244//1887 1246//1887 1248//1887
f 1248//1888 1249//1888 1247//1888
f 1249//1889 1248//1889 1250//1889
f 1251//1890 1242//1890 1241//1890
f 1251//1891 1245//1891 1242//1891
f 1251//1892 1252//1892 1253//1892
f 1253//1893 1245//1893 1251//1893
f 1253//1894 1252//1894 1254//1894
f 1255//1895 1256//1895 1257//1895
f 1257//1896 1256//1896 1258//1896
f 1256//1897 1259//1897 1258//1897
f 1258//1898 1259//1898 1260//1898
f 1257//1899 1258//1899 1261//1899
f 1261//1900 1258//1900 1262//1900
f 1258//1901 1260//1901 1262//1901
f 1262//1902 1263//1902 1261//1902
f 1263//1903 1262//1903 1264//1903
f 1265//1904 1256//1904 1255//1904
f 1265//1905 1259//1905 1256//1905
f 1265//1906 1266//1906 1267//1906
f 1267//1907 1259//1907 1265//1907
f 1267//1908 1266//1908 1268//1908
f 1269//1909 1270//1909 1264//1909
f 1264//1910 1270//1910 1263//1910
f 1271//1911 1269//1911 1264//1911
f 1272//1912 1269//1912 1271//1912
f 1272//1913 1271//1913 1249//1913
f 1272//1914 1249//1914 1273//1914
f 1273//1915 1249//1915 1250//1915
f 1273//1916 1250//1916 1274//1916
f 1274//1917 1250//1917 1275//1917
f 1235//1918 1274//1918 1275//1918
f 1276//1918 1274//1918 1235//1918
f 1236//1919 1276//1919 1235//1919
f 1277//1920 1276//1920 1236//1920
f 1278//1921 1277//1921 1236//1921
f 1279//1922 1277//1922 1278//1922
f 1279//1923 1278//1923 1280//1923
f 1279//1924 1280//1924 1281//1924
f 1281//1925 1280//1925 1224//1925
f 1281//1926 1224//1926 1282//1926
f 1282//1927 1224//1927 1212//1927
f 1213//1928 1282//1928 1212//1928
f 1283//1928 1282//1928 1213//1928
f 1201//1929 1283//1929 1213//1929
f 1284//1930 1283//1930 1201//1930
f 1192//1931 1284//1931 1201//1931
f 1285//1932 1284//1932 1192//1932
f 1285//1933 1192//1933 1181//1933
f 1285//1934 1181//1934 1286//1934
f 1286//1935 1181//1935 1182//1935
f 1286//1936 1182//1936 1287//1936
f 1287//1937 1182//1937 1288//1937
f 1289//1938 1287//1938 1288//1938
f 1290//1938 1287//1938 1289//1938
f 1169//1939 1290//1939 1289//1939
f 1291//1940 1290//1940 1169//1940
f 1160//1941 1291//1941 1169//1941
f 1292//1942 1291//1942 1160//1942
f 1292//1943 1160//1943 1149//1943
f 1292//1944 1149//1944 1293//1944
f 1293//1945 1149//1945 1150//1945
f 1293//1946 1150//1946 1294//1946
f 1294//1947 1150//1947 1295//1947
f 1263//1948 1294//1948 1295//1948
f 1270//1948 1294//1948 1263//1948
f 1287//1949 1290//1949 1296//1949
f 1297//1950 1287//1950 1296//1950
f 1286//1951 1287//1951 1297//1951
f 1298//1952 1286//1952 1297//1952
f 1285//1953 1286//1953 1298//1953
f 1299//1954 1285//1954 1298//1954
f 1284//1955 1285//1955 1299//1955
f 1300//1956 1284//1956 1299//1956
f 1283//1957 1284//1957 1300//1957
f 1301//1958 1283//1958 1300//1958
f 1282//1959 1283//1959 1301//1959
f 1302//1960 1282//1960 1301//1960
f 1281//1961 1282//1961 1302//1961
f 1303//1962 1281//1962 1302//1962
f 1279//1962 1281//1962 1303//1962
f 1304//1963 1279//1963 1303//1963
f 1277//1963 1279//1963 1304//1963
f 1305//1964 1277//1964 1304//1964
f 1276//1965 1277//1965 1305//1965
f 1306//1966 1276//1966 1305//1966
f 1274//1967 1276//1967 1306//1967
f 1307//1968 1274//1968 1306//1968
f 1273//1969 1274//1969 1307//1969
f 1308//1970 1273//1970 1307//1970
f 1272//1970 1273//1970 1308//1970
f 1309//1971 1272//1971 1308//1971
f 1269//1971 1272//1971 1309//1971
f 1310//1972 1269//1972 1309//1972
f 1270//1973 1269//1973 1310//1973
f 1311//1974 1270//1974 1310//1974
f 1294//1975 1270//1975 1311//1975
f 1312//1976 1294//1976 1311//1976
f 1293//1977 1294//1977 1312//1977
f 1313//1978 1293//1978 1312//1978
f 1292//1979 1293//1979 1313//1979
f 1314//1980 1292//1980 1313//1980
f 1291//1981 1292//1981 1314//1981
f 1315//1982 1291//1982 1314//1982
f 1290//1983 1291//1983 1315//1983
f 1296//1949 1290//1949 1315//1949
f 1316//1984 1317//1984 1318//1984
f 1318//1985 1317//1985 1319//1985
f 1317//1986 1255//1986 1319//1986
f 1319//1987 1255//1987 1257//1987
f 1318//1988 1319//1988 1320//1988
f 1319//1989 1257//1989 1320//1989
f 1320//1990 1257//1990 1261//1990
f 1295//1991 1320//1991 1263//1991
f 1320//1992 1261//1992 1263//1992
f 1321//1993 1317//1993 1316//1993
f 1322//1994 1317//1994 1321//1994
f 1322//1995 1255//1995 1317//1995
f 1322//1996 1321//1996 1323//1996
f 1266//1997 1322//1997 1323//1997
f 1265//1998 1322//1998 1266//1998
f 1265//1999 1255//1999 1322//1999
f 1144//2000 1324//2000 1145//2000
f 1145//2001 1324//2001 1325//2001
f 1324//2002 1316//2002 1325//2002
f 1325//2003 1316//2003 1318//2003
f 1145//2004 1325//2004 1148//2004
f 1325//2005 1318//2005 1148//2005
f 1148//2006 1318//2006 1320//2006
f 1150//2007 1148//2007 1295//2007
f 1148//2008 1320//2008 1295//2008
f 1153//2009 1324//2009 1144//2009
f 1321//2010 1324//2010 1153//2010
f 1321//2011 1316//2011 1324//2011
f 1321//2012 1153//2012 1154//2012
f 1323//2013 1321//2013 1154//2013
f 1326//2014 1327//2014 1328//2014
f 1328//2015 1327//2015 1329//2015
f 1327//2016 1164//2016 1329//2016
f 1329//2017 1164//2017 1166//2017
f 1328//2018 1329//2018 1330//2018
f 1330//2019 1329//2019 1331//2019
f 1329//2020 1166//2020 1331//2020
f 1331//2021 1166//2021 1168//2021
f 1331//2022 1289//2022 1330//2022
f 1289//2023 1331//2023 1169//2023
f 1331//2024 1168//2024 1169//2024
f 1332//2025 1327//2025 1326//2025
f 1332//2026 1164//2026 1327//2026
f 1332//2027 1333//2027 1170//2027
f 1170//2028 1164//2028 1332//2028
f 1170//2029 1333//2029 1171//2029
f 1334//2030 1335//2030 1336//2030
f 1336//2031 1335//2031 1337//2031
f 1335//2032 1326//2032 1337//2032
f 1337//2033 1326//2033 1328//2033
f 1336//2034 1337//2034 1338//2034
f 1338//2035 1337//2035 1330//2035
f 1337//2036 1328//2036 1330//2036
f 1330//2037 1288//2037 1338//2037
f 1288//2038 1330//2038 1289//2038
f 1339//2039 1335//2039 1334//2039
f 1340//2040 1335//2040 1339//2040
f 1340//2041 1326//2041 1335//2041
f 1340//2042 1339//2042 1341//2042
f 1333//2043 1340//2043 1341//2043
f 1332//2044 1340//2044 1333//2044
f 1332//2045 1326//2045 1340//2045
f 1176//2046 1342//2046 1177//2046
f 1177//2047 1342//2047 1343//2047
f 1342//2048 1334//2048 1343//2048
f 1343//2049 1334//2049 1336//2049
f 1177//2050 1343//2050 1180//2050
f 1343//2051 1336//2051 1180//2051
f 1180//2052 1336//2052 1338//2052
f 1182//2053 1180//2053 1288//2053
f 1180//2054 1338//2054 1288//2054
f 1185//2055 1342//2055 1176//2055
f 1339//2056 1342//2056 1185//2056
f 1339//2057 1334//2057 1342//2057
f 1339//2058 1185//2058 1186//2058
f 1341//2059 1339//2059 1186//2059
f 1208//2060 1344//2060 1209//2060
f 1209//2061 1344//2061 1345//2061
f 1344//2062 1196//2062 1345//2062
f 1345//2063 1196//2063 1198//2063
f 1209//2064 1345//2064 1211//2064
f 1345//2065 1198//2065 1211//2065
f 1211//2066 1198//2066 1200//2066
f 1213//2067 1211//2067 1201//2067
f 1211//2068 1200//2068 1201//2068
f 1218//2069 1196//2069 1344//2069
f 1202//2070 1196//2070 1218//2070
f 1218//2071 1346//2071 1202//2071
f 1218//2072 1344//2072 1208//2072
f 1346//2073 1218//2073 1216//2073
f 1202//2074 1346//2074 1203//2074
f 1347//2075 1348//2075 1349//2075
f 1349//2076 1348//2076 1350//2076
f 1348//2077 1219//2077 1350//2077
f 1350//2078 1219//2078 1221//2078
f 1349//2079 1350//2079 1351//2079
f 1351//2080 1350//2080 1352//2080
f 1350//2081 1221//2081 1352//2081
f 1352//2082 1221//2082 1223//2082
f 1352//2083 1280//2083 1351//2083
f 1280//2084 1352//2084 1224//2084
f 1352//2085 1223//2085 1224//2085
f 1353//2086 1348//2086 1347//2086
f 1353//2087 1219//2087 1348//2087
f 1353//2088 1354//2088 1225//2088
f 1225//2089 1219//2089 1353//2089
f 1225//2090 1354//2090 1226//2090
f 1355//2091 1356//2091 1357//2091
f 1357//2092 1356//2092 1358//2092
f 1356//2093 1347//2093 1358//2093
f 1358//2094 1347//2094 1349//2094
f 1357//2095 1358//2095 1359//2095
f 1359//2096 1358//2096 1351//2096
f 1358//2097 1349//2097 1351//2097
f 1351//2098 1278//2098 1359//2098
f 1278//2099 1351//2099 1280//2099
f 1360//2100 1356//2100 1355//2100
f 1361//2101 1356//2101 1360//2101
f 1361//2102 1347//2102 1356//2102
f 1361//2103 1360//2103 1362//2103
f 1354//2104 1361//2104 1362//2104
f 1353//2105 1361//2105 1354//2105
f 1353//2106 1347//2106 1361//2106
f 1231//2107 1363//2107 1232//2107
f 1232//2108 1363//2108 1364//2108
f 1363//2109 1355//2109 1364//2109
f 1364//2110 1355//2110 1357//2110
f 1232//2111 1364//2111 1234//2111
f 1234//2112 1364//2112 1359//2112
f 1364//2113 1357//2113 1359//2113
f 1359//2114 1236//2114 1234//2114
f 1236//2115 1359//2115 1278//2115
f 1239//2116 1363//2116 1231//2116
f 1360//2117 1363//2117 1239//2117
f 1360//2118 1355//2118 1363//2118
f 1360//2119 1239//2119 1240//2119
f 1362//2120 1360//2120 1240//2120
f 1365//2121 1366//2121 1367//2121
f 1367//2122 1366//2122 1368//2122
f 1366//2123 1227//2123 1368//2123
f 1368//2124 1227//2124 1229//2124
f 1367//2125 1368//2125 1369//2125
f 1369//2126 1368//2126 1233//2126
f 1368//2127 1229//2127 1233//2127
f 1233//2128 1275//2128 1369//2128
f 1275//2129 1233//2129 1235//2129
f 1370//2130 1366//2130 1365//2130
f 1371//2131 1366//2131 1370//2131
f 1371//2132 1227//2132 1366//2132
f 1371//2133 1370//2133 1372//2133
f 1238//2134 1371//2134 1372//2134
f 1237//2135 1371//2135 1238//2135
f 1237//2136 1227//2136 1371//2136
f 1245//2137 1373//2137 1246//2137
f 1246//2138 1373//2138 1374//2138
f 1373//2139 1365//2139 1374//2139
f 1374//2140 1365//2140 1367//2140
f 1246//2141 1374//2141 1248//2141
f 1248//2142 1374//2142 1369//2142
f 1374//2143 1367//2143 1369//2143
f 1369//2144 1250//2144 1248//2144
f 1250//2145 1369//2145 1275//2145
f 1253//2146 1373//2146 1245//2146
f 1370//2147 1373//2147 1253//2147
f 1370//2148 1365//2148 1373//2148
f 1370//2149 1253//2149 1254//2149
f 1372//2150 1370//2150 1254//2150
f 1375//2151 1376//2151 1377//2151
f 1377//2152 1376//2152 1378//2152
f 1376//2153 1241//2153 1378//2153
f 1378//2154 1241//2154 1243//2154
f 1377//2155 1378//2155 1379//2155
f 1379//2156 1378//2156 1247//2156
f 1378//2157 1243//2157 1247//2157
f 1247//2158 1271//2158 1379//2158
f 1271//2159 1247//2159 1249//2159
f 1380//2160 1376//2160 1375//2160
f 1381//2161 1376//2161 1380//2161
f 1381//2162 1241//2162 1376//2162
f 1381//2163 1380//2163 1382//2163
f 1252//2164 1381//2164 1382//2164
f 1251//2165 1381//2165 1252//2165
f 1251//2166 1241//2166 1381//2166
f 1259//2167 1383//2167 1260//2167
f 1260//2168 1383//2168 1384//2168
f 1383//2169 1375//2169 1384//2169
f 1384//2170 1375//2170 1377//2170
f 1260//2171 1384//2171 1262//2171
f 1262//2172 1384//2172 1379//2172
f 1384//2173 1377//2173 1379//2173
f 1379//2174 1264//2174 1262//2174
f 1264//2175 1379//2175 1271//2175
f 1267//2176 1383//2176 1259//2176
f 1380//2177 1383//2177 1267//2177
f 1380//2178 1375//2178 1383//2178
f 1380//2179 1267//2179 1268//2179
f 1382//2180 1380//2180 1268//2180
f 1387//2181 1385//2181 1386//2181
f 1387//2182 1388//2182 1385//2182
f 1390//2183 1387//2183 1389//2183
f 1391//2184 1387//2184 1390//2184
f 1391//2185 1388//2185 1387//2185
f 1392//2186 1388//2186 1391//2186
f 1393//2187 1392//2187 1391//2187
f 1394//2188 1392//2188 1393//2188
f 1394//2189 1395//2189 1392//2189
f 1397//2190 1394//2190 1396//2190
f 1397//2191 1395//2191 1394//2191
f 1398//2192 1395//2192 1397//2192
f 1400//2193 1399//2193 1393//2193
f 1391//2194 1400//2194 1393//2194
f 1401//2195 1400//2195 1391//2195
f 1390//2196 1401//2196 1391//2196
f 1396//2197 1402//2197 1397//2197
f 1403//2198 1389//2198 1386//2198
f 1403//2199 1386//2199 1404//2199
f 1405//2200 1404//2200 1386//2200
f 1386//2201 1385//2201 1405//2201
f 1406//2202 1404//2202 1405//2202
f 1389//2203 1387//2203 1386//2203
f 1407//2204 1405//2204 1385//2204
f 1408//2205 1405//2205 1407//2205
f 1410//2206 1408//2206 1409//2206
f 1406//2207 1405//2207 1410//2207
f 1410//2208 1405//2208 1408//2208
f 1411//2209 1409//2209 1408//2209
f 1412//2210 1409//2210 1411//2210
f 1412//2211 1411//2211 1413//2211
f 1413//2212 1411//2212 1414//2212
f 1414//2213 1411//2213 1415//2213
f 1416//2214 1414//2214 1415//2214
f 1417//2215 1414//2215 1416//2215
f 1418//2216 1417//2216 1416//2216
f 1418//2217 1416//2217 1419//2217
f 1420//2218 1414//2218 1417//2218
f 1418//2219 1420//2219 1417//2219
f 1421//2220 1420//2220 1418//2220
f 1422//2221 1421//2221 1418//2221
f 1423//2222 1422//2222 1418//2222
f 1423//2223 1418//2223 1419//2223
f 1424//2224 1422//2224 1423//2224
f 1424//2225 1423//2225 1425//2225
f 1423//2226 1419//2226 1425//2226
f 1425//2227 1419//2227 1426//2227
f 1427//2228 1414//2228 1420//2228
f 1427//2229 1413//2229 1414//2229
f 1428//2230 1424//2230 1425//2230
f 1429//2231 1428//2231 1425//2231
f 1429//2232 1425//2232 1430//2232
f 1430//2233 1425//2233 1431//2233
f 1425//2234 1426//2234 1431//2234
f 1430//2235 1431//2235 1432//2235
f 1431//2236 1426//2236 1433//2236
f 1431//2237 1433//2237 1434//2237
f 1433//2238 1435//2238 1434//2238
f 1434//2239 1435//2239 1436//2239
f 1434//2240 1436//2240 1437//2240
f 1437//2241 1436//2241 1438//2241
f 1432//2242 1431//2242 1439//2242
f 1439//2243 1431//2243 1434//2243
f 1437//2244 1440//2244 1434//2244
f 1440//2245 1439//2245 1434//2245
f 1436//2246 1435//2246 1441//2246
f 1442//2247 1438//2247 1443//2247
f 1443//2248 1444//2248 1442//2248
f 1444//2249 1443//2249 1445//2249
f 1443//2250 1441//2250 1445//2250
f 1444//2251 1445//2251 1446//2251
f 1447//2252 1446//2252 1445//2252
f 1447//2253 1445//2253 1448//2253
f 1448//2254 1445//2254 1441//2254
f 1449//2255 1446//2255 1447//2255
f 1450//2256 1449//2256 1447//2256
f 1451//2257 1450//2257 1447//2257
f 1452//2258 1451//2258 1453//2258
f 1451//2259 1447//2259 1453//2259
f 1452//2260 1453//2260 1455//2260
f 1453//2261 1454//2261 1455//2261
f 1456//2262 1455//2262 1454//2262
f 1457//2263 1455//2263 1456//2263
f 1458//2264 1457//2264 1456//2264
f 1459//2265 1457//2265 1458//2265
f 1460//2266 1459//2266 1458//2266
f 1460//2267 1458//2267 1397//2267
f 1458//2268 1398//2268 1397//2268
f 1462//2269 1457//2269 1461//2269
f 1462//2270 1455//2270 1457//2270
f 1463//2271 1455//2271 1462//2271
f 1463//2272 1452//2272 1455//2272
f 1461//2273 1457//2273 1459//2273
f 1402//2274 1460//2274 1397//2274
f 1362//2275 1398//2275 1354//2275
f 1398//2276 1362//2276 1395//2276
f 1362//2277 1240//2277 1395//2277
f 1395//2278 1240//2278 1392//2278
f 1238//2279 1392//2279 1240//2279
f 1372//2280 1392//2280 1238//2280
f 1392//2281 1372//2281 1388//2281
f 1372//2282 1254//2282 1388//2282
f 1388//2283 1254//2283 1385//2283
f 1252//2284 1385//2284 1254//2284
f 1382//2285 1385//2285 1252//2285
f 1385//2286 1382//2286 1407//2286
f 1382//2287 1268//2287 1407//2287
f 1407//2288 1415//2288 1408//2288
f 1411//2289 1408//2289 1415//2289
f 1407//2290 1268//2290 1415//2290
f 1266//2291 1415//2291 1268//2291
f 1323//2292 1415//2292 1266//2292
f 1415//2293 1323//2293 1416//2293
f 1323//2294 1154//2294 1416//2294
f 1416//2295 1154//2295 1419//2295
f 1152//2296 1419//2296 1154//2296
f 1152//2297 1426//2297 1419//2297
f 1163//2298 1426//2298 1152//2298
f 1163//2299 1171//2299 1426//2299
f 1171//2300 1433//2300 1426//2300
f 1333//2301 1433//2301 1171//2301
f 1341//2302 1433//2302 1333//2302
f 1433//2303 1341//2303 1435//2303
f 1341//2304 1186//2304 1435//2304
f 1435//2305 1186//2305 1441//2305
f 1184//2306 1441//2306 1186//2306
f 1195//2307 1441//2307 1184//2307
f 1441//2308 1195//2308 1448//2308
f 1195//2309 1203//2309 1448//2309
f 1453//2310 1447//2310 1448//2310
f 1453//2311 1448//2311 1454//2311
f 1203//2312 1454//2312 1448//2312
f 1346//2313 1454//2313 1203//2313
f 1216//2314 1454//2314 1346//2314
f 1216//2315 1217//2315 1454//2315
f 1454//2316 1217//2316 1456//2316
f 1217//2317 1226//2317 1456//2317
f 1226//2318 1458//2318 1456//2318
f 1354//2319 1458//2319 1226//2319
f 1354//2320 1398//2320 1458//2320
f 1399//2321 1464//2321 1393//2321
f 1393//2322 1464//2322 1394//2322
f 1464//2323 1396//2323 1394//2323
f 1438//2324 1436//2324 1443//2324
f 1436//2325 1441//2325 1443//2325
