# Blender 5.1.0
# www.blender.org
mtllib es6_tire_FL.mtl
o es6_tire_FL
v 0.840786 0.421927 1.412118
v 0.840892 0.421140 1.401399
v 0.841853 0.421377 1.401101
v 0.840805 0.427160 1.412075
v 0.841015 0.427091 1.392381
v 0.841071 0.422111 1.392411
v 0.840887 0.412191 1.402997
v 0.840743 0.411635 1.412085
v 0.840749 0.406395 1.412000
v 0.841718 0.406312 1.411692
v 0.841019 0.406488 1.392428
v 0.841021 0.411483 1.392437
v 0.841014 0.397954 1.392358
v 0.841015 0.402748 1.392514
v 0.840778 0.403114 1.411940
v 0.840782 0.397883 1.411969
v 0.840807 0.375620 1.409144
v 0.840908 0.373559 1.399345
v 0.840866 0.378946 1.402694
v 0.840831 0.381740 1.407187
v 0.840709 0.383292 1.413122
v 0.840794 0.387101 1.407375
v 0.840842 0.390715 1.411499
v 0.840970 0.381967 1.397418
v 0.841937 0.378242 1.392975
v 0.841017 0.381138 1.391976
v 0.840938 0.387436 1.397616
v 0.841026 0.387503 1.392052
v 0.840949 0.393779 1.396197
v 0.840894 0.390172 1.402780
v 0.840832 0.395053 1.406350
v 0.841720 0.411749 1.411797
v 0.871417 0.382968 1.555941
v 0.870770 0.382989 1.556170
v 0.867622 0.382917 1.573148
v 0.867636 0.374207 1.572175
v 0.867623 0.357773 1.561792
v 0.868401 0.351376 1.546918
v 0.868369 0.363410 1.566504
v 0.867619 0.350284 1.537745
v 0.871353 0.373402 1.552133
v 0.870812 0.368358 1.541906
v 0.871464 0.373338 1.529796
v 0.870782 0.374675 1.552737
v 0.867635 0.356606 1.522134
v 0.867659 0.369094 1.511223
v 0.867618 0.382930 1.508632
v 0.869492 0.383110 1.517787
v 0.870785 0.382804 1.526191
v 0.870782 0.373543 1.529842
v 0.871724 0.394331 1.541190
v 0.867739 0.410545 1.557759
v 0.871090 0.394725 1.540122
v 0.867732 0.405015 1.516888
v 0.867722 0.410507 1.524169
v 0.867735 0.397665 1.512245
v 0.871008 0.384100 1.525298
v 0.870821 0.383099 1.526866
v 0.871679 0.383149 1.540962
v 0.870214 0.401434 1.533372
v 0.870821 0.383099 1.555058
v 0.871017 0.384093 1.556616
v 0.867733 0.405012 1.565030
v 0.870638 0.398779 1.546289
v 0.867734 0.397667 1.569672
v 0.896483 0.096979 1.519471
v 0.878369 0.336245 1.530158
v 0.897137 0.312992 1.300113
v 0.896310 0.272494 1.285345
v 0.896192 0.305294 1.265413
v 0.896616 0.315319 1.263039
v 0.878516 0.379136 1.493104
v 0.896616 0.626449 1.390815
v 0.878465 0.427415 1.522853
v 0.896309 0.622592 1.682992
v 0.896255 0.606548 1.717440
v 0.878255 0.415954 1.575931
v 0.879463 0.416032 1.580632
v 0.892471 0.473410 1.617467
v 0.879572 0.422381 1.575817
v 0.895274 0.482462 1.647462
v 0.897487 0.534726 1.669565
v 0.897212 0.538392 1.706355
v 0.896179 0.567152 1.760905
v 0.896213 0.601317 1.726272
v 0.896108 0.537190 1.774106
v 0.896142 0.508473 1.799414
v 0.896451 0.542144 1.764102
v 0.897042 0.541319 1.734157
v 0.896412 0.511379 1.789027
v 0.896371 0.493439 1.797527
v 0.896142 0.451043 1.819412
v 0.896498 0.417906 1.819414
v 0.896144 0.403202 1.827175
v 0.897136 0.297922 1.777072
v 0.896355 0.321958 1.812869
v 0.896169 0.283688 1.809649
v 0.896145 0.333463 1.824039
v 0.878706 0.357094 1.581864
v 0.896144 0.117045 1.648640
v 0.896411 0.112812 1.612409
v 0.896145 0.098507 1.581399
v 0.896371 0.105477 1.567787
v 0.896366 0.107037 1.564251
v 0.896198 0.096808 1.529726
v 0.897146 0.132176 1.533126
v 0.896220 0.144511 1.394601
v 0.896142 0.129565 1.405721
v 0.896142 0.164314 1.355761
v 0.896425 0.185909 1.342105
v 0.896112 0.121159 1.443157
v 0.896179 0.108277 1.459422
v 0.896195 0.123577 1.454682
v 0.897201 0.159551 1.498415
v 0.896282 0.223962 1.529306
v 0.896288 0.222894 1.510839
v 0.886420 0.301397 1.523526
v 0.886344 0.298513 1.535018
v 0.880129 0.327559 1.536994
v 0.880952 0.324360 1.537107
v 0.896144 0.198424 1.321427
v 0.896408 0.239418 1.301008
v 0.896146 0.256630 1.283019
v 0.896144 0.534838 1.297723
v 0.896425 0.511295 1.292199
v 0.896142 0.491706 1.275906
v 0.896220 0.448582 1.269036
v 0.896141 0.442917 1.260521
v 0.896142 0.393268 1.254663
v 0.896102 0.395159 1.261831
v 0.896176 0.345816 1.256698
v 0.896197 0.384933 1.267674
v 0.897199 0.354458 1.315391
v 0.896281 0.344979 1.386228
v 0.896288 0.362216 1.379492
v 0.888077 0.372837 1.447495
v 0.880918 0.369114 1.486074
v 0.896408 0.566938 1.330414
v 0.896145 0.589341 1.341212
v 0.896355 0.592052 1.356971
v 0.896178 0.621115 1.382067
v 0.897145 0.590471 1.400050
v 0.896144 0.661302 1.610278
v 0.896389 0.649657 1.628896
v 0.896237 0.663219 1.541156
v 0.896142 0.668707 1.562538
v 0.896141 0.668267 1.511425
v 0.896374 0.654717 1.476898
v 0.896142 0.658506 1.462414
v 0.896453 0.650414 1.461230
v 0.896176 0.641907 1.417904
v 0.897202 0.588725 1.444224
v 0.896179 0.517403 1.457734
v 0.896390 0.531311 1.470796
v 0.887940 0.467772 1.502922
v 0.886905 0.457720 1.494451
v 0.880263 0.429900 1.511484
v 0.896155 0.641573 1.665061
v 0.896202 0.617309 1.702817
v 0.897146 0.581165 1.694845
v 0.896252 0.377632 1.820196
v 0.888496 0.346646 1.630409
v 0.880091 0.362328 1.591990
v 0.889919 0.330376 1.634056
v 0.896503 0.301543 1.690493
v 0.896373 0.321263 1.691763
v 0.896697 0.274153 1.805680
v 0.897351 0.276228 1.738761
v 0.896270 0.229416 1.780864
v 0.896156 0.263477 1.801189
v 0.896144 0.193852 1.756492
v 0.896110 0.208952 1.759761
v 0.896197 0.220668 1.761027
v 0.896222 0.169912 1.722468
v 0.896142 0.150241 1.709488
v 0.896425 0.132829 1.666912
v 0.896597 0.160777 1.685240
v 0.896915 0.155324 1.676442
v 0.897432 0.225571 1.661171
v 0.897478 0.221933 1.667738
v 0.897272 0.218380 1.429167
v 0.897296 0.216437 1.429014
v 0.896966 0.212539 1.426814
v 0.897221 0.219467 1.428651
v 0.896833 0.177410 1.374729
v 0.896915 0.183872 1.366426
v 0.896853 0.177610 1.372877
v 0.896863 0.177614 1.372863
v 0.896596 0.477933 1.293866
v 0.896915 0.487523 1.297778
v 0.897323 0.440964 1.350931
v 0.897261 0.439095 1.343588
v 0.897262 0.439349 1.350777
v 0.897229 0.438650 1.350246
v 0.896912 0.646650 1.565364
v 0.896596 0.647410 1.555028
v 0.897433 0.580851 1.536417
v 0.897478 0.587666 1.533252
v 0.896596 0.451398 1.796916
v 0.896915 0.441338 1.799382
v 0.897478 0.453645 1.733358
v 0.897433 0.448530 1.727856
v 0.894099 0.109826 1.567050
v 0.894806 0.135972 1.565915
v 0.875130 0.328494 1.515235
v 0.872320 0.339738 1.519720
v 0.876752 0.321013 1.521865
v 0.872108 0.339343 1.525508
v 0.876750 0.320557 1.503489
v 0.835522 0.325209 1.512741
v 0.835522 0.339109 1.519645
v 0.877347 0.324430 1.485318
v 0.835522 0.333973 1.478684
v 0.835522 0.320549 1.493956
v 0.835522 0.324550 1.485548
v 0.835522 0.353810 1.516175
v 0.869460 0.354433 1.515630
v 0.869076 0.356370 1.518436
v 0.868892 0.348162 1.538641
v 0.871100 0.341852 1.531193
v 0.873752 0.329972 1.541843
v 0.888165 0.262691 1.536643
v 0.880871 0.290193 1.560578
v 0.893957 0.210554 1.531896
v 0.894768 0.151745 1.526936
v 0.893830 0.097294 1.522280
v 0.893690 0.201548 1.563469
v 0.894628 0.135767 1.532668
v 0.893763 0.096921 1.526822
v 0.894032 0.103656 1.474112
v 0.894032 0.097520 1.519567
v 0.894032 0.132225 1.400834
v 0.894032 0.180868 1.336833
v 0.889921 0.360875 1.326185
v 0.890028 0.361645 1.319475
v 0.890202 0.363910 1.313117
v 0.891236 0.376037 1.291250
v 0.891959 0.388254 1.271684
v 0.895873 0.654363 1.473366
v 0.891755 0.644910 1.466180
v 0.891924 0.647345 1.471044
v 0.891957 0.640735 1.462848
v 0.891235 0.618372 1.457287
v 0.890202 0.593829 1.452507
v 0.890024 0.587190 1.452302
v 0.889922 0.580466 1.453663
v 0.891329 0.539342 1.473840
v 0.888169 0.507810 1.489311
v 0.876759 0.444355 1.520144
v 0.883185 0.476338 1.504780
v 0.882082 0.482023 1.524661
v 0.878416 0.470876 1.541559
v 0.879645 0.477231 1.538525
v 0.872107 0.427334 1.527985
v 0.875226 0.442662 1.529914
v 0.872426 0.430857 1.532639
v 0.876454 0.452638 1.532971
v 0.877238 0.461272 1.542754
v 0.877217 0.462739 1.552944
v 0.877586 0.457922 1.565119
v 0.878831 0.466678 1.570360
v 0.848827 0.484799 1.556365
v 0.849670 0.483546 1.566309
v 0.849700 0.486407 1.547569
v 0.854974 0.492521 1.544402
v 0.861112 0.505289 1.544057
v 0.865712 0.524709 1.544137
v 0.869515 0.552009 1.544792
v 0.889178 0.545813 1.540252
v 0.890432 0.547079 1.526547
v 0.891482 0.557379 1.528517
v 0.891027 0.565252 1.544191
v 0.892262 0.567349 1.531417
v 0.892442 0.576999 1.535267
v 0.892865 0.630932 1.565958
v 0.887620 0.642412 1.586265
v 0.891637 0.654110 1.579169
v 0.871272 0.569409 1.550097
v 0.872312 0.590019 1.560477
v 0.872252 0.605489 1.568707
v 0.870812 0.622519 1.578067
v 0.886687 0.645494 1.589134
v 0.881681 0.640109 1.588920
v 0.869244 0.631065 1.584455
v 0.889924 0.527084 1.701890
v 0.890026 0.530443 1.707854
v 0.890202 0.532309 1.714247
v 0.891234 0.535347 1.739089
v 0.897042 0.541319 1.734147
v 0.891954 0.536977 1.762042
v 0.891754 0.215004 1.755586
v 0.895657 0.124120 1.449644
v 0.896163 0.185021 1.484707
v 0.895914 0.173684 1.374195
v 0.894620 0.224732 1.505050
v 0.888924 0.277485 1.514207
v 0.896216 0.219519 1.432395
v 0.882335 0.315833 1.519563
v 0.884213 0.305141 1.484524
v 0.896349 0.210983 1.429605
v 0.895618 0.143941 1.403893
v 0.895659 0.185516 1.349085
v 0.895815 0.184943 1.363044
v 0.885521 0.210428 1.344592
v 0.896447 0.230199 1.426622
v 0.889198 0.246872 1.418145
v 0.896336 0.223161 1.427040
v 0.894166 0.180852 1.364614
v 0.894126 0.175216 1.371950
v 0.894236 0.175123 1.377022
v 0.894202 0.185533 1.364067
v 0.894668 0.222799 1.427384
v 0.894676 0.219274 1.431650
v 0.895292 0.210681 1.429331
v 0.894242 0.175160 1.377107
v 0.880745 0.315891 1.519466
v 0.887584 0.276023 1.513959
v 0.891652 0.240400 1.507817
v 0.892968 0.220663 1.504305
v 0.893052 0.200870 1.500817
v 0.893204 0.166448 1.494035
v 0.891610 0.165627 1.493568
v 0.893951 0.126933 1.453354
v 0.894032 0.151269 1.391225
v 0.894044 0.185905 1.349059
v 0.884950 0.207527 1.344447
v 0.883812 0.211562 1.346248
v 0.885787 0.223606 1.373656
v 0.887474 0.242357 1.410337
v 0.887080 0.253569 1.426019
v 0.882553 0.305262 1.484671
v 0.895657 0.389920 1.266667
v 0.893204 0.360790 1.320636
v 0.893951 0.387265 1.270485
v 0.891610 0.360979 1.319712
v 0.893052 0.364969 1.355467
v 0.894768 0.367454 1.373103
v 0.892968 0.367766 1.375370
v 0.891652 0.370530 1.395227
v 0.890835 0.373961 1.419053
v 0.887585 0.375696 1.430995
v 0.880746 0.382779 1.470627
v 0.882335 0.382667 1.470601
v 0.884214 0.412693 1.449598
v 0.882554 0.412602 1.449747
v 0.887074 0.452304 1.382616
v 0.895713 0.440899 1.367648
v 0.889198 0.457807 1.373679
v 0.896216 0.435809 1.352069
v 0.895798 0.504131 1.294092
v 0.885520 0.516502 1.316293
v 0.895817 0.491080 1.297749
v 0.896408 0.442026 1.353881
v 0.896349 0.435824 1.343083
v 0.895938 0.475451 1.291907
v 0.896163 0.375398 1.335422
v 0.895624 0.455398 1.274371
v 0.894043 0.504632 1.294378
v 0.894037 0.465721 1.278235
v 0.894013 0.395918 1.265686
v 0.887473 0.463668 1.367173
v 0.885804 0.492733 1.337999
v 0.883812 0.515281 1.317873
v 0.884947 0.515745 1.313495
v 0.894223 0.489753 1.299415
v 0.894667 0.441588 1.353637
v 0.894676 0.436435 1.351600
v 0.894786 0.435838 1.343240
v 0.894232 0.475240 1.292234
v 0.894960 0.480138 1.290937
v 0.894136 0.488184 1.294579
v 0.895657 0.646078 1.462914
v 0.896163 0.576188 1.470351
v 0.893204 0.585725 1.451892
v 0.894768 0.537918 1.474439
v 0.895621 0.658997 1.527663
v 0.895938 0.648491 1.552048
v 0.896349 0.587581 1.530187
v 0.896216 0.579039 1.532947
v 0.895712 0.565777 1.542596
v 0.890836 0.496225 1.494823
v 0.884214 0.479137 1.541103
v 0.882336 0.449889 1.519041
v 0.880745 0.449899 1.519152
v 0.882554 0.478960 1.541059
v 0.887580 0.485364 1.500180
v 0.889197 0.565269 1.560545
v 0.887079 0.555227 1.558113
v 0.887475 0.573523 1.564212
v 0.885790 0.610210 1.582844
v 0.885520 0.638000 1.598637
v 0.895800 0.655289 1.580007
v 0.883812 0.636114 1.597965
v 0.895815 0.647780 1.568723
v 0.896408 0.579236 1.539423
v 0.894231 0.648105 1.551943
v 0.894850 0.587440 1.530765
v 0.894678 0.579673 1.533412
v 0.895488 0.578958 1.539371
v 0.894246 0.646445 1.568074
v 0.894136 0.649900 1.564993
v 0.894959 0.650882 1.556204
v 0.884945 0.640421 1.597060
v 0.894046 0.655321 1.580666
v 0.894029 0.657417 1.516653
v 0.894012 0.647821 1.466689
v 0.891652 0.517819 1.484207
v 0.892968 0.535849 1.475445
v 0.893052 0.553909 1.466627
v 0.891610 0.586681 1.451784
v 0.893952 0.641642 1.461574
v 0.895656 0.538598 1.767174
v 0.896163 0.509935 1.703034
v 0.895623 0.482612 1.798726
v 0.895949 0.454565 1.797036
v 0.893203 0.530443 1.706398
v 0.888919 0.452442 1.624779
v 0.882335 0.424590 1.597929
v 0.895701 0.437967 1.715440
v 0.896216 0.451269 1.725063
v 0.896349 0.456543 1.732338
v 0.895785 0.430059 1.812176
v 0.895817 0.438482 1.801503
v 0.885521 0.407020 1.801441
v 0.885787 0.413441 1.770174
v 0.889198 0.420768 1.720507
v 0.887474 0.419830 1.729484
v 0.884214 0.412643 1.632574
v 0.887080 0.419980 1.710206
v 0.894012 0.535565 1.769984
v 0.894032 0.482329 1.798473
v 0.894044 0.429489 1.812239
v 0.884949 0.409280 1.803265
v 0.883812 0.407074 1.799438
v 0.891610 0.530830 1.707255
v 0.893951 0.538503 1.762519
v 0.893052 0.506579 1.680667
v 0.894620 0.489760 1.663219
v 0.892968 0.492618 1.666216
v 0.891652 0.478709 1.651777
v 0.887580 0.453490 1.625853
v 0.880746 0.424484 1.597975
v 0.882554 0.412630 1.632392
v 0.896408 0.445176 1.727257
v 0.894959 0.451358 1.800576
v 0.894218 0.454515 1.796709
v 0.894787 0.455933 1.732242
v 0.894678 0.451024 1.725812
v 0.894669 0.445675 1.727197
v 0.894223 0.438579 1.799367
v 0.894135 0.442693 1.802362
v 0.894620 0.299791 1.680409
v 0.888924 0.324803 1.633079
v 0.896163 0.268161 1.711902
v 0.882335 0.341742 1.598255
v 0.895657 0.216009 1.758979
v 0.896216 0.229081 1.662915
v 0.895951 0.161631 1.688288
v 0.895627 0.168723 1.715507
v 0.896349 0.223776 1.670183
v 0.884214 0.305111 1.597600
v 0.895767 0.139740 1.669837
v 0.895816 0.152429 1.674378
v 0.896336 0.225102 1.657801
v 0.894224 0.154490 1.673808
v 0.894141 0.152916 1.678647
v 0.894960 0.157281 1.686317
v 0.894232 0.162001 1.688147
v 0.894845 0.223555 1.669631
v 0.894678 0.228293 1.662922
v 0.894669 0.225315 1.658251
v 0.895554 0.235358 1.646588
v 0.882553 0.305284 1.597531
v 0.889198 0.224013 1.632492
v 0.885519 0.142765 1.644432
v 0.894044 0.139435 1.669138
v 0.894012 0.212393 1.756961
v 0.894032 0.168853 1.715132
v 0.893204 0.271307 1.732430
v 0.893950 0.220428 1.757447
v 0.891610 0.270603 1.733072
v 0.893052 0.288390 1.701807
v 0.892968 0.297819 1.684057
v 0.891652 0.307260 1.666367
v 0.887583 0.324116 1.634388
v 0.880745 0.341667 1.598174
v 0.884948 0.141731 1.647139
v 0.883812 0.144686 1.643872
v 0.885790 0.174529 1.640877
v 0.887475 0.215152 1.634384
v 0.887079 0.233555 1.628562
v 0.865332 0.246010 1.569177
v 0.859974 0.267517 1.569212
v 0.882499 0.126243 1.570738
v 0.869785 0.135776 1.574355
v 0.870622 0.141430 1.572357
v 0.872352 0.166190 1.571297
v 0.870742 0.202730 1.570237
v 0.868232 0.226950 1.569597
v 0.896253 0.105417 1.567482
v 0.869122 0.352138 1.557130
v 0.869488 0.348297 1.557483
v 0.871238 0.339692 1.548931
v 0.873856 0.328243 1.546657
v 0.835522 0.348178 1.557270
v 0.835522 0.340452 1.549394
v 0.835522 0.327986 1.546680
v 0.894032 0.103152 1.604260
v 0.894033 0.095967 1.529662
v 0.894032 0.126298 1.670157
v 0.888151 0.251618 1.509519
v 0.883186 0.286070 1.515484
v 0.882086 0.293147 1.496061
v 0.879226 0.307309 1.489060
v 0.889177 0.250714 1.445953
v 0.890432 0.241630 1.456287
v 0.891482 0.234460 1.448647
v 0.891032 0.237281 1.431314
v 0.892262 0.228090 1.440437
v 0.892442 0.222550 1.431657
v 0.892966 0.196985 1.375116
v 0.887620 0.199596 1.351932
v 0.891640 0.185975 1.350817
v 0.886095 0.199513 1.348031
v 0.881747 0.202697 1.352225
v 0.869245 0.207725 1.360082
v 0.870812 0.210880 1.370267
v 0.872252 0.219160 1.387847
v 0.872312 0.226840 1.403607
v 0.871272 0.237410 1.424117
v 0.869515 0.248370 1.438635
v 0.865712 0.270070 1.455207
v 0.861112 0.285730 1.466697
v 0.854969 0.296268 1.473919
v 0.849698 0.303073 1.474956
v 0.891324 0.217003 1.503503
v 0.889925 0.171781 1.495635
v 0.890028 0.165619 1.492825
v 0.890202 0.160290 1.488717
v 0.891236 0.143238 1.470412
v 0.891956 0.128426 1.452786
v 0.891755 0.127005 1.447622
v 0.891927 0.127892 1.442261
v 0.891808 0.138538 1.418588
v 0.891980 0.153921 1.392003
v 0.891704 0.169334 1.370169
v 0.868767 0.226331 1.342391
v 0.878834 0.297956 1.566530
v 0.876560 0.319526 1.541457
v 0.877576 0.308168 1.565330
v 0.876341 0.316279 1.551313
v 0.835522 0.308419 1.565547
v 0.835522 0.315968 1.551581
v 0.881801 0.123827 1.575224
v 0.881774 0.129970 1.606704
v 0.868855 0.133309 1.578993
v 0.868792 0.136510 1.598307
v 0.868766 0.145644 1.628673
v 0.886097 0.142688 1.655846
v 0.878834 0.332438 1.468095
v 0.878568 0.314740 1.487382
v 0.848828 0.309539 1.468778
v 0.849665 0.316381 1.461497
v 0.855422 0.276416 1.570092
v 0.851993 0.281569 1.572207
v 0.849668 0.286712 1.579751
v 0.891652 0.096918 1.526844
v 0.891703 0.097288 1.522275
v 0.879226 0.409011 1.453051
v 0.878569 0.412907 1.459603
v 0.849701 0.421119 1.444660
v 0.854951 0.419995 1.437898
v 0.848830 0.428986 1.448902
v 0.849665 0.438024 1.453152
v 0.878834 0.436720 1.470467
v 0.877113 0.408403 1.467156
v 0.877526 0.421371 1.469729
v 0.876753 0.382049 1.476208
v 0.876457 0.396816 1.472248
v 0.875229 0.390820 1.480785
v 0.835522 0.396568 1.472458
v 0.835522 0.390788 1.480921
v 0.871501 0.390154 1.495332
v 0.835522 0.408059 1.467202
v 0.835522 0.392153 1.499286
v 0.869480 0.401069 1.507254
v 0.869089 0.396299 1.508775
v 0.872210 0.384286 1.494547
v 0.861112 0.423609 1.425617
v 0.865712 0.429699 1.407167
v 0.869510 0.438736 1.381447
v 0.890372 0.436175 1.377858
v 0.871272 0.449169 1.366497
v 0.890773 0.448123 1.362438
v 0.872312 0.465419 1.350107
v 0.872252 0.478029 1.337937
v 0.887450 0.506000 1.308344
v 0.870812 0.492189 1.324637
v 0.881759 0.506827 1.311268
v 0.869246 0.500893 1.318485
v 0.886090 0.509821 1.306956
v 0.892850 0.484212 1.311931
v 0.891636 0.502993 1.294933
v 0.892469 0.437445 1.354657
v 0.892262 0.430779 1.362687
v 0.891482 0.424929 1.371277
v 0.890432 0.419879 1.380457
v 0.882075 0.397976 1.441747
v 0.883185 0.377312 1.441009
v 0.888178 0.372312 1.406208
v 0.891329 0.367354 1.371485
v 0.871102 0.379592 1.498916
v 0.868892 0.374467 1.507226
v 0.874130 0.365046 1.489918
v 0.888175 0.349958 1.425255
v 0.894797 0.335169 1.360712
v 0.893830 0.312516 1.263578
v 0.893690 0.305559 1.375447
v 0.894820 0.283165 1.314287
v 0.894626 0.314534 1.303374
v 0.894199 0.273366 1.288210
v 0.893763 0.308080 1.264624
v 0.894032 0.438836 1.259273
v 0.894032 0.514705 1.285752
v 0.881739 0.274778 1.305827
v 0.869782 0.274872 1.316258
v 0.870622 0.278530 1.321027
v 0.872346 0.287207 1.344241
v 0.870742 0.299490 1.378677
v 0.868232 0.307580 1.401517
v 0.865332 0.313870 1.419507
v 0.871129 0.361991 1.502837
v 0.835522 0.359635 1.488127
v 0.835522 0.362049 1.502389
v 0.891702 0.479439 1.285093
v 0.892000 0.454148 1.277249
v 0.891809 0.423886 1.270760
v 0.891923 0.398068 1.267952
v 0.891753 0.392693 1.268765
v 0.894032 0.236362 1.294484
v 0.894033 0.305100 1.264594
v 0.880870 0.335705 1.458879
v 0.877553 0.337311 1.477481
v 0.876766 0.350276 1.479821
v 0.874789 0.359259 1.487287
v 0.835522 0.346166 1.478050
v 0.868766 0.523441 1.330685
v 0.868854 0.269682 1.315362
v 0.881890 0.267673 1.306270
v 0.881756 0.242312 1.320773
v 0.868792 0.252330 1.324367
v 0.851991 0.321973 1.454271
v 0.855422 0.322404 1.448712
v 0.859981 0.320485 1.439949
v 0.891652 0.308059 1.264629
v 0.891704 0.312530 1.263569
v 0.894032 0.315170 1.262957
v 0.894032 0.360284 1.254738
v 0.882320 0.453045 1.465955
v 0.865332 0.477189 1.437797
v 0.859982 0.459783 1.450403
v 0.888173 0.482858 1.473893
v 0.894792 0.539636 1.439909
v 0.893690 0.516509 1.416282
v 0.894801 0.567691 1.376111
v 0.894199 0.589543 1.358695
v 0.881713 0.573197 1.365494
v 0.869786 0.563318 1.368822
v 0.870622 0.559919 1.373757
v 0.872342 0.540519 1.389167
v 0.870742 0.511569 1.411497
v 0.868232 0.492359 1.426257
v 0.894629 0.587836 1.402533
v 0.893762 0.622704 1.384433
v 0.894033 0.621626 1.381696
v 0.891652 0.622689 1.384407
v 0.893852 0.625079 1.388358
v 0.891766 0.625122 1.388425
v 0.894032 0.626479 1.390647
v 0.894032 0.648237 1.431058
v 0.894032 0.668193 1.507137
v 0.894032 0.666441 1.587540
v 0.874178 0.426058 1.508310
v 0.883552 0.443189 1.503347
v 0.869231 0.406795 1.515160
v 0.868896 0.416756 1.533575
v 0.871103 0.421970 1.524839
v 0.868858 0.416702 1.549403
v 0.869428 0.421111 1.544129
v 0.870952 0.412853 1.509282
v 0.873888 0.423357 1.504770
v 0.894032 0.572099 1.325413
v 0.891811 0.652648 1.496457
v 0.892003 0.655821 1.527148
v 0.891702 0.656183 1.553729
v 0.868766 0.626393 1.609750
v 0.880176 0.443998 1.471035
v 0.876460 0.430782 1.493516
v 0.855423 0.452045 1.454928
v 0.852003 0.446662 1.456257
v 0.881780 0.548934 1.339165
v 0.868792 0.548649 1.349867
v 0.868856 0.562600 1.363618
v 0.881904 0.570614 1.358855
v 0.877534 0.430049 1.480389
v 0.835522 0.431370 1.485867
v 0.835522 0.427068 1.475138
v 0.835522 0.426423 1.502048
v 0.880871 0.469455 1.579753
v 0.876564 0.443018 1.571933
v 0.873853 0.430482 1.568646
v 0.835522 0.455626 1.566687
v 0.835522 0.443302 1.571888
v 0.835522 0.430703 1.568779
v 0.871127 0.422347 1.559631
v 0.835522 0.422568 1.560036
v 0.835522 0.420980 1.544479
v 0.868886 0.406155 1.566472
v 0.871103 0.410427 1.573150
v 0.869096 0.391086 1.575005
v 0.872105 0.409073 1.579229
v 0.879342 0.421879 1.575767
v 0.873391 0.408410 1.586586
v 0.869436 0.392038 1.578140
v 0.835522 0.390457 1.578533
v 0.835522 0.405394 1.583758
v 0.835522 0.412115 1.595075
v 0.835522 0.371271 1.595356
v 0.835522 0.412223 1.604590
v 0.835522 0.404415 1.617290
v 0.835522 0.390401 1.621026
v 0.877577 0.390041 1.621043
v 0.877140 0.402662 1.618516
v 0.876235 0.412874 1.602678
v 0.878835 0.380910 1.629753
v 0.878567 0.406572 1.624541
v 0.876758 0.421788 1.592990
v 0.879228 0.413577 1.627562
v 0.888186 0.470819 1.643901
v 0.891321 0.495099 1.668930
v 0.883185 0.446295 1.618667
v 0.882083 0.429142 1.630216
v 0.861112 0.417889 1.658337
v 0.865712 0.423809 1.676827
v 0.869516 0.431620 1.702996
v 0.889179 0.434029 1.695714
v 0.854965 0.413604 1.646291
v 0.849699 0.408704 1.641457
v 0.891028 0.436287 1.715428
v 0.871272 0.431959 1.721187
v 0.872312 0.428449 1.743987
v 0.872252 0.425399 1.761247
v 0.887631 0.420115 1.801809
v 0.870812 0.421759 1.780337
v 0.890432 0.447449 1.692667
v 0.891482 0.448759 1.703077
v 0.892262 0.449079 1.713457
v 0.892442 0.448409 1.723827
v 0.892876 0.435897 1.784495
v 0.891640 0.430477 1.810717
v 0.886685 0.418335 1.805604
v 0.869247 0.418330 1.790431
v 0.888175 0.477694 1.615327
v 0.874129 0.427462 1.571886
v 0.894797 0.527593 1.658861
v 0.893690 0.542874 1.629521
v 0.894820 0.596942 1.665844
v 0.894626 0.577987 1.693106
v 0.894199 0.620201 1.681185
v 0.893762 0.605978 1.720677
v 0.893852 0.602983 1.724154
v 0.897042 0.573609 1.702667
v 0.896302 0.510069 1.648567
v 0.894032 0.569610 1.759305
v 0.894032 0.601229 1.726187
v 0.894032 0.503468 1.801795
v 0.894032 0.426349 1.825037
v 0.896142 0.625618 1.693442
v 0.896202 0.617309 1.702807
v 0.891703 0.603000 1.724128
v 0.891652 0.605997 1.720655
v 0.894033 0.608414 1.718935
v 0.894032 0.646439 1.654384
v 0.855422 0.486188 1.580163
v 0.859981 0.492894 1.586117
v 0.851998 0.483270 1.575428
v 0.848828 0.399851 1.642652
v 0.849665 0.390037 1.644527
v 0.881676 0.416864 1.800417
v 0.891701 0.455316 1.804833
v 0.891780 0.480646 1.796331
v 0.896412 0.493739 1.797387
v 0.891810 0.508684 1.783774
v 0.891925 0.531215 1.770884
v 0.868766 0.392836 1.793806
v 0.891754 0.535091 1.767052
v 0.868853 0.607239 1.657029
v 0.881902 0.614204 1.663229
v 0.881727 0.608703 1.667749
v 0.869783 0.602496 1.659379
v 0.881776 0.626219 1.636565
v 0.868792 0.615969 1.639567
v 0.865332 0.510259 1.598767
v 0.872337 0.576069 1.643990
v 0.870622 0.596729 1.657667
v 0.870742 0.545899 1.623347
v 0.868232 0.525929 1.609627
v 0.888163 0.341603 1.654048
v 0.874173 0.367307 1.592881
v 0.871101 0.360895 1.577094
v 0.872110 0.354689 1.577714
v 0.868911 0.367584 1.572690
v 0.871271 0.376937 1.584756
v 0.871214 0.350878 1.571275
v 0.875227 0.341161 1.585152
v 0.876758 0.345549 1.594040
v 0.884852 0.343890 1.607617
v 0.888134 0.312443 1.656083
v 0.883186 0.328698 1.625275
v 0.891321 0.295986 1.687217
v 0.897042 0.293940 1.705287
v 0.889924 0.274497 1.727840
v 0.890027 0.269905 1.732854
v 0.891236 0.241690 1.747192
v 0.891953 0.220337 1.755839
v 0.890202 0.264370 1.736627
v 0.891928 0.210170 1.753077
v 0.873886 0.371567 1.594151
v 0.877239 0.318531 1.585681
v 0.877218 0.311471 1.578474
v 0.878415 0.311500 1.592313
v 0.876456 0.331288 1.588548
v 0.835522 0.311595 1.578683
v 0.835522 0.319224 1.586020
v 0.835522 0.331613 1.588524
v 0.835522 0.341266 1.585061
v 0.835522 0.348360 1.577217
v 0.835522 0.350893 1.568087
v 0.894032 0.356657 1.826680
v 0.894032 0.172124 1.736166
v 0.894033 0.233033 1.786014
v 0.896141 0.230666 1.784115
v 0.896202 0.229410 1.780847
v 0.894032 0.274320 1.805857
v 0.891704 0.276821 1.806903
v 0.893843 0.276809 1.806900
v 0.894771 0.298021 1.756714
v 0.893772 0.281030 1.808680
v 0.891652 0.281050 1.808689
v 0.894033 0.283439 1.810451
v 0.894628 0.298590 1.773534
v 0.894200 0.322975 1.810007
v 0.894806 0.330296 1.783558
v 0.893957 0.320971 1.702170
v 0.893691 0.348209 1.720504
v 0.882212 0.370548 1.642377
v 0.859981 0.374062 1.659536
v 0.855422 0.377649 1.651327
v 0.881707 0.332210 1.794890
v 0.869786 0.338244 1.786409
v 0.870622 0.338090 1.780407
v 0.872352 0.344730 1.756527
v 0.870742 0.355020 1.721457
v 0.868232 0.361900 1.698227
v 0.865332 0.367389 1.679967
v 0.880175 0.374701 1.633570
v 0.851991 0.381269 1.647082
v 0.877545 0.381030 1.618147
v 0.876499 0.371996 1.607659
v 0.835522 0.380412 1.617734
v 0.835522 0.372327 1.607958
v 0.887448 0.146602 1.656971
v 0.891637 0.141153 1.669584
v 0.892870 0.166453 1.666857
v 0.881735 0.147677 1.654109
v 0.890752 0.225196 1.647227
v 0.892469 0.229270 1.659802
v 0.869246 0.156697 1.651769
v 0.870812 0.167350 1.651907
v 0.872252 0.186640 1.649467
v 0.872312 0.203990 1.647037
v 0.871272 0.226760 1.643327
v 0.890245 0.245206 1.641310
v 0.869516 0.243961 1.637383
v 0.865711 0.266432 1.621870
v 0.879614 0.308146 1.598483
v 0.892262 0.239410 1.657227
v 0.891482 0.249180 1.653707
v 0.890432 0.258670 1.649247
v 0.882081 0.312408 1.612542
v 0.861112 0.282190 1.610527
v 0.854958 0.292332 1.602718
v 0.849699 0.295395 1.596571
v 0.848828 0.291529 1.588518
v 0.891703 0.154425 1.691390
v 0.891974 0.170408 1.712789
v 0.891808 0.190948 1.735643
v 0.881769 0.367305 1.801923
v 0.868792 0.361250 1.793107
v 0.868854 0.341923 1.790197
v 0.881899 0.338179 1.798739
v 0.896412 0.379910 1.820217
v 0.835522 0.430713 1.532745
v 0.835522 0.452362 1.532800
v 0.835522 0.442522 1.529926
v 0.835522 0.460907 1.542067
v 0.835522 0.462733 1.553674
v 0.835522 0.377512 1.584234
v 0.835522 0.402355 1.507781
v 0.835522 0.419040 1.468892
v 0.835522 0.413254 1.509228
v 0.895369 0.581004 1.538634
v 0.894021 0.644517 1.568059
v 0.893947 0.182327 1.364019
v 0.640796 0.112121 1.546878
v 0.639626 0.099910 1.507454
v 0.639612 0.100140 1.570547
v 0.643613 0.098276 1.554323
v 0.639626 0.110858 1.625620
v 0.643613 0.113030 1.632301
v 0.640796 0.124313 1.621390
v 0.639612 0.136730 1.683147
v 0.643613 0.136730 1.683147
v 0.640796 0.156534 1.689613
v 0.645505 0.145265 1.660616
v 0.645492 0.125280 1.605117
v 0.645505 0.187497 1.721573
v 0.639626 0.168943 1.729118
v 0.643613 0.173645 1.734338
v 0.640796 0.206369 1.746389
v 0.639626 0.229172 1.780931
v 0.643613 0.235129 1.784652
v 0.645492 0.227000 1.755927
v 0.640796 0.269944 1.787212
v 0.639626 0.301323 1.814104
v 0.643613 0.308077 1.816039
v 0.645506 0.277949 1.785582
v 0.642373 0.324668 1.801926
v 0.639626 0.379831 1.826118
v 0.643613 0.386856 1.826117
v 0.640796 0.379958 1.812016
v 0.640796 0.454824 1.802449
v 0.639626 0.458591 1.816030
v 0.643613 0.465343 1.814093
v 0.639612 0.516989 1.792187
v 0.643613 0.516989 1.792187
v 0.645505 0.386619 1.807275
v 0.640796 0.524182 1.772598
v 0.639626 0.564035 1.761626
v 0.643613 0.569416 1.757109
v 0.645492 0.438609 1.800907
v 0.640796 0.582618 1.724796
v 0.639626 0.617907 1.703251
v 0.643613 0.621834 1.697428
v 0.645504 0.494756 1.782880
v 0.640796 0.625624 1.662735
v 0.645505 0.557135 1.742814
v 0.645503 0.624282 1.654661
v 0.639612 0.647319 1.647447
v 0.643613 0.647319 1.647447
v 0.640792 0.645949 1.606257
v 0.645505 0.646341 1.583828
v 0.640796 0.654274 1.553671
v 0.639626 0.663716 1.593753
v 0.643613 0.664935 1.586834
v 0.639626 0.667462 1.514419
v 0.643613 0.666727 1.507432
v 0.640796 0.647324 1.478454
v 0.639612 0.654119 1.452797
v 0.643613 0.654119 1.452797
v 0.812814 0.630200 1.569029
v 0.812814 0.623857 1.603127
v 0.645506 0.648005 1.509637
v 0.645504 0.629179 1.437893
v 0.639626 0.632164 1.401120
v 0.643613 0.628651 1.395037
v 0.640792 0.626599 1.422127
v 0.640796 0.599092 1.376391
v 0.645504 0.591293 1.374110
v 0.639626 0.584032 1.337932
v 0.643613 0.578976 1.333051
v 0.640796 0.545467 1.323318
v 0.645492 0.554259 1.337057
v 0.645504 0.505482 1.303915
v 0.640792 0.493409 1.293507
v 0.639626 0.520327 1.290468
v 0.643613 0.514124 1.287171
v 0.640796 0.442993 1.276168
v 0.645504 0.435457 1.279410
v 0.639612 0.461799 1.267077
v 0.643613 0.461799 1.267077
v 0.639626 0.406705 1.256378
v 0.643613 0.399698 1.255889
v 0.640796 0.367772 1.269964
v 0.639626 0.327389 1.260950
v 0.643613 0.320516 1.262413
v 0.640796 0.293697 1.284750
v 0.639626 0.252437 1.287209
v 0.643613 0.246234 1.290508
v 0.645504 0.289036 1.291497
v 0.639612 0.200290 1.322657
v 0.643613 0.200290 1.322657
v 0.639626 0.160585 1.362392
v 0.643613 0.156261 1.367929
v 0.639626 0.120068 1.430635
v 0.643613 0.127400 1.415957
v 0.643613 0.105593 1.475206
v 0.640796 0.150103 1.402238
v 0.640796 0.120951 1.471868
v 0.640796 0.197319 1.343326
v 0.640792 0.239880 1.311237
v 0.645504 0.134989 1.444012
v 0.645492 0.121420 1.494597
v 0.645503 0.117094 1.553352
v 0.812823 0.135072 1.529799
v 0.812815 0.139012 1.495360
v 0.645504 0.171266 1.379334
v 0.812808 0.147708 1.461802
v 0.645504 0.223982 1.327135
v 0.812831 0.161002 1.429773
v 0.812815 0.178595 1.399931
v 0.812804 0.200200 1.372802
v 0.812811 0.225371 1.348942
v 0.812799 0.253584 1.328841
v 0.812799 0.284350 1.312845
v 0.812813 0.317054 1.301286
v 0.850645 0.135921 1.532266
v 0.850662 0.139510 1.497921
v 0.850669 0.147840 1.464407
v 0.850660 0.160766 1.432381
v 0.850664 0.178012 1.402459
v 0.850662 0.199260 1.375240
v 0.850666 0.224096 1.351228
v 0.850663 0.252023 1.330914
v 0.850652 0.282514 1.314686
v 0.873612 0.166710 1.394677
v 0.873612 0.189150 1.365947
v 0.873612 0.148480 1.426247
v 0.873612 0.134830 1.460037
v 0.873612 0.126010 1.495407
v 0.873612 0.122200 1.531657
v 0.873612 0.215370 1.340627
v 0.873612 0.244860 1.319207
v 0.873612 0.277050 1.302087
v 0.850650 0.314954 1.302862
v 0.873612 0.311300 1.289627
v 0.812804 0.351031 1.294392
v 0.812826 0.385616 1.292299
v 0.850664 0.348740 1.295654
v 0.812803 0.420168 1.295033
v 0.873612 0.346960 1.282047
v 0.850649 0.383182 1.293231
v 0.873612 0.383319 1.279507
v 0.850663 0.417647 1.295619
v 0.873612 0.419679 1.282047
v 0.850650 0.451417 1.302788
v 0.873612 0.455339 1.289627
v 0.850652 0.483883 1.314579
v 0.873612 0.489589 1.302087
v 0.812820 0.454024 1.302561
v 0.812803 0.486504 1.314724
v 0.812800 0.516948 1.331274
v 0.645504 0.361365 1.275168
v 0.812793 0.544787 1.351895
v 0.850661 0.514391 1.330775
v 0.850663 0.542340 1.351060
v 0.812810 0.569518 1.376227
v 0.812808 0.590610 1.403750
v 0.850662 0.567190 1.375041
v 0.812806 0.607664 1.433927
v 0.812829 0.620355 1.466205
v 0.812818 0.628425 1.499886
v 0.812819 0.631730 1.534404
v 0.850667 0.588470 1.402240
v 0.850656 0.605754 1.432139
v 0.850647 0.618705 1.464158
v 0.850661 0.627084 1.497668
v 0.850648 0.630710 1.532000
v 0.850663 0.629525 1.566533
v 0.873612 0.644439 1.531657
v 0.873612 0.643159 1.568087
v 0.873612 0.640629 1.495407
v 0.873612 0.631809 1.460037
v 0.873612 0.618149 1.426247
v 0.873612 0.599929 1.394677
v 0.873612 0.577479 1.365947
v 0.873612 0.551259 1.340627
v 0.873612 0.521769 1.319207
v 0.812819 0.166978 1.663031
v 0.812806 0.152066 1.631726
v 0.812813 0.141659 1.598664
v 0.812805 0.186084 1.691932
v 0.812798 0.209054 1.717927
v 0.812822 0.235396 1.740445
v 0.812818 0.264647 1.759104
v 0.812832 0.296161 1.773481
v 0.812827 0.329408 1.783352
v 0.812837 0.363692 1.788490
v 0.812840 0.398345 1.788811
v 0.812827 0.432728 1.784309
v 0.812814 0.466132 1.775063
v 0.812808 0.497946 1.761255
v 0.812827 0.527492 1.743166
v 0.812805 0.554277 1.721114
v 0.850646 0.528927 1.740972
v 0.850644 0.499647 1.759290
v 0.645492 0.592879 1.704507
v 0.812817 0.577709 1.695571
v 0.850649 0.555374 1.718762
v 0.812825 0.597348 1.667028
v 0.850658 0.578471 1.693083
v 0.812809 0.612847 1.635994
v 0.850652 0.623539 1.600534
v 0.850651 0.612890 1.633391
v 0.873612 0.636829 1.603987
v 0.850666 0.597767 1.664441
v 0.873612 0.625569 1.638657
v 0.873612 0.609589 1.671417
v 0.873612 0.589209 1.701637
v 0.873612 0.564819 1.728727
v 0.873612 0.536889 1.752157
v 0.873612 0.505979 1.771477
v 0.850649 0.468105 1.773352
v 0.873612 0.472679 1.786297
v 0.850645 0.434907 1.782893
v 0.873612 0.437639 1.796347
v 0.850631 0.400713 1.787710
v 0.873612 0.401539 1.801417
v 0.850632 0.366175 1.787728
v 0.873612 0.365090 1.801417
v 0.850640 0.331974 1.782943
v 0.873612 0.329000 1.796347
v 0.850648 0.298773 1.773439
v 0.873612 0.293960 1.786297
v 0.850644 0.267220 1.759412
v 0.850648 0.237920 1.741123
v 0.850649 0.211454 1.718945
v 0.850656 0.188329 1.693288
v 0.850646 0.169001 1.664664
v 0.873612 0.177430 1.701637
v 0.873612 0.157050 1.671417
v 0.850648 0.153847 1.633633
v 0.873612 0.141070 1.638657
v 0.850650 0.143153 1.600787
v 0.873612 0.129800 1.603987
v 0.873612 0.201820 1.728727
v 0.873612 0.229740 1.752157
v 0.873612 0.260660 1.771477
v 0.850642 0.137142 1.566789
v 0.873612 0.123470 1.568087
v 0.812805 0.135956 1.564458
v 0.894012 0.124922 1.445592
v 0.865702 0.352590 1.548267
v 0.865702 0.353890 1.552417
v 0.865702 0.351880 1.543967
v 0.865702 0.351770 1.539617
v 0.865702 0.352270 1.535297
v 0.865702 0.353370 1.531077
v 0.865702 0.355050 1.527067
v 0.865702 0.357260 1.523317
v 0.865702 0.359980 1.519917
v 0.865702 0.363140 1.516927
v 0.865702 0.366689 1.514407
v 0.865702 0.370560 1.512407
v 0.865702 0.374670 1.510957
v 0.865702 0.378929 1.510097
v 0.865702 0.383279 1.509837
v 0.865702 0.387619 1.510197
v 0.865702 0.391869 1.511147
v 0.865702 0.395939 1.512677
v 0.865702 0.399759 1.514757
v 0.865702 0.403259 1.517357
v 0.865702 0.406359 1.520417
v 0.865702 0.408999 1.523877
v 0.865702 0.411129 1.527667
v 0.865702 0.412719 1.531727
v 0.865702 0.413729 1.535957
v 0.865702 0.414139 1.540287
v 0.865702 0.413939 1.544637
v 0.865702 0.413139 1.548917
v 0.865702 0.411749 1.553047
v 0.865702 0.409799 1.556937
v 0.865702 0.407319 1.560517
v 0.865702 0.404369 1.563727
v 0.865702 0.401009 1.566487
v 0.865702 0.397290 1.568747
v 0.865702 0.393300 1.570477
v 0.865702 0.389100 1.571637
v 0.865702 0.384780 1.572197
v 0.865702 0.380430 1.572147
v 0.865702 0.376130 1.571497
v 0.865702 0.371950 1.570247
v 0.865702 0.368000 1.568437
v 0.865702 0.364330 1.566087
v 0.865702 0.361030 1.563257
v 0.865702 0.358150 1.559987
v 0.865702 0.355750 1.556357
v 0.867285 0.761618 1.494595
v 0.867276 0.752328 1.445578
v 0.693573 0.762986 1.490965
v 0.693573 0.753213 1.441806
v 0.867293 0.736727 1.398224
v 0.693573 0.737108 1.394361
v 0.662934 0.759844 1.512688
v 0.663033 0.747345 1.443395
v 0.663001 0.720387 1.370715
v 0.644086 0.727429 1.495653
v 0.644086 0.703973 1.408084
v 0.887572 0.746804 1.465347
v 0.898097 0.733844 1.472106
v 0.887861 0.725494 1.399173
v 0.898253 0.702221 1.381978
v 0.867283 0.760718 1.594134
v 0.867282 0.764429 1.544394
v 0.693573 0.762979 1.590986
v 0.693573 0.766260 1.540975
v 0.663033 0.756955 1.590191
v 0.644086 0.727423 1.586310
v 0.887912 0.748053 1.609149
v 0.887866 0.753690 1.540975
v 0.898099 0.739366 1.567842
v 0.867282 0.734086 1.690048
v 0.867279 0.750546 1.642960
v 0.693573 0.737085 1.687590
v 0.693573 0.753198 1.640134
v 0.663000 0.741997 1.659003
v 0.644086 0.703952 1.673867
v 0.887861 0.725472 1.682789
v 0.898253 0.721166 1.654182
v 0.867290 0.429479 1.919439
v 0.867272 0.478480 1.910153
v 0.693573 0.433109 1.920809
v 0.693573 0.482263 1.911036
v 0.867274 0.525875 1.894541
v 0.693573 0.529721 1.894930
v 0.662933 0.411474 1.917650
v 0.663033 0.480691 1.905168
v 0.663001 0.553371 1.878201
v 0.644086 0.428431 1.885237
v 0.644086 0.515999 1.861798
v 0.887574 0.458831 1.904595
v 0.898099 0.452016 1.891650
v 0.887861 0.524912 1.883307
v 0.898253 0.542125 1.860026
v 0.867281 0.329959 1.918539
v 0.867298 0.379674 1.922249
v 0.693573 0.333093 1.920798
v 0.693573 0.383100 1.924078
v 0.662934 0.312916 1.912150
v 0.644086 0.337777 1.885237
v 0.887912 0.314852 1.905859
v 0.887866 0.383102 1.911513
v 0.898099 0.356301 1.897187
v 0.867278 0.234022 1.891905
v 0.867290 0.281104 1.908360
v 0.693573 0.236486 1.894907
v 0.693573 0.283941 1.911014
v 0.662935 0.219226 1.881312
v 0.644086 0.250212 1.861775
v 0.887861 0.241297 1.883284
v 0.898253 0.269951 1.879000
v 0.867282 0.078523 1.770329
v 0.867273 0.111076 1.808136
v 0.693573 0.079155 1.774161
v 0.693573 0.112195 1.811844
v 0.867281 0.148275 1.841354
v 0.693573 0.149872 1.844886
v 0.663033 0.083976 1.770460
v 0.662934 0.136702 1.827286
v 0.644086 0.107608 1.752333
v 0.644086 0.171706 1.816441
v 0.887913 0.076870 1.750768
v 0.887866 0.121085 1.802957
v 0.898103 0.144683 1.806970
v 0.898192 0.084767 1.737010
v 0.887569 0.179412 1.851552
v 0.867282 0.029536 1.683688
v 0.867283 0.051192 1.728617
v 0.693573 0.029153 1.687545
v 0.693573 0.051316 1.732493
v 0.663001 0.045878 1.711187
v 0.644086 0.062287 1.673811
v 0.887861 0.040766 1.682732
v 0.898103 0.054058 1.677227
v 0.867282 0.082723 1.306092
v 0.867284 0.054638 1.347314
v 0.693573 0.079190 1.307688
v 0.693573 0.051345 1.349356
v 0.867283 0.032175 1.391846
v 0.693573 0.029175 1.394304
v 0.662933 0.096739 1.294597
v 0.662934 0.042758 1.377064
v 0.644086 0.107641 1.329515
v 0.644086 0.062307 1.408038
v 0.887570 0.072530 1.337224
v 0.898098 0.086460 1.341631
v 0.887861 0.040788 1.399105
v 0.898253 0.045101 1.427695
v 0.867290 0.336776 1.162456
v 0.867272 0.287789 1.171750
v 0.693573 0.333150 1.161085
v 0.693573 0.283997 1.170869
v 0.867273 0.240363 1.187362
v 0.693573 0.236540 1.186964
v 0.662935 0.354865 1.164241
v 0.662934 0.258310 1.184391
v 0.644086 0.337829 1.196657
v 0.644086 0.250261 1.220096
v 0.887574 0.307521 1.177288
v 0.898099 0.314276 1.190238
v 0.887861 0.241348 1.198587
v 0.898254 0.224189 1.221849
v 0.867283 0.617982 1.240537
v 0.867289 0.576775 1.212466
v 0.693573 0.616388 1.237008
v 0.693573 0.574721 1.209166
v 0.867277 0.532230 1.189988
v 0.693573 0.529774 1.186987
v 0.663033 0.612690 1.241821
v 0.662934 0.547010 1.200570
v 0.644086 0.594554 1.265464
v 0.644086 0.516048 1.220119
v 0.887572 0.586851 1.230348
v 0.898097 0.582422 1.244262
v 0.887861 0.524964 1.198610
v 0.898253 0.496400 1.202919
v 0.641643 0.468491 1.278299
v 0.641643 0.545475 1.317541
v 0.644086 0.428484 1.196657
v 0.641643 0.383151 1.264774
v 0.641643 0.297810 1.278289
v 0.641643 0.220819 1.317510
v 0.644086 0.171748 1.265419
v 0.641643 0.159716 1.378599
v 0.641643 0.120483 1.455584
v 0.644086 0.038838 1.495585
v 0.641643 0.106960 1.540932
v 0.644086 0.038831 1.586253
v 0.641643 0.120471 1.626270
v 0.641643 0.159691 1.703254
v 0.641643 0.220784 1.764364
v 0.641643 0.297768 1.803595
v 0.641643 0.383109 1.817120
v 0.641643 0.468451 1.803605
v 0.641643 0.545441 1.764395
v 0.644086 0.594512 1.816475
v 0.644086 0.658620 1.752379
v 0.641643 0.606543 1.703295
v 0.641643 0.645777 1.626310
v 0.641643 0.659300 1.540973
v 0.641643 0.645790 1.455625
v 0.641643 0.606568 1.378640
v 0.644086 0.658651 1.329572
v 0.646695 0.542367 1.760157
v 0.646695 0.466834 1.798638
v 0.646695 0.383109 1.811887
v 0.646695 0.299386 1.798628
v 0.646695 0.223860 1.760125
v 0.646695 0.163926 1.700186
v 0.646695 0.125447 1.624648
v 0.646695 0.112193 1.540932
v 0.646695 0.125460 1.457205
v 0.646695 0.163950 1.381677
v 0.646695 0.223894 1.321738
v 0.646695 0.299425 1.283266
v 0.646695 0.383151 1.270008
v 0.646695 0.466874 1.283276
v 0.646695 0.542400 1.321769
v 0.646695 0.602335 1.381708
v 0.646695 0.640814 1.457246
v 0.646695 0.654068 1.540973
v 0.646695 0.640801 1.624689
v 0.646695 0.602310 1.700217
v 0.867265 0.687739 1.311568
v 0.867270 0.655182 1.273755
v 0.693573 0.687105 1.307734
v 0.693573 0.654065 1.270050
v 0.663001 0.664839 1.289225
v 0.887913 0.689374 1.331109
v 0.887866 0.645176 1.278937
v 0.898099 0.654036 1.308054
v 0.867275 0.715071 1.353287
v 0.693573 0.714945 1.349401
v 0.867282 0.683538 1.775802
v 0.867282 0.711622 1.734581
v 0.693573 0.687070 1.774206
v 0.693573 0.714915 1.732538
v 0.662935 0.669475 1.787359
v 0.663033 0.709655 1.729508
v 0.887570 0.693734 1.744664
v 0.898098 0.679794 1.740274
v 0.867286 0.612521 1.845546
v 0.867294 0.650307 1.813006
v 0.693573 0.616342 1.844920
v 0.693573 0.654023 1.811878
v 0.663033 0.612643 1.840107
v 0.887915 0.592944 1.847212
v 0.887866 0.645135 1.802991
v 0.898099 0.615967 1.811900
v 0.867288 0.570794 1.872888
v 0.693573 0.574670 1.872763
v 0.867295 0.189510 1.869454
v 0.693573 0.191540 1.872740
v 0.898127 0.204946 1.849517
v 0.867286 0.004643 1.587300
v 0.867277 0.013930 1.636308
v 0.693573 0.003274 1.590929
v 0.693573 0.013047 1.640088
v 0.662934 0.006416 1.569194
v 0.663033 0.018917 1.638510
v 0.887572 0.019457 1.616550
v 0.898751 0.035170 1.618256
v 0.867285 0.005543 1.487757
v 0.867280 0.001830 1.537509
v 0.693573 0.003281 1.490908
v 0.693573 -0.000000 1.540919
v 0.662934 0.011938 1.470753
v 0.887912 0.018208 1.472742
v 0.887866 0.012571 1.540930
v 0.898099 0.026895 1.514050
v 0.867281 0.015715 1.438934
v 0.693573 0.013063 1.441761
v 0.867287 0.153739 1.236350
v 0.867293 0.115952 1.268889
v 0.693573 0.149919 1.236974
v 0.693573 0.112237 1.270016
v 0.662933 0.170248 1.228868
v 0.887914 0.173311 1.234685
v 0.887866 0.121125 1.278903
v 0.898099 0.150256 1.270032
v 0.867307 0.195479 1.209008
v 0.693573 0.191590 1.209143
v 0.867279 0.436300 1.163354
v 0.867299 0.386586 1.159645
v 0.693573 0.433168 1.161096
v 0.693573 0.383159 1.157816
v 0.662934 0.453334 1.169755
v 0.887912 0.451316 1.176024
v 0.887866 0.383158 1.170381
v 0.898099 0.410068 1.184723
v 0.867269 0.485152 1.173535
v 0.693573 0.482320 1.170880
v 0.902618 0.323668 1.207425
v 0.894361 0.317020 1.261006
v 0.894463 0.233018 1.295458
v 0.902605 0.196822 1.261263
v 0.883361 0.260993 1.301867
v 0.883419 0.225218 1.323958
v 0.894356 0.180049 1.338218
v 0.902618 0.105252 1.347160
v 0.894363 0.137662 1.390775
v 0.894398 0.104800 1.469434
v 0.902605 0.053624 1.474914
v 0.883467 0.117898 1.498548
v 0.894362 0.096196 1.540955
v 0.902788 0.048979 1.581064
v 0.883524 0.143669 1.419924
v 0.883524 0.165693 1.383381
v 0.883524 0.193287 1.351774
v 0.883524 0.115329 1.540778
v 0.883523 0.299687 1.285893
v 0.883523 0.341206 1.275580
v 0.894386 0.383018 1.254036
v 0.883523 0.383151 1.272152
v 0.902605 0.449178 1.211455
v 0.894363 0.449000 1.261055
v 0.883523 0.466229 1.285021
v 0.883523 0.425505 1.275488
v 0.894214 0.512968 1.286133
v 0.883523 0.506066 1.299716
v 0.883497 0.541219 1.323135
v 0.894351 0.572818 1.325063
v 0.902618 0.576887 1.263055
v 0.902605 0.662827 1.354657
v 0.894392 0.614942 1.372555
v 0.894398 0.647277 1.427910
v 0.902522 0.709694 1.458509
v 0.883579 0.602138 1.381821
v 0.883710 0.624223 1.418048
v 0.883709 0.640494 1.457317
v 0.894392 0.666125 1.496149
v 0.883675 0.650436 1.498623
v 0.894261 0.669558 1.559064
v 0.902618 0.716631 1.600500
v 0.883524 0.573546 1.350769
v 0.883524 0.653880 1.540973
v 0.883675 0.650430 1.583312
v 0.883709 0.640482 1.624618
v 0.894398 0.647263 1.654027
v 0.883711 0.624204 1.663898
v 0.902700 0.650397 1.747033
v 0.894149 0.594942 1.733636
v 0.902605 0.569388 1.820672
v 0.894463 0.533226 1.786446
v 0.883675 0.542185 1.759904
v 0.883707 0.505943 1.782087
v 0.883578 0.602134 1.700081
v 0.883524 0.574564 1.732418
v 0.902618 0.442611 1.874468
v 0.883524 0.466777 1.798454
v 0.894304 0.451965 1.819713
v 0.883577 0.425472 1.808327
v 0.883660 0.383109 1.811603
v 0.894278 0.360349 1.826909
v 0.902522 0.300661 1.867499
v 0.883580 0.340750 1.808325
v 0.894222 0.294924 1.812883
v 0.883524 0.299444 1.798443
v 0.883707 0.260279 1.782066
v 0.883675 0.224043 1.759883
v 0.894463 0.232962 1.786404
v 0.902700 0.177039 1.808210
v 0.894311 0.181481 1.743996
v 0.902570 0.071062 1.674924
v 0.894336 0.137850 1.690482
v 0.893684 0.103787 1.606714
v 0.883489 0.127228 1.624457
v 0.883528 0.117484 1.582707
v 0.883524 0.142766 1.663253
v 0.883524 0.164077 1.700083
v 0.883524 0.191667 1.732388
v 0.883524 0.127555 1.458139
vn 0.2596 -0.9629 0.0733
vn 0.0251 0.7429 0.6690
vn 0.1088 0.7420 0.6615
vn 0.3021 -0.0152 0.9532
vn 0.2847 -0.0187 0.9584
vn -0.0875 -0.9961 -0.0059
vn -0.8081 -0.4046 -0.4280
vn 0.7453 0.0069 -0.6667
vn 0.9953 -0.0028 0.0965
vn 0.9871 0.1599 0.0100
vn 0.9960 0.0107 -0.0887
vn 0.9873 -0.1243 -0.0993
vn 0.9872 -0.1243 -0.0997
vn 0.9956 0.0014 -0.0942
vn 0.9896 0.1441 0.0029
vn 0.9993 -0.0003 -0.0362
vn 0.9999 -0.0005 0.0118
vn 0.9999 0.0006 0.0121
vn 0.9999 0.0017 0.0100
vn 0.9915 -0.0630 0.1139
vn 0.9855 0.1383 0.0986
vn 1.0000 -0.0012 0.0084
vn 0.9998 0.0024 0.0200
vn 0.9864 0.1093 0.1231
vn 0.9999 0.0051 0.0158
vn 0.9998 0.0064 0.0189
vn 0.9998 -0.0172 0.0033
vn 0.9999 0.0018 0.0158
vn 1.0000 0.0002 0.0085
vn 0.9999 0.0047 0.0110
vn 0.9999 0.0088 0.0054
vn 0.9997 -0.0218 0.0073
vn -0.1274 0.3784 -0.9168
vn -0.3017 0.3543 -0.8851
vn 0.0373 0.9992 0.0111
vn 0.9763 -0.0225 0.2153
vn 0.9778 -0.0415 0.2054
vn -0.7954 -0.3233 0.5127
vn 0.9515 -0.2615 0.1622
vn 0.9832 -0.1547 0.0966
vn 0.9906 -0.1363 0.0148
vn 0.9852 -0.0690 0.1566
vn 0.8133 0.5036 -0.2914
vn 0.9898 -0.1421 -0.0051
vn 0.9808 -0.1848 -0.0616
vn 0.9751 -0.1471 -0.1661
vn 0.9790 -0.1894 -0.0757
vn 0.7340 -0.6651 -0.1372
vn 0.9806 -0.0333 -0.1933
vn 0.9841 0.0030 -0.1775
vn 0.2905 0.8794 0.3772
vn 0.1711 0.3614 0.9166
vn 0.9991 -0.0049 0.0426
vn 0.9855 0.1168 0.1227
vn 0.9851 0.1166 0.1265
vn 0.8040 0.5223 -0.2843
vn -0.6585 0.4893 0.5718
vn 0.9611 -0.2701 -0.0576
vn 1.0000 -0.0007 0.0018
vn 0.9850 0.1080 -0.1348
vn 0.9972 0.0638 -0.0388
vn 0.9819 0.1293 -0.1383
vn 0.9818 -0.0001 -0.1898
vn 0.9586 -0.2789 0.0574
vn 1.0000 0.0014 0.0019
vn -0.9682 -0.2499 0.0116
vn -0.9075 -0.4011 0.1251
vn 0.9996 -0.0114 -0.0247
vn 0.9996 0.0238 0.0127
vn 0.9808 -0.1281 -0.1468
vn 0.9788 -0.2024 -0.0304
vn 0.9957 -0.0032 -0.0921
vn 0.9988 -0.0475 0.0122
vn 0.9999 0.0100 0.0108
vn 0.9999 -0.0059 -0.0081
vn 0.9990 0.0162 0.0423
vn 0.9997 0.0133 0.0194
vn 0.9996 0.0293 0.0039
vn 0.9719 -0.2334 0.0305
vn 0.9989 0.0319 0.0348
vn 0.9995 0.0115 0.0291
vn 0.9994 0.0111 0.0321
vn 0.9995 0.0107 0.0313
vn 0.9978 0.0107 0.0659
vn 0.9996 -0.0071 0.0266
vn 0.9996 -0.0071 0.0261
vn 0.9995 -0.0305 0.0109
vn 0.9988 -0.0463 0.0128
vn 0.9997 -0.0259 0.0034
vn 0.9629 -0.2465 -0.1100
vn 0.9997 -0.0224 0.0018
vn 0.9996 -0.0271 0.0032
vn 0.9999 -0.0108 -0.0075
vn 0.9997 -0.0212 -0.0128
vn 1.0000 -0.0055 -0.0004
vn 1.0000 0.0086 0.0027
vn 1.0000 -0.0031 -0.0065
vn 0.9998 -0.0065 -0.0176
vn 0.9999 -0.0141 -0.0077
vn 0.9920 0.1258 -0.0070
vn 0.9909 0.1291 0.0389
vn 1.0000 0.0016 0.0002
vn 0.9988 0.0049 0.0486
vn 0.9751 0.2199 0.0283
vn 0.9683 0.2480 -0.0293
vn 0.9783 0.1995 0.0565
vn 0.9988 -0.0352 -0.0349
vn 0.9995 -0.0189 -0.0251
vn 0.9989 -0.0262 -0.0396
vn 0.9997 -0.0072 -0.0214
vn 0.9998 -0.0076 -0.0184
vn 0.9988 0.0223 -0.0442
vn 0.9997 0.0057 -0.0242
vn 0.9999 0.0037 -0.0118
vn 0.9999 0.0012 -0.0101
vn 1.0000 -0.0031 0.0065
vn 1.0000 0.0009 0.0054
vn 0.9999 0.0027 -0.0117
vn 0.9998 0.0045 -0.0181
vn 0.9998 0.0105 -0.0190
vn 0.9926 0.0438 0.1130
vn 0.9806 -0.0920 0.1731
vn 1.0000 0.0006 0.0026
vn 0.9990 -0.0404 0.0191
vn 0.9765 0.1001 0.1909
vn 0.9995 0.0180 -0.0258
vn 0.9989 0.0297 -0.0372
vn 0.9997 0.0198 -0.0168
vn 0.9996 0.0207 -0.0169
vn 0.9996 0.0212 -0.0175
vn 0.9997 0.0243 0.0020
vn 0.9999 0.0109 0.0017
vn 0.9998 0.0180 -0.0002
vn 0.9998 0.0177 -0.0002
vn 0.9994 0.0347 -0.0069
vn 0.9992 0.0392 -0.0057
vn 0.9991 0.0405 -0.0143
vn 0.9998 0.0147 -0.0093
vn 0.9998 0.0213 0.0041
vn 0.9999 -0.0084 -0.0072
vn 0.9925 -0.0911 0.0809
vn 0.9906 -0.1320 0.0356
vn 0.9991 -0.0285 -0.0311
vn 0.9781 -0.1718 0.1171
vn 0.9798 -0.1779 0.0914
vn 0.9987 0.0489 0.0174
vn 0.9998 0.0180 0.0105
vn 0.9998 0.0171 0.0095
vn 0.9995 0.0261 0.0155
vn 0.9500 -0.1989 -0.2407
vn 0.9994 -0.0054 0.0354
vn 0.9998 -0.0008 0.0185
vn 0.9998 -0.0007 0.0196
vn 0.9800 0.0869 -0.1789
vn 0.9811 0.0436 -0.1885
vn 0.9928 0.0642 -0.1009
vn 0.9939 0.0136 -0.1090
vn 1.0000 0.0066 -0.0001
vn 0.9984 0.0553 0.0115
vn 0.9422 -0.1693 0.2890
vn 0.9999 0.0050 -0.0124
vn 1.0000 -0.0074 -0.0004
vn 0.9998 -0.0189 0.0047
vn 0.9998 -0.0147 0.0093
vn 1.0000 0.0021 0.0008
vn 0.9999 -0.0103 0.0095
vn 0.9999 -0.0115 0.0114
vn 0.9985 -0.0484 0.0264
vn 0.9994 0.0004 0.0359
vn 0.9997 -0.0195 -0.0178
vn 0.9801 0.0278 -0.1964
vn 0.9937 -0.0069 -0.1122
vn 0.9987 -0.0440 0.0272
vn 0.9999 -0.0109 0.0013
vn 0.9999 0.0016 0.0110
vn 0.5961 0.5711 0.5643
vn 0.9994 -0.0222 -0.0271
vn 0.9999 0.0047 -0.0097
vn 0.9993 -0.0379 0.0012
vn 0.9988 -0.0491 0.0016
vn 0.9994 0.0207 -0.0291
vn 0.9997 0.0053 0.0259
vn 0.9994 0.0343 0.0107
vn 0.9996 -0.0230 0.0131
vn 0.9704 0.2394 0.0327
vn 0.9735 0.2230 0.0508
vn 0.6941 0.2861 -0.6606
vn 0.6604 0.3038 -0.6867
vn 0.9782 0.2074 -0.0053
vn -0.0331 0.8260 -0.5627
vn 0.9479 0.3185 -0.0080
vn -0.0044 0.3695 -0.9292
vn -0.0105 -0.2700 -0.9628
vn 0.0195 0.4448 -0.8954
vn 0.0049 0.9030 0.4297
vn 0.0554 0.9691 -0.2404
vn 1.0000 -0.0000 -0.0000
vn 0.0061 0.5888 0.8083
vn 0.0059 -0.2298 -0.9732
vn 0.9815 0.1915 0.0018
vn 0.9612 0.2706 0.0536
vn 0.9763 0.1972 0.0890
vn 0.9665 0.2566 -0.0091
vn 0.9618 0.2673 0.0587
vn 0.9584 0.2816 0.0457
vn 0.5701 0.7842 -0.2450
vn 0.5569 0.6199 0.5528
vn 0.6259 0.5567 0.5462
vn 0.6326 0.1420 0.7613
vn 0.6845 0.0973 0.7225
vn 0.6454 0.0673 0.7609
vn 0.8266 0.0674 0.5588
vn 0.7067 0.0141 0.7073
vn 0.8391 -0.0407 0.5425
vn 0.9475 -0.0139 0.3196
vn 0.7212 -0.0713 0.6891
vn 0.9935 0.1068 0.0389
vn 0.9806 0.1461 0.1310
vn 0.9998 0.0128 0.0121
vn 0.9998 0.0172 0.0060
vn 0.9997 -0.0156 -0.0190
vn 0.9996 -0.0242 0.0127
vn 0.3557 0.1313 -0.9253
vn 0.9999 -0.0107 -0.0053
vn 0.9996 -0.0273 -0.0052
vn 0.8658 0.3930 0.3098
vn 0.6981 0.5483 0.4604
vn 0.7664 0.0411 -0.6410
vn -0.2185 -0.9671 -0.1306
vn 0.6344 -0.7591 -0.1460
vn -0.4604 -0.8253 -0.3269
vn -0.3160 -0.8839 -0.3446
vn 0.2762 -0.7890 -0.5488
vn -0.6332 -0.6162 -0.4683
vn 0.6032 -0.5658 -0.5621
vn 0.7300 0.6776 0.0894
vn 0.7519 0.6143 0.2393
vn 0.7015 0.6086 0.3707
vn 0.6932 0.6139 0.3775
vn 0.7626 0.5356 0.3626
vn 0.8285 -0.5196 0.2087
vn 0.8100 -0.5352 0.2398
vn 0.8381 -0.3148 0.4454
vn 0.6796 -0.1976 0.7065
vn 0.7010 -0.1647 0.6939
vn 0.7507 -0.0405 0.6594
vn 0.7297 0.1250 0.6722
vn 0.5814 0.3349 0.7415
vn 0.7889 0.2922 0.5406
vn 0.7380 0.2237 0.6366
vn 0.8344 0.1731 0.5233
vn 0.6223 0.2488 0.7422
vn 0.2256 -0.4583 -0.8597
vn 0.9837 -0.1507 0.0977
vn 0.6938 0.1813 0.6969
vn 0.9847 -0.1425 0.1004
vn 0.6159 0.1845 0.7659
vn 0.9704 -0.2120 0.1156
vn 0.9734 -0.2096 0.0920
vn 0.9791 -0.1593 0.1261
vn 0.9915 -0.1136 0.0640
vn 0.8815 -0.3868 0.2707
vn 0.9915 -0.1259 -0.0343
vn 0.9920 -0.1219 -0.0321
vn -0.9982 -0.0599 0.0066
vn 0.4714 0.8736 0.1206
vn 0.4925 0.8677 0.0676
vn 0.4984 0.8427 0.2035
vn 0.3093 0.2132 0.9268
vn 0.4067 0.3284 0.8525
vn 0.1924 -0.0660 0.9791
vn 0.2100 -0.0538 0.9762
vn 0.2124 -0.0530 0.9757
vn 0.2086 -0.0536 0.9765
vn 0.9824 -0.1397 0.1244
vn 0.9885 -0.1292 0.0785
vn 0.9900 -0.1162 0.0799
vn 0.9902 -0.1114 0.0846
vn 0.9918 -0.1007 0.0793
vn 0.9947 -0.0534 0.0874
vn 0.9949 -0.0558 0.0843
vn 0.9394 -0.1313 0.3168
vn 0.9396 -0.1306 0.3165
vn 0.2134 -0.3046 0.9283
vn 0.1565 -0.2104 0.9650
vn 0.1675 -0.4502 0.8771
vn 0.1459 -0.4642 0.8736
vn 0.1322 -0.4700 0.8727
vn 0.1292 -0.4692 0.8736
vn 0.9189 -0.0813 0.3861
vn 0.5075 -0.4998 0.7019
vn 0.4689 -0.8140 0.3427
vn 0.7312 -0.5997 0.3252
vn 0.7468 -0.6436 0.1673
vn 0.6915 -0.7200 0.0593
vn 0.7449 -0.6630 0.0744
vn 0.7300 -0.6826 0.0332
vn 0.7495 -0.6616 0.0234
vn 0.7374 0.0671 -0.6721
vn 0.9865 -0.0878 0.1382
vn 0.9943 0.1021 0.0303
vn 0.9994 0.0286 0.0199
vn 0.9856 0.1692 0.0012
vn 0.9865 0.1640 -0.0038
vn 0.9997 -0.0095 0.0226
vn 0.9999 0.0126 0.0093
vn 1.0000 -0.0098 -0.0012
vn 0.9999 -0.0111 -0.0011
vn 1.0000 -0.0063 -0.0036
vn 0.9989 -0.0379 -0.0280
vn 0.9191 0.3373 -0.2037
vn 0.9317 0.3047 -0.1975
vn 0.9999 -0.0157 0.0013
vn 0.9999 0.0017 -0.0112
vn 0.9999 -0.0025 -0.0113
vn -0.7251 0.4814 0.4924
vn -0.0847 0.7904 0.6067
vn 0.6509 0.7592 -0.0001
vn 0.5572 0.0920 0.8253
vn 0.0062 -0.8618 0.5072
vn 0.2803 -0.8251 0.4905
vn 0.0639 -0.8259 -0.5602
vn 0.3955 -0.7078 -0.5853
vn 0.3848 0.2662 -0.8838
vn 0.1555 0.3091 -0.9382
vn -0.0915 0.8264 -0.5556
vn -0.2352 0.8059 -0.5434
vn 0.1034 0.9110 -0.3993
vn 0.9998 -0.0150 0.0123
vn 0.0443 0.9562 -0.2894
vn 0.0525 0.9558 -0.2892
vn -0.0660 -0.1491 0.9866
vn -0.0286 -0.1416 0.9895
vn 0.0039 -0.1706 0.9853
vn 0.0547 -0.1635 0.9850
vn -0.0105 -0.1758 0.9844
vn -0.0163 -0.1736 0.9847
vn 0.2651 -0.1853 0.9463
vn 0.9797 -0.0600 0.1914
vn -0.1840 -0.1908 0.9642
vn 0.1649 -0.7093 0.6854
vn 0.3392 -0.6679 0.6624
vn 0.7518 -0.5256 -0.3981
vn -0.1729 -0.7610 -0.6252
vn -0.0296 -0.1890 -0.9815
vn 0.3920 -0.0312 -0.9194
vn -0.6290 0.1619 -0.7604
vn 0.1981 0.8920 -0.4063
vn -0.6855 0.6655 -0.2955
vn -0.3254 0.8479 -0.4184
vn 0.4143 0.7453 -0.5224
vn -0.1189 0.7404 -0.6616
vn -0.0035 0.7514 -0.6599
vn 0.1648 -0.8711 -0.4627
vn 0.3388 -0.8366 -0.4305
vn -0.1835 -0.9761 0.1163
vn 0.2004 -0.9726 0.1176
vn 0.0035 -0.9903 0.1392
vn 0.0019 -0.9904 0.1380
vn 0.0464 -0.9885 0.1440
vn -0.0051 -0.9898 0.1424
vn 0.3110 -0.9248 0.2190
vn -0.0671 -0.9856 0.1554
vn 0.0534 0.5705 0.8195
vn 0.0428 0.5709 0.8199
vn -0.0008 0.8597 0.5108
vn -0.1223 0.8579 0.4991
vn 0.9868 0.0466 0.1549
vn 0.9869 0.0468 0.1546
vn 0.9963 -0.0064 0.0862
vn 0.9332 0.2786 0.2269
vn 0.9319 0.2745 0.2371
vn 0.9175 0.3060 0.2542
vn 0.9999 -0.0020 -0.0123
vn 0.9965 0.0632 0.0555
vn 0.9999 -0.0050 0.0148
vn 1.0000 -0.0019 -0.0095
vn 0.9993 -0.0102 0.0356
vn 0.9993 -0.0105 0.0348
vn 0.9810 -0.1941 -0.0046
vn 0.9865 -0.1586 -0.0408
vn 1.0000 0.0013 -0.0071
vn 0.9999 -0.0037 -0.0137
vn 1.0000 -0.0006 -0.0073
vn -0.0440 0.3749 -0.9260
vn 0.2366 0.3723 -0.8975
vn -0.7791 0.1112 -0.6170
vn 0.7147 0.0821 -0.6946
vn -0.7737 -0.3030 -0.5564
vn 0.4129 0.7284 0.5467
vn -0.3056 0.6657 0.6807
vn -0.6871 0.4855 0.5406
vn 0.1953 0.6626 0.7230
vn -0.6277 0.7742 -0.0808
vn 0.3944 0.8635 -0.3143
vn 0.1877 0.8924 -0.4103
vn -0.0712 -0.7460 -0.6621
vn 0.2708 -0.7234 -0.6351
vn 0.0642 0.2773 -0.9586
vn 0.3973 0.3380 -0.8532
vn 0.9979 -0.0444 0.0467
vn 0.3920 0.9180 -0.0605
vn 0.0092 1.0000 0.0018
vn 0.0685 0.7899 0.6094
vn 0.0195 0.7906 0.6120
vn 0.1556 0.2313 0.9604
vn 0.9665 0.1601 -0.2004
vn -0.6360 -0.3713 0.6765
vn 0.3504 -0.5146 0.7826
vn 0.7402 -0.6434 0.1954
vn 0.9865 -0.0102 -0.1634
vn 0.9810 -0.0556 -0.1860
vn 1.0000 0.0071 -0.0009
vn 0.9999 0.0120 -0.0079
vn 1.0000 0.0084 -0.0047
vn 0.9999 -0.0156 -0.0001
vn 0.9993 -0.0363 0.0008
vn 0.9993 -0.0370 0.0013
vn 0.9963 -0.0839 0.0205
vn 0.9869 -0.1326 0.0923
vn 0.9868 -0.1329 0.0921
vn 0.0521 -0.6032 0.7959
vn 0.0433 -0.6034 0.7962
vn -0.0650 -0.4529 -0.8892
vn 0.3148 -0.4942 -0.8104
vn -0.0023 -0.2200 0.9755
vn -0.1191 -0.2099 0.9704
vn 0.9332 -0.1296 0.3351
vn 0.4145 -0.2959 0.8606
vn -0.3267 -0.4398 0.8365
vn -0.6863 -0.3644 0.6294
vn 0.9174 -0.1472 0.3696
vn 0.9319 -0.1406 0.3343
vn 0.1976 -0.4829 0.8531
vn 0.9999 0.0112 -0.0061
vn 0.9965 -0.0333 0.0773
vn 0.9979 -0.0581 -0.0278
vn 0.0185 -0.3376 0.9411
vn 0.3672 -0.3032 0.8793
vn 0.3207 0.2867 0.9027
vn 0.3842 0.2902 0.8765
vn 0.3950 0.9169 0.0565
vn -0.2885 0.9573 -0.0206
vn -0.0660 0.3918 -0.9177
vn 0.0469 0.3917 -0.9189
vn 0.6553 -0.4910 -0.5740
vn -0.6365 -0.7577 -0.1442
vn 0.1579 -0.8394 0.5202
vn 0.3583 -0.9002 -0.2476
vn 0.9669 0.2388 0.0903
vn 1.0000 0.0065 -0.0030
vn -0.6276 0.3146 0.7122
vn 0.3861 0.5659 0.7285
vn 0.2860 0.6185 0.7319
vn 0.0444 0.9965 0.0704
vn -0.7734 0.6335 0.0210
vn 0.3143 0.9323 -0.1792
vn 0.5089 0.8442 -0.1682
vn -0.7318 0.4389 -0.5214
vn -0.0058 -0.4410 -0.8975
vn 0.0432 -0.4420 -0.8960
vn -0.0001 -0.4371 -0.8994
vn 0.0024 -0.4388 -0.8986
vn 0.2015 -0.4124 -0.8884
vn -0.1869 -0.4121 -0.8918
vn 0.1677 0.1705 -0.9710
vn 0.3375 0.1511 -0.9291
vn 1.0000 0.0031 0.0065
vn 0.9999 0.0111 0.0088
vn 0.9865 0.1522 -0.0602
vn 0.9856 -0.1362 -0.1004
vn 0.9943 -0.0647 -0.0847
vn 0.9994 -0.0115 -0.0329
vn 0.9862 -0.1353 -0.0954
vn 0.9993 -0.0138 -0.0344
vn 0.9999 -0.0047 -0.0149
vn 1.0000 0.0070 0.0064
vn 1.0000 0.0048 0.0068
vn 0.9999 0.0071 0.0086
vn -0.6852 -0.7123 -0.1521
vn -0.3254 -0.9320 -0.1598
vn 0.9176 -0.3968 -0.0257
vn 0.9320 -0.3613 -0.0303
vn 0.9333 -0.3587 -0.0198
vn -0.0023 -0.9957 0.0921
vn -0.1203 -0.9877 0.1003
vn 0.4142 -0.9101 -0.0156
vn 0.5044 0.4237 0.7524
vn -0.2186 0.4604 0.8604
vn -0.1948 0.2472 0.9492
vn -0.0460 0.2476 0.9678
vn 0.1890 -0.4828 0.8551
vn 0.3934 -0.5151 0.7615
vn -0.6281 -0.5786 0.5202
vn 0.1988 -0.9603 -0.1955
vn 0.1630 0.9770 -0.1377
vn 0.3395 0.9296 -0.1434
vn -0.1837 0.7213 -0.6679
vn 0.2686 0.7054 -0.6559
vn -0.0163 0.7191 -0.6947
vn -0.0110 0.7206 -0.6932
vn 0.0480 0.7122 -0.7004
vn 0.0022 0.7173 -0.6967
vn -0.0304 0.6963 -0.7171
vn -0.0671 0.7007 -0.7103
vn 0.0538 -0.9433 -0.3277
vn 0.0433 -0.9438 -0.3278
vn 0.9979 0.0081 -0.0647
vn 0.9964 -0.0849 -0.0078
vn 0.1441 -0.0615 -0.9876
vn 0.9642 -0.0048 0.2652
vn 0.0340 -0.9990 -0.0303
vn 0.3645 -0.9310 -0.0173
vn 0.2709 -0.7817 0.5618
vn 0.3877 -0.7358 0.5552
vn 0.3963 0.2295 0.8890
vn 0.0651 0.3399 0.9382
vn 0.2715 0.9584 0.0886
vn -0.0699 0.9928 0.0972
vn 0.7415 0.4052 -0.5348
vn -0.6352 -0.0975 -0.7661
vn 0.1425 -0.7530 -0.6424
vn -0.7313 0.6327 0.2550
vn 0.9943 0.0604 -0.0877
vn 0.9994 0.0278 -0.0211
vn 1.0000 -0.0052 0.0050
vn 0.9999 -0.0049 0.0132
vn 1.0000 -0.0039 0.0086
vn 0.9999 0.0127 -0.0091
vn 0.9991 0.0297 -0.0291
vn 0.9862 0.0492 -0.1582
vn 1.0000 -0.0064 0.0072
vn 1.0000 -0.0059 0.0056
vn 0.2800 0.2116 0.9364
vn -0.0708 0.2144 0.9742
vn 0.7419 0.6337 0.2189
vn -0.6361 0.6978 -0.3293
vn 0.9638 -0.2550 0.0779
vn 0.1564 0.3779 -0.9125
vn 0.1405 0.9207 -0.3641
vn 0.0189 -0.2798 -0.9599
vn 0.3669 -0.2713 -0.8898
vn 0.3187 -0.7628 -0.5627
vn 0.3822 -0.7504 -0.5394
vn 0.3989 -0.7736 0.4924
vn 0.0651 -0.7868 0.6138
vn 0.9983 0.0550 -0.0193
vn 0.9960 -0.0189 -0.0868
vn 0.9856 0.0534 -0.1605
vn 0.0440 0.0201 -0.9988
vn 0.0502 0.0201 -0.9985
vn -0.0027 -0.3954 -0.9185
vn -0.1190 -0.4006 -0.9085
vn 0.9334 -0.0919 -0.3469
vn 0.9319 -0.0837 -0.3528
vn 0.9189 -0.0978 -0.3823
vn -0.7319 -0.0468 0.6798
vn 0.5051 -0.5843 0.6352
vn -0.2206 -0.6758 0.7033
vn -0.1920 -0.8268 0.5287
vn -0.0675 -0.8425 0.5344
vn 0.9797 0.1635 0.1162
vn 0.9865 0.1044 0.1262
vn 0.1658 0.4328 0.8861
vn 0.3432 0.4233 0.8385
vn -0.1862 0.8576 0.4794
vn 0.2691 0.8417 0.4681
vn -0.0180 0.8829 0.4691
vn -0.0115 0.8818 0.4715
vn 0.0506 0.8861 0.4607
vn 0.0031 0.8843 0.4670
vn -0.0294 0.8973 0.4404
vn -0.0649 0.8925 0.4464
vn 0.3930 -0.8835 -0.2547
vn 0.2541 -0.9430 -0.2148
vn -0.6289 -0.6728 -0.3897
vn 0.1951 -0.1107 -0.9745
vn -0.6878 -0.0749 -0.7220
vn -0.3281 -0.1358 -0.9348
vn 0.4143 -0.2664 -0.8703
vn 0.3096 0.0756 0.9479
vn 0.3430 0.0315 0.9388
vn 0.3184 0.0659 0.9456
vn 0.3052 0.2768 0.9112
vn 0.2622 0.0230 0.9647
vn 0.2842 0.0406 0.9579
vn 0.2846 0.0403 0.9578
vn 0.2851 0.0548 0.9569
vn 0.3034 0.0748 0.9499
vn 0.3232 0.0700 0.9437
vn 0.8592 0.4446 0.2530
vn 0.9776 0.2030 -0.0558
vn 0.9897 0.1034 0.0986
vn 0.9757 0.2121 0.0551
vn -0.0020 -0.7051 0.7091
vn -0.0061 -0.7139 0.7002
vn 0.0019 -0.1944 0.9809
vn 0.0081 -0.2127 0.9771
vn -0.7550 -0.6527 0.0629
vn -0.6037 -0.7521 0.2642
vn 0.6031 -0.7690 0.2120
vn 0.2282 -0.1341 0.9643
vn 0.9837 0.1794 0.0096
vn 0.9809 0.1944 -0.0073
vn 0.9819 0.1882 -0.0204
vn 0.9885 0.1506 0.0124
vn 0.9900 0.1410 0.0037
vn 0.9902 0.1399 -0.0029
vn 0.9918 0.1278 -0.0050
vn 0.9948 0.0943 -0.0391
vn 0.9950 0.0945 -0.0335
vn 0.9366 0.2992 -0.1823
vn 0.9386 0.2921 -0.1836
vn 0.8889 0.2913 -0.3535
vn 0.4505 0.8713 -0.1944
vn 0.4660 0.8645 0.1884
vn 0.1292 0.8930 -0.4312
vn 0.1328 0.8931 -0.4297
vn 0.1462 0.8891 -0.4338
vn 0.1678 0.8797 -0.4449
vn 0.2135 0.7919 -0.5720
vn 0.1566 0.7375 -0.6569
vn 0.2094 0.6155 -0.7598
vn 0.2053 0.6165 -0.7601
vn 0.2030 0.6173 -0.7601
vn 0.1866 0.6271 -0.7563
vn 0.3481 0.3987 -0.8484
vn 0.4441 -0.1598 -0.8816
vn 0.6069 0.2348 -0.7593
vn 0.8727 0.1601 -0.4612
vn 0.7310 0.1975 -0.6532
vn 0.7945 0.0801 -0.6019
vn 0.5813 0.1647 -0.7969
vn 0.7297 0.2938 -0.6175
vn 0.7514 0.4180 -0.5105
vn 0.7008 0.5413 -0.4646
vn 0.6932 0.5487 -0.4673
vn 0.7621 0.5107 -0.3980
vn 0.7750 0.6009 -0.1957
vn 0.8367 0.5354 0.1155
vn 0.7377 0.6597 -0.1438
vn 0.7543 0.5910 0.2859
vn 0.8107 0.5355 0.2367
vn 0.8479 0.4565 0.2696
vn 0.8298 0.4608 0.3148
vn 0.5899 0.5643 0.5776
vn 0.7501 0.5590 0.3533
vn 0.7982 0.4165 0.4353
vn 0.7664 0.4883 0.4173
vn 0.6865 0.5697 0.4519
vn 0.9782 0.1933 0.0760
vn 0.9775 0.1955 0.0795
vn 0.9921 0.1242 0.0169
vn 0.9036 0.4005 0.1521
vn 0.9639 0.2565 0.0714
vn 0.9656 0.2397 0.1005
vn -0.0033 0.8654 0.5011
vn 0.0077 0.8797 0.4755
vn 0.0032 0.3776 0.9259
vn -0.0019 0.3623 0.9321
vn 0.6425 0.6647 -0.3813
vn 0.7572 0.6444 -0.1066
vn 0.7747 0.6208 -0.1205
vn 0.7530 0.4178 0.5084
vn 0.5528 0.8180 -0.1592
vn 0.5155 0.8456 -0.1384
vn 0.5557 0.7963 -0.2391
vn 0.5374 0.8038 -0.2553
vn 0.6073 0.6446 0.4644
vn 0.6147 0.6506 0.4459
vn 0.7990 0.4688 0.3766
vn 0.7861 0.5781 -0.2187
vn 0.7771 0.5907 -0.2171
vn 0.9752 0.1563 0.1569
vn 0.9948 0.0960 0.0349
vn 0.9885 0.1378 0.0618
vn -0.0480 0.9772 0.2067
vn 0.5080 -0.5583 -0.6560
vn 0.4818 -0.6489 -0.5888
vn 0.4922 -0.6619 -0.5654
vn 0.2599 0.9104 -0.3220
vn 0.5088 -0.6302 0.5865
vn 0.4468 -0.4676 0.7627
vn 0.3989 -0.1082 0.9106
vn 0.3166 0.0684 0.9461
vn 0.3611 -0.9320 0.0310
vn 0.3197 -0.7826 -0.5341
vn 0.0012 -0.9992 -0.0400
vn 0.0008 -0.9967 -0.0808
vn 0.0030 -0.9966 -0.0818
vn 0.0026 -0.9935 0.1140
vn -0.2176 -0.9387 -0.2673
vn 0.4442 0.7890 -0.4245
vn 0.3484 0.9301 0.1160
vn 0.5081 0.4516 -0.7334
vn 0.4923 0.3327 -0.8043
vn 0.4818 0.3593 -0.7992
vn 0.9797 -0.0920 0.1778
vn 0.9863 -0.0618 0.1532
vn 0.9721 0.0642 0.2257
vn 0.9053 0.1268 0.4053
vn 0.9791 0.0707 0.1905
vn -0.0020 0.8184 0.5746
vn 0.0013 0.8258 0.5640
vn -0.0006 0.9990 0.0456
vn 0.9948 -0.0037 0.1020
vn 0.0021 0.4159 0.9094
vn -0.0023 0.4024 0.9154
vn 0.0027 -0.1947 0.9809
vn -0.0337 0.7343 -0.6780
vn 0.9823 -0.0212 0.1860
vn 0.9862 0.1018 0.1304
vn 0.9644 0.0830 0.2510
vn 0.9709 0.0461 0.2349
vn 0.6401 0.7655 0.0652
vn 0.7023 0.7102 0.0492
vn 0.1869 0.9131 0.3624
vn 0.2029 0.9137 0.3522
vn 0.2055 0.9134 0.3513
vn 0.1741 0.9176 0.3573
vn 0.1965 0.7930 0.5766
vn 0.1679 0.7771 0.6066
vn 0.1824 0.6924 0.6981
vn 0.1682 0.6850 0.7089
vn 0.1475 0.6799 0.7183
vn 0.1318 0.6857 0.7158
vn 0.4654 0.0896 0.8806
vn 0.4598 0.4431 0.7696
vn 0.9347 0.2698 0.2313
vn 0.9001 0.3904 0.1934
vn 0.9348 0.2698 0.2312
vn 0.9914 0.0840 0.1008
vn 0.9916 0.0886 0.0944
vn 0.9921 0.0826 0.0942
vn 0.9932 0.0323 0.1122
vn 0.9917 0.0238 0.1265
vn 0.9892 0.0266 0.1444
vn 0.9820 0.0762 0.1731
vn 0.9810 0.0665 0.1822
vn 0.9837 0.0467 0.1735
vn 0.2221 -0.9601 0.1698
vn 0.6180 0.7862 -0.0085
vn 0.8273 0.5618 -0.0051
vn 0.7331 0.6799 -0.0177
vn 0.7953 0.5961 -0.1100
vn 0.5805 0.8093 -0.0897
vn 0.9620 0.0259 0.2718
vn 0.9717 -0.0254 0.2346
vn 0.9656 0.0870 0.2449
vn 0.9611 0.0303 0.2744
vn 0.5556 0.4924 0.6700
vn 0.5658 -0.3454 0.7487
vn 0.6117 -0.3507 0.7091
vn 0.6103 -0.7318 0.3033
vn 0.8791 -0.4145 0.2355
vn 0.6763 -0.6999 0.2297
vn 0.9165 -0.3883 0.0960
vn 0.7154 -0.6820 0.1519
vn 0.9993 -0.0238 0.0272
vn 0.9950 0.0122 0.0993
vn 0.9806 -0.0794 0.1794
vn 1.0000 0.0046 -0.0046
vn 0.9997 -0.0018 -0.0231
vn 0.9982 0.0549 -0.0227
vn 0.7057 -0.2513 0.6624
vn 0.3559 0.9205 -0.1613
vn 0.9996 -0.0195 -0.0190
vn 0.7660 0.6229 -0.1590
vn -0.0174 0.3007 -0.9536
vn -0.6312 0.2556 -0.7323
vn 0.6028 0.3601 -0.7120
vn 0.3550 -0.8779 0.3214
vn 0.3181 -0.8718 0.3725
vn 0.3018 -0.7814 0.5462
vn 0.2636 -0.9098 0.3205
vn 0.2839 -0.8987 0.3343
vn 0.2846 -0.8986 0.3338
vn 0.2852 -0.8932 0.3477
vn 0.3036 -0.8802 0.3647
vn 0.3230 -0.8760 0.3583
vn 0.9786 0.1155 0.1704
vn 0.9912 0.0047 0.1321
vn 0.9737 0.0073 0.2279
vn -0.0058 -0.9851 0.1717
vn -0.0037 -0.9860 0.1669
vn 0.0077 -0.8614 -0.5079
vn 0.0050 -0.8584 -0.5130
vn 0.7981 -0.2858 0.5304
vn 0.7657 -0.2461 0.5942
vn 0.6870 -0.2537 0.6809
vn 0.8318 -0.1555 0.5328
vn 0.8494 -0.1158 0.5150
vn 0.7545 -0.0894 0.6502
vn 0.8110 -0.0597 0.5820
vn 0.8368 0.0560 0.5447
vn 0.7374 0.3403 0.5835
vn 0.7749 0.3719 0.5111
vn 0.7445 -0.2421 0.6222
vn -0.6031 -0.4839 -0.6341
vn 0.6020 -0.4398 -0.6665
vn -0.7547 -0.2616 -0.6016
vn 0.9779 -0.0233 0.2078
vn 0.9786 -0.0186 0.2047
vn 0.9783 0.0349 0.2043
vn 0.9927 0.0505 0.1092
vn 0.9926 0.0395 0.1149
vn 0.9623 -0.0139 0.2717
vn -0.0244 -0.1790 0.9835
vn 0.0245 0.0519 0.9984
vn 0.0253 -0.5988 0.8005
vn 0.0104 -0.6377 0.7702
vn 0.5901 -0.3744 0.7152
vn 0.7502 -0.1624 0.6409
vn 0.2614 0.5881 0.7654
vn 0.5775 0.0630 0.8140
vn 0.6371 -0.2403 0.7324
vn 0.5638 0.4078 0.7182
vn 0.5151 0.3933 0.7616
vn 0.5554 0.4734 0.6837
vn 0.5370 0.4912 0.6858
vn 0.7861 0.3037 0.5383
vn 0.7656 0.3920 0.5101
vn 0.7860 0.3868 0.4822
vn 0.7590 0.2805 0.5876
vn 0.8165 0.0532 0.5749
vn 0.8158 0.1071 0.5684
vn 0.5088 -0.7523 -0.4185
vn 0.4470 -0.8697 -0.2096
vn 0.3995 -0.8995 0.1769
vn 0.3166 -0.8788 0.3571
vn 0.3090 -0.8782 0.3651
vn 0.3614 -0.3175 -0.8767
vn 0.3206 0.2688 -0.9083
vn 0.0001 -0.2726 -0.9621
vn -0.0002 -0.2306 -0.9730
vn 0.0025 -0.2294 -0.9733
vn 0.0026 -0.1915 -0.9815
vn 0.0458 -0.2638 -0.9635
vn 0.0425 -0.2028 -0.9783
vn -0.2964 -0.1712 -0.9396
vn 0.5312 -0.0359 -0.8465
vn -0.6836 0.0421 -0.7287
vn 0.3396 0.1102 -0.9341
vn 0.3148 -0.6183 -0.7201
vn 0.9950 -0.0907 0.0423
vn 0.9819 -0.1885 -0.0161
vn 0.9994 -0.0330 -0.0144
vn 0.3543 -0.5768 -0.7360
vn 0.3172 -0.6236 -0.7145
vn 0.3006 -0.7609 -0.5751
vn 0.2629 -0.5857 -0.7667
vn 0.2841 -0.5958 -0.7512
vn 0.2848 -0.5953 -0.7513
vn 0.2854 -0.6071 -0.7416
vn 0.3053 -0.6202 -0.7226
vn 0.3268 -0.6110 -0.7210
vn 0.7627 0.3451 0.5471
vn 0.3566 0.4374 0.8255
vn 0.2824 0.7571 -0.5891
vn 0.2726 0.9042 -0.3290
vn -0.0023 0.9304 -0.3665
vn 0.0001 0.8555 -0.5178
vn 0.0008 0.8554 -0.5180
vn 0.0020 0.8725 -0.4886
vn 0.0457 0.8312 -0.5542
vn 0.0422 0.8681 -0.4947
vn -0.2952 0.8412 -0.4529
vn 0.5303 0.7945 -0.2959
vn -0.6837 0.7059 -0.1852
vn 0.3408 0.9220 -0.1836
vn -0.0177 0.9998 -0.0086
vn -0.6318 0.7749 0.0169
vn 0.6024 0.7888 0.1223
vn 0.7447 -0.6663 -0.0381
vn 0.8184 -0.3880 -0.4239
vn 0.6317 -0.5096 -0.5842
vn 0.6138 -0.5104 -0.6023
vn 0.6288 -0.5133 -0.5841
vn 0.6757 -0.4350 -0.5951
vn 0.9233 -0.2036 -0.3258
vn 1.0000 0.0053 0.0025
vn 0.7132 -0.3563 -0.6036
vn 0.9995 0.0099 -0.0288
vn 0.9983 0.0376 0.0441
vn 0.9998 0.0204 -0.0090
vn 0.7064 -0.7070 -0.0345
vn 0.9716 -0.2002 0.1259
vn 0.9705 -0.2029 0.1304
vn 0.5755 -0.8124 -0.0938
vn 0.5648 -0.8203 -0.0899
vn 0.5489 -0.4970 0.6721
vn 0.9656 -0.2399 0.1007
vn 0.9658 -0.2343 0.1112
vn 0.9701 -0.2428 0.0015
vn -0.0610 0.7691 0.6363
vn 0.9956 -0.0582 0.0735
vn 0.9798 -0.1458 0.1365
vn 0.9719 -0.2186 0.0872
vn 0.9639 -0.2660 0.0081
vn -0.7647 0.4838 -0.4257
vn 0.6027 0.4977 -0.6237
vn -0.6032 0.4534 -0.6561
vn 0.8499 -0.5151 0.1112
vn 0.8192 -0.5709 0.0539
vn 0.8538 -0.5204 0.0168
vn 0.6135 -0.7785 -0.1322
vn 0.7303 -0.6746 -0.1076
vn 0.7879 -0.6021 -0.1292
vn 0.5650 -0.8153 -0.1270
vn 0.7995 -0.5989 -0.0468
vn 0.7144 -0.6935 0.0933
vn 0.4812 -0.8764 0.0196
vn 0.9810 -0.1529 0.1196
vn 0.9776 -0.2047 0.0480
vn 0.9769 -0.2053 0.0584
vn 0.9894 -0.0406 0.1397
vn 0.3404 -0.5204 -0.7831
vn 0.5089 0.1660 -0.8447
vn 0.4632 -0.0163 -0.8861
vn 0.3831 -0.4435 -0.8103
vn 0.5372 -0.5001 0.6792
vn 0.5559 -0.5037 0.6612
vn 0.5152 -0.6029 0.6092
vn 0.7862 -0.3389 0.5168
vn 0.7655 -0.3641 0.5305
vn 0.5645 -0.5567 0.6094
vn 0.7864 -0.4178 0.4550
vn 0.7590 -0.4723 0.4481
vn 0.5772 -0.7552 0.3105
vn 0.6367 -0.7711 -0.0072
vn 0.8151 -0.5030 0.2873
vn 0.8162 -0.5301 0.2297
vn 0.9737 -0.2125 0.0824
vn 0.9878 -0.1282 0.0879
vn -0.0271 -0.8316 -0.5548
vn 0.9936 -0.0881 0.0710
vn 0.9833 -0.1819 0.0065
vn -0.0244 -0.9983 0.0537
vn 0.0193 -0.9280 0.3721
vn -0.0239 -0.7753 0.6312
vn 0.0409 -0.9555 -0.2921
vn 0.2595 -0.5472 0.7958
vn 0.3195 -0.6115 -0.7239
vn 0.6446 -0.1959 0.7390
vn 0.9926 -0.0997 -0.0693
vn 0.9634 -0.1501 -0.2219
vn -0.0131 -0.3888 -0.9212
vn -0.0019 -0.4157 -0.9095
vn 0.0027 0.2396 -0.9709
vn -0.0019 0.2540 -0.9672
vn 0.0300 -0.8772 -0.4791
vn 0.9691 -0.2303 -0.0879
vn 0.9749 -0.1155 -0.1906
vn -0.0030 0.7428 -0.6695
vn 0.0019 0.7321 -0.6812
vn -0.0047 0.9969 -0.0789
vn 0.0050 0.9948 -0.1015
vn 0.9762 -0.1838 -0.1152
vn 0.9678 -0.1990 -0.1540
vn 0.9619 -0.1858 -0.2005
vn 0.9730 -0.1033 -0.2063
vn 0.9544 -0.2319 -0.1878
vn 0.9619 -0.1865 -0.2000
vn 0.4544 -0.1459 -0.8787
vn 0.5094 -0.1170 -0.8525
vn 0.4911 -0.1391 -0.8599
vn 0.6520 -0.7101 -0.2657
vn 0.6942 -0.7003 -0.1667
vn -0.0305 -0.4524 0.8913
vn 0.0303 -0.8594 0.5104
vn 0.0263 -0.3301 0.9436
vn -0.0013 -0.1964 -0.9805
vn 0.0176 -0.2576 -0.9661
vn -0.0110 -0.8518 -0.5237
vn -0.0195 -0.8408 -0.5410
vn 0.0165 -0.9998 0.0114
vn -0.0330 -0.9616 0.2726
vn 0.9746 -0.0111 -0.2237
vn 0.9856 -0.0237 -0.1671
vn 0.9791 -0.1554 -0.1311
vn 0.8895 -0.3591 -0.2824
vn 0.9948 -0.0573 -0.0847
vn 0.9748 -0.1878 -0.1202
vn 0.9758 -0.2149 -0.0406
vn 0.9705 -0.1563 -0.1838
vn 0.5685 -0.6911 0.4463
vn 0.6746 -0.6015 0.4279
vn 0.7304 -0.5629 0.3868
vn 0.6908 -0.5603 0.4570
vn 0.8770 -0.3257 0.3532
vn 0.5893 -0.5954 0.5461
vn 0.2263 0.6757 -0.7016
vn 0.9837 -0.1394 -0.1132
vn 0.9809 -0.1615 -0.1084
vn 0.2034 -0.9460 0.2523
vn 0.2046 -0.9457 0.2526
vn 0.2094 -0.9446 0.2529
vn 0.1867 -0.9518 0.2433
vn 0.3484 -0.8209 0.4525
vn 0.1566 -0.9828 0.0978
vn 0.2133 -0.9770 -0.0024
vn 0.1673 -0.9732 -0.1575
vn 0.1461 -0.9743 -0.1717
vn 0.1327 -0.9752 -0.1773
vn 0.1297 -0.9758 -0.1763
vn 0.9819 -0.1641 -0.0941
vn 0.9885 -0.1146 -0.0985
vn 0.9900 -0.1119 -0.0858
vn 0.9902 -0.1149 -0.0797
vn 0.9917 -0.1066 -0.0712
vn 0.9947 -0.0996 -0.0237
vn 0.9949 -0.0972 -0.0272
vn 0.9393 -0.3419 -0.0271
vn 0.9397 -0.3411 -0.0262
vn 0.9183 -0.3934 0.0443
vn 0.5087 -0.8213 -0.2584
vn 0.4703 -0.5748 -0.6697
vn 0.6792 0.3622 -0.6384
vn 0.7301 0.3117 -0.6081
vn 0.9950 -0.0683 -0.0731
vn 0.9806 -0.0412 -0.1918
vn 0.9993 0.0033 -0.0360
vn 1.0000 -0.0010 0.0064
vn 0.9997 0.0151 0.0176
vn 0.7060 -0.1858 -0.6834
vn 0.7524 -0.4231 0.5049
vn 0.3567 -0.6500 0.6711
vn 0.9995 0.0304 0.0005
vn 0.9984 -0.0299 0.0489
vn 0.7516 0.4372 -0.4939
vn 0.6887 0.4820 -0.5416
vn 0.7833 0.4082 -0.4689
vn 0.8438 0.3238 -0.4279
vn 0.7460 0.3837 -0.5442
vn 0.7014 0.4135 -0.5806
vn 0.7449 -0.1696 -0.6453
vn 0.2796 0.6834 0.6744
vn -0.0560 0.7222 0.6895
vn 0.0051 0.5486 0.8360
vn -0.3157 0.5129 0.7983
vn 0.2744 0.3162 0.9081
vn -0.6361 0.2227 0.7388
vn 0.6034 0.1278 0.7872
vn 0.9997 0.0211 0.0124
vn 0.9998 0.0180 0.0096
vn -0.0019 0.7576 0.6527
vn -0.0000 0.7570 0.6534
vn 0.0071 0.9839 0.1785
vn 0.5707 0.0217 0.8209
vn 0.7326 0.5345 0.4213
vn -0.0013 0.7853 0.6191
vn -0.0560 0.7247 0.6868
vn -0.6027 0.7645 0.2288
vn 0.4125 0.8571 0.3086
vn -0.4220 0.7904 0.4441
vn -0.6662 0.6426 0.3785
vn 0.3161 0.5005 -0.8059
vn 0.9783 -0.1527 -0.1397
vn 0.9785 -0.1073 -0.1760
vn 0.9778 -0.1057 -0.1810
vn 0.5088 0.8546 -0.1041
vn 0.4468 0.8269 -0.3414
vn 0.3990 0.6233 -0.6725
vn 0.4818 0.1792 0.8577
vn 0.4923 0.2037 0.8462
vn 0.5081 0.0659 0.8588
vn 0.4440 -0.3898 0.8068
vn 0.6743 -0.5469 -0.4961
vn 0.8108 -0.0871 -0.5788
vn 0.7510 -0.1540 -0.6421
vn 0.6047 -0.2207 -0.7653
vn 0.7524 -0.2117 -0.6237
vn 0.8907 -0.2864 -0.3531
vn 0.8170 -0.2470 -0.5211
vn 0.7883 -0.2522 -0.5612
vn 0.7885 -0.3008 -0.5364
vn 0.8103 -0.2941 -0.5068
vn 0.6139 -0.1150 -0.7810
vn 0.7424 -0.6101 -0.2767
vn 0.7771 -0.5987 -0.1943
vn 0.8366 -0.3660 -0.4075
vn 0.2597 -0.9259 -0.2743
vn 0.5777 -0.5291 -0.6215
vn 0.6374 -0.2382 -0.7328
vn 0.8164 -0.3819 -0.4331
vn 0.8157 -0.4183 -0.3996
vn 0.7497 -0.5923 -0.2952
vn 0.7786 -0.5708 -0.2609
vn 0.8118 -0.5601 -0.1649
vn 0.5637 -0.7521 -0.3415
vn 0.5156 -0.7657 -0.3846
vn 0.5558 -0.7846 -0.2748
vn 0.4926 -0.8352 -0.2445
vn 0.3092 0.4959 -0.8115
vn 0.3553 0.5213 -0.7759
vn 0.2635 0.5476 -0.7941
vn 0.3017 0.3113 -0.9011
vn 0.3180 0.4859 -0.8141
vn 0.2847 0.5310 -0.7981
vn 0.2837 0.5306 -0.7987
vn 0.2852 0.5181 -0.8063
vn 0.3036 0.4977 -0.8125
vn 0.3229 0.4980 -0.8048
vn 0.6393 0.7502 0.1690
vn 0.6495 0.7431 0.1612
vn 0.5367 0.7174 -0.4442
vn 0.5977 0.6955 -0.3988
vn 0.5320 0.0019 -0.8467
vn 0.9514 0.1265 -0.2807
vn 0.9572 0.1505 -0.2474
vn 0.9649 0.0795 -0.2503
vn 0.9628 0.1516 -0.2237
vn 0.9804 0.1463 -0.1319
vn 0.9728 0.1130 -0.2022
vn 0.9704 0.1036 -0.2183
vn 0.5618 -0.6433 -0.5201
vn 0.6538 -0.5985 -0.4629
vn 0.6295 -0.6316 -0.4525
vn 0.6691 -0.6020 -0.4359
vn 0.2303 0.8754 0.4250
vn 0.7888 -0.5064 -0.3484
vn 0.7789 -0.5170 -0.3550
vn 0.7796 -0.5450 -0.3085
vn 0.7288 -0.6153 -0.3004
vn 0.6700 -0.6536 -0.3520
vn 0.6785 -0.2854 -0.6769
vn 0.7617 -0.2210 -0.6090
vn 0.6763 -0.2855 -0.6791
vn 0.7530 -0.3542 -0.5546
vn 0.7633 -0.4686 -0.4448
vn 0.7740 0.0011 -0.6332
vn 0.8367 0.2758 -0.4732
vn 0.9795 0.0121 -0.2010
vn 0.9720 0.1249 -0.1991
vn 0.9898 0.0647 -0.1270
vn -0.9984 0.0413 -0.0375
vn 0.9921 0.1169 -0.0453
vn 0.9914 0.1225 -0.0460
vn 0.8783 0.1555 -0.4522
vn 0.9915 0.0543 -0.1183
vn 0.9792 0.0546 -0.1956
vn -0.0014 0.7144 -0.6998
vn 0.0056 0.6932 -0.7207
vn -0.0043 0.2190 -0.9757
vn 0.0022 0.1981 -0.9802
vn 0.0017 0.9720 -0.2350
vn 0.0045 0.9699 -0.2436
vn -0.0020 -0.3255 -0.9455
vn 0.0013 -0.3376 -0.9413
vn -0.0004 -0.7417 -0.6707
vn 0.0235 -0.9633 -0.2674
vn -0.0361 -0.8235 -0.5662
vn -0.0170 -0.9824 0.1860
vn 0.0019 -0.9699 0.2435
vn -0.7560 -0.1416 0.6390
vn 0.6030 -0.0358 0.7970
vn -0.6018 0.0188 0.7984
vn 0.7187 -0.6104 0.3330
vn -0.7945 -0.4988 0.3463
vn 0.7058 -0.5194 0.4818
vn -0.6818 -0.4633 0.5661
vn 0.0467 -0.5995 0.7990
vn 0.9995 -0.0194 0.0260
vn 0.9996 -0.0127 0.0234
vn 0.2704 -0.4445 0.8540
vn -0.2247 -0.4221 0.8783
vn 0.0368 -0.3891 0.9205
vn 0.0401 -0.3535 0.9346
vn -0.0011 -0.4183 0.9083
vn 0.7154 0.6388 0.2833
vn -0.0009 -0.3886 0.9214
vn 0.0002 -0.3890 0.9212
vn 0.0007 -0.3433 0.9392
vn 0.3092 -0.7447 0.5914
vn 0.3658 -0.2583 0.8941
vn 0.7630 -0.6003 -0.2396
vn 0.3557 -0.8395 -0.4108
vn 0.9995 -0.0296 0.0095
vn 0.9997 0.0075 0.0217
vn 0.7055 0.5930 -0.3882
vn 0.9997 -0.0118 0.0196
vn 0.9999 -0.0084 0.0088
vn 0.9998 0.0155 -0.0084
vn 0.9998 0.0110 -0.0146
vn 0.9935 0.0700 -0.0896
vn 0.9819 0.1624 -0.0978
vn 0.9312 0.3408 0.1295
vn 0.8352 0.5091 0.2082
vn 0.7372 0.6486 0.1893
vn 0.8077 0.5742 0.1339
vn 0.3192 0.9206 0.2250
vn 0.7444 0.5617 -0.3610
vn 0.3538 0.8993 0.2570
vn 0.3177 0.9244 0.2111
vn 0.3046 0.9523 0.0179
vn 0.2620 0.9247 0.2761
vn 0.2839 0.9237 0.2574
vn 0.2847 0.9233 0.2578
vn 0.2852 0.9270 0.2437
vn 0.3057 0.9264 0.2200
vn 0.3270 0.9181 0.2240
vn 0.3151 0.9234 0.2191
vn 0.9769 0.1318 -0.1681
vn 0.9774 0.1356 -0.1620
vn 0.9885 -0.0719 -0.1328
vn 0.3442 0.8774 0.3341
vn 0.3851 0.8324 0.3986
vn 0.4634 0.5346 0.7068
vn 0.5089 0.3625 0.7808
vn 0.9934 0.0319 -0.1101
vn 0.9834 0.1461 -0.1077
vn 0.9878 0.0550 -0.1459
vn 0.9736 0.1230 -0.1923
vn -0.0087 0.9995 -0.0301
vn -0.0047 0.7579 -0.6524
vn 0.0031 0.3130 -0.9498
vn 0.0048 0.3060 -0.9520
vn 0.0016 0.7706 -0.6373
vn 0.0074 0.9965 -0.0835
vn 0.9007 -0.2001 -0.3856
vn 0.9345 -0.0828 -0.3461
vn 0.4600 0.0948 -0.8828
vn 0.9342 -0.0823 -0.3471
vn 0.9911 -0.0086 -0.1326
vn 0.4664 0.4478 -0.7628
vn 0.1318 -0.1341 -0.9822
vn 0.1476 -0.1278 -0.9808
vn 0.1679 -0.1373 -0.9762
vn 0.1825 -0.1500 -0.9717
vn 0.1674 -0.2757 -0.9466
vn 0.1949 -0.3025 -0.9330
vn 0.1881 -0.5362 -0.8229
vn 0.1969 -0.5286 -0.8257
vn 0.9913 -0.0136 -0.1309
vn 0.9914 -0.0129 -0.1303
vn 0.9930 0.0391 -0.1116
vn 0.9917 0.0549 -0.1165
vn 0.9892 0.0639 -0.1316
vn 0.9820 0.0403 -0.1845
vn 0.9808 0.0526 -0.1880
vn 0.9837 0.0644 -0.1677
vn 0.2092 -0.5303 -0.8216
vn 0.1926 -0.5226 -0.8305
vn 0.4069 -0.7671 -0.4959
vn 0.3102 -0.7179 -0.6232
vn 0.9854 0.0561 -0.1609
vn 0.4985 -0.8013 0.3307
vn 0.4923 -0.7421 0.4549
vn 0.4714 -0.7775 0.4161
vn 0.8292 0.4428 -0.3412
vn 0.7500 0.5084 -0.4231
vn 0.5898 0.7236 -0.3586
vn 0.7981 0.5430 -0.2612
vn 0.7657 0.5484 -0.3361
vn 0.6871 0.6055 -0.4016
vn 0.7537 0.4551 -0.4742
vn 0.8474 0.3979 -0.3515
vn 0.8108 0.3904 -0.4361
vn 0.2614 -0.0259 -0.9649
vn 0.4929 -0.0255 -0.8697
vn 0.5558 0.0188 -0.8311
vn 0.5153 0.1292 -0.8472
vn 0.5639 0.0922 -0.8207
vn 0.5778 0.4292 -0.6942
vn 0.6371 0.6254 -0.4506
vn 0.8147 0.2337 -0.5307
vn 0.7452 0.0884 -0.6610
vn 0.7608 0.0739 -0.6448
vn 0.7964 -0.0503 -0.6027
vn 0.7856 -0.0149 -0.6186
vn 0.7888 -0.0172 -0.6145
vn 0.8162 0.2944 -0.4971
vn 0.9870 0.0812 -0.1387
vn -0.0168 0.5199 0.8541
vn -0.0011 0.7628 0.6467
vn 0.0036 0.7697 0.6384
vn -0.0005 0.2250 0.9743
vn 0.0019 0.2322 0.9727
vn 0.0013 -0.2804 0.9599
vn -0.0020 -0.2928 0.9562
vn 0.0021 -0.7351 0.6779
vn -0.0044 -0.7496 0.6618
vn 0.0061 -0.9878 0.1554
vn 0.0026 -0.9898 0.1425
vn -0.0063 -0.9299 -0.3677
vn -0.0069 0.4006 0.9162
vn -0.0082 0.4031 0.9151
vn 0.0068 0.8690 0.4948
vn 0.0086 0.8720 0.4894
vn 0.0123 0.6399 -0.7684
vn 0.0472 0.9961 -0.0741
vn -0.0113 -0.1521 0.9883
vn 0.0183 -0.6140 0.7891
vn -0.0088 0.1707 -0.9853
vn 0.0030 0.1316 -0.9913
vn 0.0240 -0.4785 -0.8778
vn -0.0031 -0.3939 -0.9191
vn 0.1677 -0.9604 0.2226
vn 0.6898 -0.2922 0.6624
vn 0.7539 -0.2595 0.6035
vn 0.4134 0.4439 0.7950
vn 0.7588 0.6508 0.0246
vn 0.6499 0.2687 -0.7110
vn 0.7985 0.2057 -0.5658
vn 0.7377 0.5010 -0.4525
vn 0.9132 0.3868 0.1287
vn 0.9802 -0.1134 -0.1621
vn 0.9981 0.0420 -0.0451
vn 0.9910 0.0098 -0.1336
vn 0.7606 -0.2245 -0.6092
vn 0.6660 -0.3178 -0.6748
vn 0.7244 -0.6865 -0.0630
vn 0.7145 -0.6967 -0.0649
vn 0.5083 -0.4996 0.7015
vn 0.9129 -0.0027 0.4083
vn 0.7585 0.1777 0.6270
vn 0.7378 0.5852 0.3365
vn 0.7943 0.6072 0.0204
vn 0.6385 0.7688 0.0360
vn 0.6702 0.5408 -0.5083
vn 0.7603 0.5100 -0.4022
vn 0.4403 -0.2258 -0.8690
vn 0.5075 -0.8219 -0.2587
vn 0.7150 -0.1535 -0.6820
vn 0.7244 -0.1522 -0.6724
vn 0.7583 -0.5415 0.3631
vn 0.9127 -0.3893 0.1241
vn 0.7377 -0.1422 0.6600
vn 0.6503 0.2003 0.7328
vn 0.7980 0.1663 0.5793
vn 0.6630 0.6568 0.3592
vn 0.7615 0.5382 0.3611
vn 0.4405 0.7566 -0.4832
vn 0.8555 -0.0769 0.5121
vn 0.8693 -0.4108 0.2749
vn 0.2969 -0.4883 0.8206
vn 0.7558 0.0963 0.6477
vn 0.5686 0.6347 0.5233
vn 0.8087 0.5043 -0.3028
vn 0.6946 0.6230 -0.3598
vn 0.6419 -0.0394 -0.7658
vn 0.6822 -0.5367 -0.4965
vn 0.6532 -0.5456 -0.5251
vn 0.6707 -0.7384 -0.0704
vn 0.6465 -0.7624 -0.0280
vn 0.7733 -0.5315 0.3457
vn 0.9634 0.2101 0.1667
vn 0.7375 -0.2732 -0.6177
vn 0.7923 -0.6078 0.0538
vn 0.9131 0.2420 -0.3281
vn 0.6472 0.5725 0.5033
vn 0.7156 0.5281 0.4571
vn 0.5093 0.8158 -0.2740
vn 0.7581 0.2246 -0.6123
vn 0.7975 -0.4732 -0.3743
vn 0.7446 -0.5212 -0.4171
vn 0.6398 -0.7670 -0.0482
vn 0.6303 -0.2845 0.7224
vn 0.6656 -0.2368 0.7078
vn -0.9953 0.0972 -0.0006
vn -0.4115 -0.9114 0.0032
vn 0.3022 -0.9357 0.1820
vn 0.2184 -0.9588 0.1814
vn -0.9971 0.0745 -0.0122
vn -0.9965 0.0818 -0.0157
vn -0.1870 -0.8959 0.4029
vn -0.0000 -0.9064 0.4225
vn -0.9970 0.0700 -0.0317
vn -0.9965 0.0755 -0.0357
vn -0.4222 0.8197 -0.3871
vn -0.8071 0.5556 -0.1999
vn -0.8386 0.4477 -0.3102
vn -0.0000 -0.8190 0.5739
vn -0.9956 0.0771 -0.0537
vn 0.1874 -0.7967 0.5746
vn -0.9976 0.0524 -0.0460
vn -0.4213 0.6816 -0.5983
vn -0.9947 0.0671 -0.0780
vn -0.2180 -0.6365 0.7398
vn 0.2185 -0.6180 0.7552
vn -0.8033 0.3907 -0.4495
vn -0.9976 0.0377 -0.0587
vn -0.9947 0.0429 -0.0934
vn -0.2184 -0.4076 0.8866
vn -0.5536 0.4500 -0.7008
vn 0.2183 -0.3857 0.8964
vn -0.7559 0.3295 -0.5657
vn -0.9920 0.0586 -0.1115
vn -0.2181 -0.1476 0.9647
vn 0.2184 -0.1238 0.9680
vn -0.6297 0.2186 -0.7455
vn -0.9791 0.0092 -0.2032
vn -0.9965 0.0126 -0.0826
vn -0.9965 -0.0106 -0.0828
vn -0.2182 0.1240 0.9680
vn -0.9965 -0.0106 -0.0829
vn 0.2184 0.1478 0.9646
vn -0.1869 0.3713 0.9095
vn -0.0000 0.3905 0.9206
vn -0.7690 0.0935 -0.6324
vn -0.6338 -0.0981 -0.7672
vn -0.9970 -0.0292 -0.0710
vn -0.9965 -0.0330 -0.0767
vn -0.0000 0.5448 0.8386
vn 0.1876 0.5462 0.8164
vn -0.5981 -0.0976 -0.7954
vn -0.9956 -0.0510 -0.0789
vn -0.9976 -0.0441 -0.0540
vn -0.2182 0.7172 0.6619
vn -0.9947 -0.0755 -0.0697
vn 0.2184 0.7332 0.6440
vn -0.4215 -0.3585 -0.8330
vn -0.8072 -0.1803 -0.5621
vn -0.9976 -0.0573 -0.0397
vn -0.8387 -0.2943 -0.4582
vn -0.1870 0.8690 0.4581
vn -0.9953 -0.0861 -0.0451
vn -0.0000 0.8909 0.4542
vn -0.6472 -0.7173 -0.2581
vn -0.8005 -0.5722 -0.1782
vn -0.9970 -0.0728 -0.0261
vn -0.5521 -0.8235 -0.1304
vn -0.0000 0.9564 0.2921
vn -0.9962 -0.0835 -0.0258
vn -0.9972 -0.0737 -0.0117
vn 0.1874 0.9433 0.2741
vn -0.2181 0.9748 0.0460
vn 0.2185 0.9756 0.0220
vn -0.9947 -0.1027 -0.0048
vn -0.9976 -0.0694 0.0064
vn -0.1872 0.9601 -0.2078
vn -0.0000 0.9744 -0.2249
vn -0.1103 -0.9771 -0.1818
vn -0.0936 -0.9506 -0.2960
vn -0.8388 -0.5444 -0.0122
vn -0.4217 -0.9029 0.0834
vn -0.8388 -0.5266 0.1382
vn -0.9953 -0.0949 0.0208
vn -0.0000 0.9204 -0.3910
vn 0.1874 0.8988 -0.3963
vn -0.9970 -0.0726 0.0268
vn -0.5399 -0.7899 0.2907
vn -0.9962 -0.0806 0.0339
vn -0.9972 -0.0640 0.0384
vn -0.7820 -0.5342 0.3212
vn -0.7620 -0.5568 0.3307
vn -0.2182 0.7763 -0.5914
vn 0.2187 0.7615 -0.6102
vn -0.9947 -0.0818 0.0623
vn -0.9976 -0.0491 0.0496
vn -0.6345 -0.5437 0.5494
vn -0.5974 -0.5671 0.5670
vn -0.8071 -0.3320 0.4882
vn -0.5412 -0.4178 0.7297
vn -0.2186 0.5830 -0.7825
vn -0.9947 -0.0614 0.0825
vn 0.2183 0.5636 -0.7967
vn -0.9974 -0.0361 0.0631
vn -0.9950 -0.0325 0.0941
vn -0.7820 -0.2027 0.5893
vn -0.7625 -0.2137 0.6107
vn -0.1869 0.3646 -0.9122
vn -0.9970 -0.0283 0.0714
vn -0.0000 0.3585 -0.9335
vn -0.0000 0.1906 -0.9817
vn -0.9956 -0.0182 0.0922
vn 0.1875 0.1742 -0.9667
vn -0.9976 -0.0057 0.0695
vn -0.2182 -0.0562 -0.9743
vn -0.9947 0.0059 0.1026
vn 0.2186 -0.0801 -0.9725
vn -0.9976 0.0136 0.0684
vn -0.2184 -0.3227 -0.9210
vn 0.2183 -0.3452 -0.9128
vn -0.9947 0.0340 0.0970
vn -0.1869 -0.5522 -0.8125
vn -0.0000 -0.5733 -0.8193
vn -0.0000 -0.7074 -0.7068
vn 0.1874 -0.7042 -0.6848
vn -0.2181 -0.8391 -0.4982
vn -0.3049 -0.8163 -0.4905
vn 0.4135 -0.8545 -0.3145
vn -0.5591 -0.8020 -0.2104
vn -0.9947 0.0883 0.0525
vn -0.9976 0.0643 0.0269
vn -0.9976 0.0544 0.0436
vn -0.9956 0.0663 0.0666
vn -0.9970 0.0433 0.0634
vn -0.9950 0.0599 0.0796
vn -0.9974 0.0322 0.0652
vn -0.9947 0.0994 0.0261
vn -0.9976 0.0692 0.0082
vn 0.5592 -0.8255 -0.0763
vn -0.8033 0.5753 0.1541
vn -0.5537 0.8270 0.0974
vn -0.7560 0.6528 0.0482
vn -0.0964 0.9927 0.0731
vn -0.1044 0.9881 0.1131
vn -0.1022 0.9608 0.2577
vn -0.4219 0.8363 0.3501
vn -0.8388 0.4748 0.2663
vn -0.4217 0.7075 0.5671
vn -0.0998 0.9632 0.2496
vn -0.8389 0.3830 0.3868
vn -0.5527 0.5017 0.6655
vn -0.8010 0.2876 0.5250
vn -0.6470 0.3367 0.6841
vn -0.1103 0.9180 0.3809
vn -0.0936 0.8684 0.4870
vn -0.0998 0.8571 0.5054
vn -0.1103 0.7774 0.6192
vn -0.0935 0.7005 0.7075
vn -0.0998 0.6845 0.7221
vn -0.1103 0.5767 0.8095
vn -0.0935 0.4783 0.8732
vn -0.0998 0.4590 0.8828
vn -0.1103 0.3313 0.9371
vn -0.0297 0.9931 0.1136
vn -0.0201 0.9944 0.1039
vn -0.0297 0.9676 0.2508
vn -0.0200 0.9703 0.2412
vn -0.0296 0.9232 0.3832
vn -0.0200 0.9271 0.3742
vn -0.0296 0.8611 0.5076
vn -0.0200 0.8662 0.4993
vn -0.0295 0.7819 0.6227
vn -0.0296 0.6877 0.7254
vn -0.0200 0.7881 0.6152
vn -0.0296 0.5800 0.8141
vn -0.0200 0.6949 0.7188
vn -0.0295 0.4611 0.8869
vn -0.0201 0.4697 0.8826
vn -0.0200 0.5881 0.8085
vn 0.5125 0.6769 0.5283
vn 0.5122 0.6768 0.5287
vn 0.5120 0.7439 0.4295
vn 0.5127 0.7438 0.4288
vn 0.5122 0.7963 0.3217
vn 0.5127 0.7962 0.3212
vn 0.5122 0.8334 0.2078
vn 0.5128 0.8331 0.2072
vn 0.5123 0.8541 0.0898
vn 0.5126 0.8540 0.0895
vn 0.5128 0.5967 0.6173
vn 0.5123 0.5966 0.6178
vn 0.5128 0.5050 0.6942
vn 0.5121 0.5048 0.6950
vn 0.5126 0.4035 0.7579
vn 0.5121 0.4033 0.7583
vn 0.5126 0.2941 0.8067
vn 0.5120 0.2937 0.8072
vn -0.0201 0.3424 0.9393
vn -0.0297 0.3331 0.9424
vn -0.0298 0.1987 0.9796
vn -0.0200 0.2086 0.9778
vn -0.0296 0.0604 0.9977
vn 0.5125 0.1789 0.8398
vn 0.5121 0.1786 0.8402
vn 0.5126 0.0605 0.8565
vn 0.5119 0.0599 0.8570
vn -0.0201 0.0702 0.9973
vn 0.5124 -0.0596 0.8567
vn 0.5121 -0.0599 0.8569
vn -0.0296 -0.0789 0.9964
vn 0.5126 -0.1781 0.8400
vn 0.5120 -0.1786 0.8402
vn -0.0200 -0.0691 0.9974
vn 0.5126 -0.2932 0.8070
vn 0.5121 -0.2936 0.8071
vn -0.0295 -0.2169 0.9757
vn -0.0202 -0.2076 0.9780
vn -0.0298 -0.3505 0.9361
vn -0.0200 -0.3413 0.9397
vn -0.0297 -0.4774 0.8782
vn -0.1103 -0.2157 0.9702
vn -0.0998 -0.0786 0.9919
vn -0.0935 -0.0569 0.9940
vn -0.1103 0.0601 0.9921
vn -0.0998 0.1978 0.9751
vn -0.0935 0.2193 0.9712
vn -0.7629 0.1424 0.6307
vn -0.6330 0.1515 0.7592
vn -0.7633 -0.0369 0.6450
vn -0.6330 -0.0636 0.7715
vn -0.0935 -0.3289 0.9397
vn -0.0998 -0.3490 0.9318
vn -0.1103 -0.4747 0.8732
vn -0.0296 -0.5950 0.8032
vn -0.0200 -0.4688 0.8831
vn -0.0201 -0.5873 0.8092
vn -0.0296 -0.7010 0.7125
vn -0.0202 -0.6943 0.7194
vn -0.0297 -0.7934 0.6080
vn -0.0998 -0.6978 0.7093
vn -0.1022 -0.7036 0.7032
vn -0.1044 -0.5920 0.7992
vn -0.0963 -0.5594 0.8233
vn -0.1103 -0.7889 0.6046
vn -0.0936 -0.8560 0.5084
vn -0.0998 -0.8663 0.4895
vn -0.1103 -0.9249 0.3637
vn -0.0935 -0.9630 0.2527
vn -0.0997 -0.9676 0.2318
vn -0.1103 -0.9894 0.0947
vn -0.0935 -0.9954 -0.0223
vn -0.0998 -0.9940 -0.0439
vn -0.0296 -0.8702 0.4918
vn -0.0199 -0.7874 0.6161
vn -0.0297 -0.9302 0.3658
vn -0.0200 -0.8656 0.5004
vn -0.0298 -0.9720 0.2329
vn -0.0202 -0.9269 0.3749
vn -0.0202 -0.9699 0.2425
vn -0.0297 -0.9950 0.0953
vn -0.0201 -0.9943 0.1050
vn -0.0297 -0.9986 -0.0441
vn -0.0201 -0.9992 -0.0343
vn 0.5126 -0.8581 -0.0297
vn 0.5120 -0.8584 -0.0302
vn 0.5121 -0.8542 0.0898
vn 0.5128 -0.8538 0.0903
vn 0.5123 -0.8333 0.2078
vn 0.5127 -0.8330 0.2081
vn 0.5121 -0.7963 0.3219
vn 0.5125 -0.7960 0.3221
vn 0.5119 -0.7440 0.4294
vn 0.5128 -0.7432 0.4298
vn 0.5123 -0.6767 0.5288
vn 0.5128 -0.6762 0.5290
vn 0.5123 -0.5966 0.6178
vn 0.5126 -0.5962 0.6179
vn 0.5121 -0.5048 0.6949
vn 0.5124 -0.5044 0.6950
vn 0.5120 -0.4035 0.7584
vn 0.5127 -0.4027 0.7583
vn -0.1103 0.8973 -0.4274
vn -0.0963 0.9365 -0.3372
vn -0.1044 0.9486 -0.2986
vn -0.1022 0.9826 -0.1554
vn -0.0998 0.8300 -0.5488
vn -0.0935 0.8184 -0.5670
vn -0.1103 0.7448 -0.6581
vn -0.0998 0.6466 -0.7563
vn -0.1022 0.6528 -0.7506
vn -0.1044 0.5348 -0.8385
vn -0.0963 0.5007 -0.8602
vn -0.1103 0.4126 -0.9042
vn -0.0998 0.2832 -0.9539
vn -0.1114 0.3215 -0.9403
vn -0.1112 0.1473 -0.9828
vn -0.0988 0.0906 -0.9910
vn -0.1103 0.0092 -0.9939
vn -0.0998 -0.1292 -0.9866
vn -0.1022 -0.1210 -0.9874
vn -0.1044 -0.2653 -0.9585
vn -0.0963 -0.3042 -0.9477
vn -0.1103 -0.3957 -0.9117
vn -0.0998 -0.5195 -0.8486
vn -0.0936 -0.5381 -0.8377
vn -0.1103 -0.6318 -0.7673
vn -0.0297 -0.5219 -0.8525
vn -0.0202 -0.5303 -0.8476
vn -0.0297 -0.3980 -0.9169
vn -0.0998 -0.7332 -0.6726
vn -0.1022 -0.7273 -0.6786
vn -0.1044 -0.8193 -0.5638
vn -0.0296 -0.6353 -0.7717
vn -0.0200 -0.6430 -0.7656
vn -0.0296 -0.7366 -0.6757
vn -0.0200 -0.7433 -0.6686
vn -0.0963 -0.8421 -0.5306
vn -0.1103 -0.8892 -0.4440
vn -0.0998 -0.9435 -0.3161
vn -0.0296 -0.9827 -0.1828
vn -0.0297 -0.9478 -0.3175
vn -0.0201 -0.9847 -0.1734
vn -0.0201 -0.9511 -0.3083
vn -0.0297 -0.8943 -0.4466
vn 0.5125 -0.8457 -0.1487
vn 0.5121 -0.8459 -0.1492
vn -0.0200 -0.8989 -0.4378
vn 0.5126 -0.8168 -0.2647
vn 0.5120 -0.8170 -0.2653
vn 0.5125 -0.7719 -0.3762
vn 0.5122 -0.7719 -0.3765
vn 0.5127 -0.7121 -0.4796
vn 0.5121 -0.7121 -0.4802
vn -0.0296 -0.8235 -0.5666
vn -0.0200 -0.8292 -0.5586
vn 0.5126 -0.6385 -0.5741
vn 0.5120 -0.6384 -0.5747
vn 0.5125 -0.5523 -0.6575
vn 0.5119 -0.5521 -0.6581
vn 0.5125 -0.4555 -0.7280
vn 0.5120 -0.4553 -0.7284
vn 0.5125 -0.3496 -0.7843
vn 0.5120 -0.3493 -0.7848
vn 0.5125 -0.2372 -0.8253
vn 0.5119 -0.2368 -0.8258
vn -0.0201 -0.4071 -0.9132
vn -0.0297 -0.2666 -0.9633
vn -0.0201 -0.2761 -0.9609
vn 0.5124 -0.1200 -0.8503
vn 0.5117 -0.1195 -0.8508
vn -0.0296 -0.1298 -0.9911
vn 0.5123 -0.0004 -0.8588
vn 0.5118 -0.0000 -0.8591
vn -0.0201 -0.1395 -0.9900
vn -0.0297 0.0092 -0.9995
vn 0.5123 0.1191 -0.8505
vn 0.5119 0.1195 -0.8507
vn -0.0201 -0.0005 -0.9998
vn -0.0201 0.1385 -0.9902
vn -0.0297 0.1482 -0.9885
vn -0.0297 0.2845 -0.9582
vn -0.0201 0.2751 -0.9612
vn -0.0297 0.4149 -0.9094
vn 0.5123 0.2365 -0.8256
vn 0.5120 0.2368 -0.8257
vn -0.0202 0.4061 -0.9136
vn -0.0297 0.5375 -0.8427
vn -0.0201 0.5294 -0.8481
vn -0.0297 0.6495 -0.7598
vn -0.0297 0.7490 -0.6619
vn -0.0201 0.6422 -0.7663
vn -0.0297 0.8338 -0.5512
vn -0.0201 0.7426 -0.6694
vn -0.0202 0.8286 -0.5595
vn 0.5126 0.7115 -0.4806
vn 0.5119 0.7122 -0.4803
vn 0.5124 0.7717 -0.3768
vn 0.5120 0.7721 -0.3766
vn 0.5125 0.8165 -0.2658
vn 0.5121 0.8169 -0.2655
vn 0.5125 0.6379 -0.5748
vn 0.5121 0.6383 -0.5747
vn 0.5120 0.5522 -0.6580
vn 0.5126 0.5515 -0.6581
vn 0.5121 0.4551 -0.7284
vn 0.5125 0.4547 -0.7284
vn 0.5120 0.3493 -0.7848
vn 0.5125 0.3488 -0.7847
vn -0.0202 0.8984 -0.4387
vn -0.0297 0.9024 -0.4298
vn -0.0297 0.9534 -0.3001
vn -0.0202 0.9507 -0.3095
vn 0.5126 0.8455 -0.1496
vn 0.5120 0.8460 -0.1492
vn -0.0201 0.9845 -0.1741
vn -0.0297 0.9859 -0.1644
vn -0.0998 0.9815 -0.1636
vn -0.0297 0.9992 -0.0255
vn -0.0201 0.9992 -0.0353
vn 0.5125 0.8582 -0.0303
vn 0.5121 0.8584 -0.0299
vn -0.1103 0.9936 -0.0254
vn -0.6343 0.7629 -0.1248
vn -0.5976 0.7919 -0.1254
vn -0.7562 -0.5535 -0.3489
vn -0.5537 -0.6844 -0.4743
vn -0.8032 -0.4357 -0.4062
vn -0.4214 -0.5742 -0.7019
vn -0.7311 -0.6618 0.1657
vn 0.4702 -0.8097 -0.3512
vn -0.5580 -0.7467 -0.3621
vn 0.9797 0.1610 -0.1195
vn 0.6692 0.7091 -0.2221
vn 0.5707 0.8013 -0.1794
vn 0.6595 0.7416 -0.1224
vn 0.7467 0.6650 -0.0168
vn 0.7569 0.6492 0.0751
vn 0.7004 0.6906 0.1800
vn 0.5076 0.7946 0.3329
vn 0.5227 0.7882 0.3249
vn 0.6931 0.6210 0.3660
vn 0.7428 0.5228 0.4183
vn 0.7254 0.4731 0.4999
vn 0.6232 0.4528 0.6377
vn 0.5222 0.4529 0.7226
vn 0.6609 0.3445 0.6667
vn 0.7472 0.2211 0.6268
vn 0.7572 0.1293 0.6403
vn 0.7006 0.0426 0.7123
vn 0.5065 -0.0713 0.8593
vn 0.5233 -0.0650 0.8497
vn 0.6957 -0.1567 0.7010
vn 0.7446 -0.2349 0.6248
vn 0.7282 -0.3277 0.6019
vn 0.6287 -0.4637 0.6243
vn 0.7271 -0.3639 0.5821
vn 0.7538 -0.4616 0.4677
vn 0.7078 -0.5616 0.4285
vn 0.5542 -0.7257 0.4078
vn 0.5415 -0.7353 0.4076
vn 0.6948 -0.6697 0.2623
vn 0.7384 -0.6559 0.1566
vn 0.7120 -0.6991 0.0662
vn 0.5854 -0.8099 -0.0372
vn 0.6595 -0.7517 -0.0010
vn 0.7512 -0.6488 -0.1213
vn 0.7456 -0.6315 -0.2126
vn 0.6629 -0.6693 -0.3355
vn 0.4018 -0.7527 -0.5215
vn 0.5587 -0.7051 -0.4366
vn 0.7058 -0.5216 -0.4794
vn 0.7148 -0.4439 -0.5404
vn 0.6410 -0.3986 -0.6559
vn 0.5873 -0.3926 -0.7077
vn 0.6942 -0.2863 -0.6603
vn 0.7437 -0.1779 -0.6444
vn 0.7272 -0.0883 -0.6807
vn 0.6274 0.0090 -0.7786
vn 0.4778 0.0824 -0.8746
vn 0.6081 0.1187 -0.7850
vn 0.7457 0.1909 -0.6384
vn 0.7830 0.2591 -0.5655
vn 0.7644 0.3476 -0.5429
vn 0.6696 0.4835 -0.5638
vn 0.3793 0.6944 -0.6115
vn 0.5570 0.5932 -0.5813
vn 0.7090 0.5882 -0.3889
vn 0.7246 0.6232 -0.2942
vn 1.0000 -0.0002 -0.0000
vn 1.0000 0.0002 -0.0000
vn 1.0000 -0.0001 -0.0000
vn 1.0000 0.0001 -0.0000
vn -1.0000 -0.0002 -0.0000
vn -1.0000 0.0001 -0.0000
vn -1.0000 -0.0000 -0.0000
vn -1.0000 -0.0001 -0.0000
vn -1.0000 0.0002 -0.0000
vn 0.0116 0.9824 -0.1862
vn 0.0092 0.9808 -0.1950
vn 0.0116 0.9497 -0.3129
vn 0.0092 0.9469 -0.3214
vn -0.2323 0.9540 -0.1897
vn -0.1946 0.9653 -0.1744
vn -0.1949 0.9288 -0.3153
vn -0.2370 0.9109 -0.3378
vn -0.8370 0.5383 -0.0983
vn -0.8656 0.4836 -0.1295
vn -0.8320 0.5203 -0.1926
vn 0.4095 0.8963 -0.1700
vn 0.4907 0.8276 -0.2725
vn 0.8072 0.5629 -0.1777
vn 0.4712 0.8402 -0.2685
vn 0.8436 0.5071 -0.1765
vn 0.0116 0.9972 0.0744
vn 0.0092 0.9978 0.0655
vn 0.0116 0.9983 -0.0564
vn 0.0092 0.9978 -0.0653
vn -0.1947 0.9788 0.0642
vn -0.2370 0.9708 0.0365
vn -0.1470 0.9870 -0.0646
vn -0.8427 0.5379 0.0211
vn -0.8645 0.5026 -0.0000
vn 0.4874 0.8708 0.0650
vn 0.4708 0.8793 0.0724
vn 0.4554 0.8889 -0.0502
vn 0.7631 0.6441 0.0527
vn 0.8401 0.5416 -0.0312
vn 0.7897 0.6107 -0.0587
vn 0.5101 0.8564 -0.0800
vn 0.0116 0.9439 0.3299
vn 0.0092 0.9469 0.3215
vn 0.0116 0.9789 0.2040
vn 0.0092 0.9807 0.1952
vn -0.1469 0.9366 0.3180
vn -0.2323 0.9539 0.1899
vn -0.1945 0.9585 0.2083
vn -0.8669 0.4814 0.1291
vn -0.8429 0.5258 0.1139
vn 0.4554 0.8404 0.2937
vn 0.5123 0.8210 0.2521
vn 0.4123 0.8919 0.1859
vn 0.7696 0.6104 0.1877
vn 0.8566 0.5053 0.1050
vn 0.0116 0.1862 0.9824
vn 0.0092 0.1950 0.9808
vn 0.0116 0.3128 0.9497
vn 0.0092 0.3214 0.9469
vn -0.2323 0.1897 0.9540
vn -0.1944 0.1743 0.9653
vn -0.1947 0.3152 0.9288
vn -0.2371 0.3379 0.9108
vn -0.8371 0.0982 0.5381
vn -0.8657 0.1294 0.4836
vn -0.8319 0.1927 0.5203
vn 0.4099 0.1700 0.8962
vn 0.4905 0.2726 0.8277
vn 0.8073 0.1778 0.5628
vn 0.4710 0.2686 0.8402
vn 0.8436 0.1765 0.5071
vn 0.0116 -0.0744 0.9972
vn 0.0092 -0.0655 0.9978
vn 0.0116 0.0563 0.9983
vn 0.0092 0.0652 0.9978
vn -0.2320 -0.0637 0.9706
vn -0.2526 -0.0539 0.9661
vn -0.1473 0.0645 0.9870
vn -0.8319 -0.0309 0.5540
vn -0.8645 -0.0000 0.5027
vn 0.4874 -0.0652 0.8707
vn 0.4710 -0.0725 0.8792
vn 0.4556 0.0502 0.8888
vn 0.7632 -0.0528 0.6440
vn 0.8401 0.0313 0.5415
vn 0.7895 0.0589 0.6109
vn 0.5105 0.0802 0.8561
vn 0.0116 -0.3299 0.9439
vn 0.0092 -0.3214 0.9469
vn 0.0116 -0.2040 0.9789
vn 0.0092 -0.1952 0.9807
vn -0.2326 -0.3126 0.9210
vn -0.2520 -0.3026 0.9192
vn -0.1466 -0.1931 0.9702
vn -0.8318 -0.1736 0.5272
vn -0.8646 -0.1300 0.4854
vn 0.4558 -0.2938 0.8402
vn 0.5124 -0.2523 0.8209
vn 0.4122 -0.1858 0.8920
vn 0.7696 -0.1879 0.6103
vn 0.8567 -0.1048 0.5051
vn 0.0116 -0.7577 0.6524
vn 0.0092 -0.7519 0.6592
vn 0.0116 -0.6660 0.7458
vn 0.0092 -0.6593 0.7518
vn -0.1948 -0.7375 0.6466
vn -0.2369 -0.7124 0.6606
vn -0.1469 -0.6522 0.7437
vn -0.8427 -0.3954 0.3654
vn -0.8645 -0.3554 0.3554
vn 0.4873 -0.6617 0.5698
vn 0.4706 -0.6730 0.5706
vn 0.4553 -0.5931 0.6641
vn 0.8326 -0.4222 0.3584
vn 0.8241 -0.4297 0.3691
vn 0.7588 -0.4146 0.5023
vn 0.5099 -0.5491 0.6622
vn 0.0116 -0.9008 0.4342
vn 0.0092 -0.8969 0.4422
vn 0.0116 -0.8364 0.5480
vn 0.0092 -0.8315 0.5555
vn -0.1471 -0.8871 0.4374
vn -0.2327 -0.8087 0.5403
vn -0.1945 -0.8251 0.5304
vn -0.8669 -0.4317 0.2492
vn -0.8429 -0.4524 0.2912
vn 0.4556 -0.8019 0.3865
vn 0.5125 -0.7587 0.4022
vn 0.4124 -0.7620 0.4993
vn 0.7938 -0.5374 0.2846
vn 0.8138 -0.5175 0.2646
vn 0.0116 -0.8264 -0.5630
vn 0.0092 -0.8314 -0.5556
vn 0.0116 -0.8928 -0.4503
vn 0.0092 -0.8968 -0.4423
vn -0.2323 -0.8087 -0.5404
vn -0.2523 -0.8096 -0.5300
vn -0.1471 -0.8871 -0.4375
vn -0.8318 -0.4644 -0.3040
vn -0.8645 -0.4353 -0.2513
vn 0.4095 -0.7539 -0.5137
vn 0.4909 -0.7779 -0.3924
vn 0.8071 -0.5238 -0.2725
vn 0.4708 -0.7841 -0.4044
vn 0.8437 -0.4833 -0.2338
vn 0.0116 -0.1864 -0.9824
vn 0.0092 -0.1952 -0.9807
vn 0.0116 -0.3127 -0.9498
vn 0.0092 -0.3212 -0.9470
vn -0.2328 -0.1899 -0.9538
vn -0.2523 -0.1977 -0.9472
vn -0.1471 -0.3177 -0.9367
vn -0.8319 -0.1134 -0.5433
vn -0.8644 -0.1300 -0.4856
vn 0.4099 -0.1702 -0.8961
vn 0.4906 -0.2725 -0.8277
vn 0.8070 -0.1778 -0.5631
vn 0.4710 -0.2684 -0.8403
vn 0.8436 -0.1765 -0.5071
vn 0.0116 0.5630 -0.8264
vn 0.0092 0.5556 -0.8314
vn 0.0116 0.4505 -0.8927
vn 0.0092 0.4425 -0.8967
vn -0.1945 0.5450 -0.8156
vn -0.2368 0.5170 -0.8226
vn -0.1470 0.4377 -0.8870
vn -0.8428 0.2871 -0.4552
vn -0.8645 0.2514 -0.4353
vn 0.4095 0.5137 -0.7539
vn 0.4909 0.3924 -0.7779
vn 0.8071 0.2724 -0.5238
vn 0.4711 0.4043 -0.7840
vn 0.8435 0.2339 -0.4836
vn -0.9994 0.0151 -0.0296
vn -0.9994 0.0175 -0.0304
vn -0.9994 0.0092 -0.0344
vn -0.9995 0.0051 -0.0324
vn -0.9994 -0.0000 -0.0359
vn -0.9995 -0.0051 -0.0324
vn -0.9994 -0.0092 -0.0344
vn -0.9994 -0.0151 -0.0296
vn -0.9994 -0.0175 -0.0304
vn -0.9994 -0.0241 -0.0241
vn -0.9994 -0.0304 -0.0175
vn -0.9994 -0.0296 -0.0151
vn -0.9994 -0.0344 -0.0092
vn -0.9995 -0.0324 -0.0051
vn -0.9994 -0.0358 -0.0000
vn -0.9995 -0.0324 0.0051
vn -0.9994 -0.0344 0.0092
vn -0.9994 -0.0296 0.0151
vn -0.9994 -0.0304 0.0175
vn -0.9994 -0.0241 0.0241
vn -0.9994 -0.0175 0.0304
vn -0.9994 -0.0151 0.0296
vn -0.9994 -0.0092 0.0344
vn -0.9995 -0.0051 0.0324
vn -0.9994 -0.0000 0.0359
vn -0.9995 0.0051 0.0324
vn -0.9994 0.0092 0.0344
vn -0.9994 0.0151 0.0296
vn -0.9994 0.0175 0.0304
vn -0.9994 0.0241 0.0241
vn -0.9994 0.0304 0.0175
vn -0.9994 0.0296 0.0151
vn -0.9994 0.0344 0.0092
vn -0.9995 0.0324 0.0051
vn -0.9994 0.0358 -0.0000
vn -0.9995 0.0324 -0.0051
vn -0.9994 0.0344 -0.0092
vn -0.9994 0.0296 -0.0151
vn -0.9994 0.0304 -0.0175
vn -0.9994 0.0241 -0.0241
vn -0.7152 -0.4942 -0.4942
vn -0.7153 -0.3172 -0.6227
vn -0.7145 -0.3175 -0.6234
vn -0.7144 -0.1094 -0.6911
vn -0.7151 -0.1093 -0.6904
vn -0.7151 0.1093 -0.6904
vn -0.7144 0.1095 -0.6911
vn -0.7145 0.3178 -0.6233
vn -0.7154 0.3173 -0.6225
vn -0.7154 0.4941 -0.4941
vn -0.7148 0.4946 -0.4944
vn -0.7149 0.6230 -0.3174
vn -0.7152 0.6228 -0.3173
vn -0.7151 0.6904 -0.1093
vn -0.7151 0.6904 0.1094
vn -0.7152 0.6903 0.1094
vn -0.7152 0.6227 0.3173
vn -0.7152 0.6228 0.3174
vn -0.7152 0.4942 0.4942
vn -0.7148 0.4944 0.4946
vn -0.7147 0.3174 0.6232
vn -0.7150 0.3173 0.6229
vn -0.7151 0.1093 0.6904
vn -0.7152 0.1093 0.6904
vn -0.7151 -0.1094 0.6904
vn -0.7151 -0.3174 0.6228
vn -0.7147 -0.3176 0.6231
vn -0.7148 -0.4946 0.4945
vn -0.7147 -0.4946 0.4945
vn -0.7148 -0.6231 0.3174
vn -0.7152 -0.6228 0.3173
vn -0.7151 -0.6904 0.1093
vn -0.7150 -0.6905 0.1093
vn -0.7150 -0.6905 -0.1094
vn -0.7151 -0.6904 -0.1094
vn -0.7152 -0.6227 -0.3174
vn -0.7151 -0.6228 -0.3174
vn 0.0116 0.7578 -0.6524
vn 0.0092 0.7519 -0.6592
vn 0.0116 0.6660 -0.7458
vn 0.0092 0.6593 -0.7518
vn -0.1469 0.7438 -0.6521
vn -0.2326 0.6412 -0.7312
vn -0.1943 0.6598 -0.7259
vn -0.8670 0.3524 -0.3524
vn -0.8430 0.3615 -0.3983
vn 0.4869 0.6619 -0.5699
vn 0.4705 0.6731 -0.5706
vn 0.4552 0.5931 -0.6641
vn 0.7631 0.4927 -0.4181
vn 0.8401 0.3608 -0.4050
vn 0.7898 0.3902 -0.4732
vn 0.5099 0.5491 -0.6622
vn 0.0116 0.9008 -0.4341
vn 0.0092 0.8969 -0.4421
vn 0.0116 0.8364 -0.5480
vn 0.0092 0.8315 -0.5555
vn -0.1470 0.8872 -0.4373
vn -0.2327 0.8087 -0.5403
vn -0.2524 0.7995 -0.5450
vn -0.8669 0.4317 -0.2492
vn -0.8271 0.4644 -0.3165
vn 0.4557 0.8018 -0.3866
vn 0.5124 0.7587 -0.4022
vn 0.4122 0.7620 -0.4994
vn 0.7694 0.5644 -0.2989
vn 0.8565 0.4316 -0.2831
vn 0.0116 0.8264 0.5630
vn 0.0092 0.8314 0.5556
vn 0.0116 0.8928 0.4503
vn 0.0092 0.8968 0.4423
vn -0.2324 0.8087 0.5404
vn -0.1943 0.8058 0.5593
vn -0.1946 0.8797 0.4339
vn -0.2370 0.8830 0.4052
vn -0.8369 0.4502 0.3113
vn -0.8657 0.4336 0.2503
vn -0.8320 0.5041 0.2316
vn 0.4095 0.7540 0.5137
vn 0.4909 0.7779 0.3924
vn 0.8071 0.5237 0.2725
vn 0.4708 0.7841 0.4044
vn 0.8437 0.4833 0.2338
vn 0.0116 0.6525 0.7577
vn 0.0092 0.6593 0.7518
vn 0.0116 0.7458 0.6661
vn 0.0092 0.7517 0.6594
vn -0.1946 0.6467 0.7375
vn -0.2368 0.6607 0.7123
vn -0.1470 0.7436 0.6523
vn -0.8427 0.3654 0.3953
vn -0.8645 0.3554 0.3555
vn 0.4873 0.5698 0.6618
vn 0.4710 0.5705 0.6728
vn 0.4556 0.6640 0.5929
vn 0.7631 0.4182 0.4927
vn 0.8401 0.4050 0.3609
vn 0.7896 0.4734 0.3904
vn 0.5100 0.6621 0.5491
vn 0.0116 0.4342 0.9007
vn 0.0092 0.4423 0.8968
vn 0.0116 0.5480 0.8364
vn 0.0092 0.5555 0.8315
vn -0.1470 0.4375 0.8871
vn -0.2326 0.5403 0.8087
vn -0.1943 0.5304 0.8252
vn -0.8669 0.2492 0.4318
vn -0.8429 0.2912 0.4524
vn 0.4557 0.3864 0.8019
vn 0.5126 0.4021 0.7587
vn 0.4123 0.4993 0.7620
vn 0.7695 0.2989 0.5644
vn 0.8565 0.2831 0.4316
vn 0.0116 -0.5631 0.8263
vn 0.0092 -0.5557 0.8313
vn 0.0116 -0.4503 0.8928
vn 0.0092 -0.4423 0.8968
vn -0.2322 -0.5406 0.8086
vn -0.2524 -0.5300 0.8096
vn -0.1472 -0.4375 0.8871
vn -0.8318 -0.3040 0.4644
vn -0.8645 -0.2514 0.4353
vn 0.4914 -0.3921 0.7777
vn 0.4712 -0.4042 0.7840
vn 0.7895 -0.2830 0.5447
vn 0.4097 -0.5138 0.7538
vn 0.8408 -0.3124 0.4420
vn 0.8355 -0.2283 0.4998
vn 0.0116 -0.9824 0.1862
vn 0.0092 -0.9808 0.1950
vn 0.0116 -0.9497 0.3128
vn 0.0092 -0.9469 0.3214
vn -0.2323 -0.9540 0.1896
vn -0.1945 -0.9653 0.1744
vn -0.1948 -0.9288 0.3152
vn -0.2371 -0.9109 0.3378
vn -0.8370 -0.5384 0.0983
vn -0.8656 -0.4836 0.1296
vn -0.8320 -0.5203 0.1926
vn 0.4095 -0.8963 0.1699
vn 0.4907 -0.8276 0.2725
vn 0.7913 -0.5830 0.1843
vn 0.4710 -0.8403 0.2685
vn 0.8140 -0.5505 0.1853
vn 0.0116 -0.9972 -0.0744
vn 0.0092 -0.9978 -0.0655
vn 0.0116 -0.9983 0.0564
vn 0.0092 -0.9978 0.0653
vn -0.2323 -0.9706 -0.0637
vn -0.2523 -0.9661 -0.0542
vn -0.1470 -0.9870 0.0646
vn -0.8318 -0.5541 -0.0311
vn -0.8645 -0.5026 -0.0000
vn 0.4874 -0.8708 -0.0649
vn 0.4708 -0.8793 -0.0724
vn 0.4554 -0.8889 0.0502
vn 0.7631 -0.6441 -0.0527
vn 0.8448 -0.5339 0.0371
vn 0.8106 -0.5828 0.0562
vn 0.5101 -0.8564 0.0800
vn 0.0116 -0.9439 -0.3299
vn 0.0092 -0.9469 -0.3215
vn 0.0116 -0.9789 -0.2040
vn 0.0092 -0.9807 -0.1952
vn -0.2323 -0.9210 -0.3127
vn -0.2524 -0.9192 -0.3024
vn -0.1471 -0.9701 -0.1931
vn -0.8318 -0.5272 -0.1734
vn -0.8645 -0.4855 -0.1302
vn 0.4554 -0.8404 -0.2937
vn 0.5123 -0.8210 -0.2521
vn 0.4123 -0.8919 -0.1859
vn 0.7696 -0.6103 -0.1877
vn 0.8566 -0.5052 -0.1050
vn 0.0116 -0.6525 -0.7577
vn 0.0092 -0.6593 -0.7519
vn 0.0116 -0.7458 -0.6661
vn 0.0092 -0.7517 -0.6594
vn -0.2320 -0.6413 -0.7314
vn -0.2525 -0.6450 -0.7213
vn -0.1472 -0.7436 -0.6523
vn -0.8318 -0.3700 -0.4137
vn -0.8644 -0.3555 -0.3556
vn 0.4872 -0.5698 -0.6618
vn 0.4710 -0.5705 -0.6728
vn 0.4556 -0.6640 -0.5929
vn 0.7632 -0.4181 -0.4926
vn 0.8401 -0.4050 -0.3609
vn 0.7897 -0.4733 -0.3904
vn 0.5100 -0.6621 -0.5491
vn 0.0116 -0.4343 -0.9007
vn 0.0092 -0.4425 -0.8967
vn 0.0116 -0.5479 -0.8364
vn 0.0092 -0.5554 -0.8315
vn -0.2325 -0.4303 -0.8722
vn -0.2522 -0.4363 -0.8638
vn -0.1469 -0.5494 -0.8226
vn -0.8318 -0.2502 -0.4955
vn -0.8644 -0.2513 -0.4354
vn 0.4557 -0.3864 -0.8019
vn 0.5127 -0.4021 -0.7586
vn 0.4123 -0.4994 -0.7620
vn 0.7697 -0.2988 -0.5642
vn 0.8567 -0.2829 -0.4314
vn 0.0116 0.0744 -0.9972
vn 0.0092 0.0655 -0.9978
vn 0.0116 -0.0563 -0.9983
vn 0.0092 -0.0652 -0.9978
vn -0.2324 0.0637 -0.9705
vn -0.2526 0.0541 -0.9661
vn -0.1474 -0.0645 -0.9870
vn -0.8318 0.0310 -0.5541
vn -0.8645 -0.0000 -0.5027
vn 0.4873 0.0652 -0.8708
vn 0.4710 0.0725 -0.8792
vn 0.4556 -0.0502 -0.8888
vn 0.7634 0.0528 -0.6437
vn 0.8403 -0.0312 -0.5411
vn 0.7895 -0.0588 -0.6109
vn 0.5105 -0.0802 -0.8562
vn 0.0116 0.3299 -0.9440
vn 0.0092 0.3214 -0.9469
vn 0.0116 0.2040 -0.9789
vn 0.0092 0.1952 -0.9807
vn -0.2325 0.3126 -0.9210
vn -0.2523 0.3024 -0.9192
vn -0.1471 0.1931 -0.9701
vn -0.8318 0.1735 -0.5273
vn -0.8645 0.1301 -0.4855
vn 0.4556 0.2936 -0.8403
vn 0.5122 0.2521 -0.8210
vn 0.4123 0.1860 -0.8919
vn 0.7693 0.1878 -0.6106
vn 0.8565 0.1050 -0.5053
vn 0.9848 0.0668 0.1601
vn 0.9844 0.0686 0.1618
vn 0.8764 0.2541 0.4091
vn 0.8434 0.3365 0.4189
vn 0.9866 0.1012 0.1278
vn 0.9833 0.1245 0.1325
vn 0.9879 0.1208 0.0973
vn 0.9847 0.1609 0.0668
vn 0.9840 0.1650 0.0668
vn 0.8337 0.5482 0.0664
vn 0.9869 0.1604 0.0198
vn 0.9835 0.1808 0.0062
vn 0.8811 0.4051 0.2442
vn 0.8458 0.4154 0.3349
vn 0.8675 0.3748 0.3272
vn 0.8678 0.3280 0.3732
vn 0.8696 0.4929 0.0288
vn 0.8364 0.2061 0.5078
vn 0.8790 0.1150 0.4628
vn 0.8435 0.0561 0.5342
vn 0.9879 0.0159 0.1542
vn 0.8570 0.0420 0.5135
vn 0.8310 0.2119 0.5143
vn 0.9835 -0.0057 0.1810
vn 0.9863 -0.0171 0.1638
vn 0.8731 -0.1111 0.4748
vn 0.8568 -0.0405 0.5140
vn 0.8407 -0.0570 0.5386
vn 0.8296 -0.2021 0.5205
vn 0.8167 -0.1997 0.5413
vn 0.8167 -0.3195 0.4805
vn 0.8224 -0.3115 0.4760
vn 0.9884 -0.0844 0.1262
vn 0.9838 -0.1305 0.1226
vn 0.9855 -0.1272 0.1120
vn 0.9870 -0.1390 0.0811
vn 0.9834 -0.1649 0.0752
vn 0.8241 -0.4242 0.3755
vn 0.8241 -0.4892 0.2857
vn 0.8076 -0.5048 0.3048
vn 0.8537 -0.4811 0.1993
vn 0.8024 -0.5753 0.1590
vn 0.9880 -0.1488 0.0412
vn 0.8281 -0.5449 0.1318
vn 0.8277 -0.5603 0.0323
vn 0.9847 -0.1738 0.0115
vn 0.9833 -0.1818 0.0082
vn 0.8411 -0.3987 0.3656
vn 0.8693 -0.3215 0.3753
vn 0.7950 -0.6044 0.0520
vn 0.8482 -0.5277 -0.0460
vn 0.7729 -0.6168 -0.1491
vn 0.7811 -0.6077 -0.1438
vn 0.9889 -0.1445 -0.0353
vn 0.8537 -0.4810 -0.1994
vn 0.9805 -0.1791 -0.0815
vn 0.9877 -0.1321 -0.0837
vn 0.9841 -0.1201 -0.1309
vn 0.9867 -0.1029 -0.1261
vn 0.8017 -0.3863 -0.4562
vn 0.8576 -0.2679 -0.4390
vn 0.8076 -0.5048 -0.3049
vn 0.7590 -0.5452 -0.3560
vn 0.7975 -0.3882 -0.4618
vn 0.8381 -0.4159 -0.3531
vn 0.9844 -0.0685 -0.1618
vn 0.7877 -0.2407 -0.5671
vn 0.8483 -0.1221 -0.5152
vn 0.7791 -0.0468 -0.6251
vn 0.7853 -0.0487 -0.6172
vn 0.9823 0.0085 -0.1870
vn 0.8475 0.0394 -0.5294
vn 0.7964 0.1261 -0.5915
vn 0.8158 0.1335 -0.5627
vn 0.8152 0.2267 -0.5330
vn 0.8576 0.2680 -0.4390
vn 0.8097 0.2333 -0.5385
vn 0.8095 0.3719 -0.4543
vn 0.9877 0.0978 -0.1223
vn 0.9820 0.1473 -0.1181
vn 0.9814 0.1492 -0.1212
vn 0.9886 0.1366 -0.0633
vn 0.8229 0.5240 -0.2195
vn 0.8794 0.4638 -0.1074
vn 0.8442 0.5333 -0.0529
vn 0.9857 0.1681 -0.0092
vn 0.8558 0.4477 -0.2590
vn 0.7971 0.4682 -0.3814
vn 0.8170 0.4385 -0.3745
vn 0.8197 0.3685 -0.4384
vn 0.8058 0.5495 -0.2208
vn 0.8699 0.4926 -0.0254
vn 0.9690 -0.2468 0.0135
vn 0.9837 -0.1798 -0.0096
vn 0.9713 -0.2332 -0.0474
vn 0.9858 -0.1556 -0.0628
vn 0.9737 -0.2047 -0.1001
vn 0.9689 -0.1846 -0.1645
vn 0.9847 -0.1193 -0.1273
vn 0.9713 -0.1313 -0.1984
vn 0.9858 -0.0656 -0.1544
vn 0.9737 -0.0740 -0.2156
vn 0.9689 -0.0142 -0.2470
vn 0.9847 0.0057 -0.1743
vn 0.9713 0.0474 -0.2330
vn 0.9844 -0.0661 0.1633
vn 0.9824 -0.0661 0.1746
vn 0.9858 0.0627 -0.1555
vn 0.9737 0.1002 -0.2047
vn 0.9689 0.1645 -0.1846
vn 0.9847 0.1272 -0.1192
vn 0.9713 0.1984 -0.1313
vn 0.9850 0.1576 -0.0703
vn 0.9724 0.2208 -0.0758
vn 0.9826 0.1855 -0.0097
vn 0.9835 0.1805 -0.0104
vn 0.9611 0.2705 0.0553
vn 0.9863 0.1505 0.0675
vn 0.9812 0.1732 0.0850
vn 0.9669 0.1904 0.1696
vn 0.9837 0.1203 0.1336
vn 0.9713 0.1313 0.1984
vn 0.9858 0.0657 0.1545
vn 0.9737 0.0740 0.2156
vn 0.9883 -0.0122 -0.1521
vn 0.9689 0.0143 0.2470
vn 0.9865 -0.0087 0.1633
vn 0.9712 -0.0475 0.2337
vn 0.9876 0.0321 -0.1535
vn 0.9850 0.0710 -0.1571
vn 0.9830 0.0805 -0.1649
vn 0.9839 -0.0762 0.1618
vn 0.9845 -0.0740 0.1590
vn 0.9678 -0.1454 0.2054
vn 0.9816 -0.1443 0.1248
vn 0.9877 -0.1229 0.0968
vn 0.9640 -0.2369 0.1203
vn 0.9265 -0.2778 -0.2540
vn 0.9974 0.0716 -0.0120
vn 0.9850 0.0968 0.1429
vn 0.8412 0.4983 0.2101
vn 0.8373 0.5046 0.2104
vn 0.8730 0.4741 0.1145
vn 0.8017 -0.2278 -0.5526
vn 0.9846 -0.0679 -0.1611
s 0
f 1//1 2//1 3//1
f 3//2 2//2 32//2
f 2//3 8//3 32//3
f 8//4 9//4 10//4
f 32//5 8//5 10//5
f 10//6 9//6 11//6
f 18//7 26//7 25//7
f 25//8 26//8 28//8
f 1//9 3//9 4//9
f 5//10 4//10 3//10
f 6//11 5//11 3//11
f 6//12 3//12 7//12
f 3//13 32//13 7//13
f 10//14 7//14 32//14
f 12//15 7//15 10//15
f 11//16 12//16 10//16
f 13//17 14//17 16//17
f 14//18 15//18 16//18
f 17//19 18//19 19//19
f 19//20 18//20 25//20
f 24//21 19//21 25//21
f 20//22 17//22 19//22
f 21//23 17//23 20//23
f 24//24 25//24 28//24
f 27//25 24//25 28//25
f 22//26 21//26 20//26
f 23//27 21//27 22//27
f 27//28 28//28 29//28
f 30//29 27//29 29//29
f 30//30 29//30 31//30
f 23//31 30//31 31//31
f 30//32 23//32 22//32
f 44//33 34//33 41//33
f 41//34 34//34 33//34
f 33//35 34//35 35//35
f 33//36 35//36 36//36
f 33//37 36//37 39//37
f 36//38 37//38 39//38
f 39//39 37//39 38//39
f 39//40 38//40 41//40
f 41//41 38//41 42//41
f 33//42 39//42 41//42
f 42//43 44//43 41//43
f 42//44 38//44 43//44
f 43//45 38//45 40//45
f 43//46 45//46 46//46
f 43//47 40//47 45//47
f 47//48 48//48 49//48
f 43//49 46//49 47//49
f 43//50 47//50 49//50
f 43//51 50//51 42//51
f 43//52 49//52 50//52
f 59//53 51//53 62//53
f 51//54 52//54 62//54
f 52//55 65//55 62//55
f 53//56 64//56 51//56
f 51//57 60//57 53//57
f 58//58 57//58 59//58
f 56//59 54//59 55//59
f 60//60 57//60 56//60
f 59//61 57//61 60//61
f 60//62 56//62 55//62
f 59//63 60//63 51//63
f 62//64 61//64 59//64
f 52//65 63//65 65//65
f 51//66 64//66 52//66
f 37//67 40//67 38//67
f 68//68 69//68 70//68
f 160//69 75//69 76//69
f 78//70 80//70 79//70
f 81//71 78//71 79//71
f 82//72 81//72 79//72
f 83//73 81//73 82//73
f 85//74 84//74 82//74
f 86//75 84//75 87//75
f 88//76 84//76 86//76
f 89//77 84//77 88//77
f 84//78 89//78 82//78
f 82//79 89//79 83//79
f 90//80 86//80 87//80
f 91//81 90//81 87//81
f 91//82 87//82 92//82
f 93//83 91//83 92//83
f 93//84 92//84 94//84
f 95//85 96//85 97//85
f 96//86 98//86 97//86
f 101//87 176//87 100//87
f 102//88 101//88 100//88
f 103//89 101//89 102//89
f 104//90 103//90 102//90
f 102//91 105//91 104//91
f 106//92 104//92 105//92
f 107//93 108//93 109//93
f 110//94 107//94 109//94
f 107//95 111//95 108//95
f 111//96 112//96 108//96
f 113//97 112//97 111//97
f 114//98 112//98 113//98
f 112//99 114//99 66//99
f 117//100 115//100 116//100
f 115//101 117//101 118//101
f 116//102 115//102 66//102
f 114//103 116//103 66//103
f 119//104 117//104 67//104
f 120//105 117//105 119//105
f 118//106 117//106 120//106
f 110//107 109//107 121//107
f 122//108 110//108 121//108
f 123//109 122//109 121//109
f 69//110 122//110 123//110
f 70//111 69//111 123//111
f 125//112 126//112 124//112
f 125//113 127//113 126//113
f 127//114 128//114 126//114
f 128//115 127//115 129//115
f 127//116 130//116 129//116
f 131//117 129//117 130//117
f 132//118 131//118 130//118
f 133//119 131//119 132//119
f 131//120 133//120 71//120
f 136//121 134//121 135//121
f 134//122 136//122 137//122
f 135//123 134//123 71//123
f 133//124 135//124 71//124
f 137//125 136//125 72//125
f 138//126 125//126 124//126
f 139//127 138//127 124//127
f 140//128 138//128 139//128
f 140//129 139//129 141//129
f 142//130 140//130 141//130
f 144//131 145//131 143//131
f 145//132 146//132 143//132
f 145//133 147//133 146//133
f 145//134 148//134 147//134
f 147//135 148//135 149//135
f 148//136 150//136 149//136
f 151//137 149//137 150//137
f 152//138 151//138 150//138
f 151//139 152//139 73//139
f 73//140 154//140 153//140
f 155//141 153//141 154//141
f 153//142 155//142 156//142
f 152//143 154//143 73//143
f 155//144 74//144 157//144
f 156//145 155//145 157//145
f 158//146 144//146 143//146
f 75//147 144//147 158//147
f 158//148 76//148 75//148
f 158//149 159//149 76//149
f 80//150 78//150 77//150
f 161//151 93//151 94//151
f 98//152 161//152 94//152
f 96//153 161//153 98//153
f 163//154 162//154 99//154
f 164//155 99//155 162//155
f 164//156 162//156 166//156
f 164//157 166//157 165//157
f 167//158 165//158 166//158
f 168//159 165//159 167//159
f 170//160 169//160 167//160
f 169//161 171//161 172//161
f 173//162 169//162 172//162
f 168//163 169//163 173//163
f 169//164 168//164 167//164
f 174//165 172//165 171//165
f 174//166 171//166 175//166
f 176//167 174//167 175//167
f 176//168 175//168 100//168
f 178//169 179//169 177//169
f 179//170 180//170 177//170
f 181//171 182//171 183//171
f 183//172 184//172 181//172
f 184//173 183//173 185//173
f 186//174 184//174 185//174
f 186//175 185//175 187//175
f 186//176 187//176 188//176
f 190//177 191//177 189//177
f 191//178 192//178 189//178
f 191//179 193//179 192//179
f 193//180 194//180 192//180
f 195//181 197//181 196//181
f 197//182 198//182 196//182
f 200//183 202//183 199//183
f 202//184 201//184 199//184
f 207//185 205//185 208//185
f 205//186 206//186 208//186
f 117//187 207//187 67//187
f 207//188 208//188 67//188
f 207//189 209//189 205//189
f 209//190 210//190 205//190
f 561//191 209//191 207//191
f 205//192 211//192 206//192
f 206//193 216//193 217//193
f 205//194 210//194 211//194
f 212//195 215//195 214//195
f 214//196 210//196 209//196
f 214//197 215//197 210//197
f 215//197 211//197 210//197
f 213//198 215//198 212//198
f 211//197 215//197 216//197
f 206//199 211//199 216//199
f 218//200 206//200 217//200
f 219//201 208//201 206//201
f 219//202 206//202 218//202
f 503//203 221//203 219//203
f 221//204 220//204 219//204
f 220//205 208//205 219//205
f 208//206 220//206 67//206
f 67//207 220//207 221//207
f 119//208 67//208 221//208
f 119//209 221//209 549//209
f 119//210 549//210 118//210
f 549//211 222//211 118//211
f 222//212 115//212 118//212
f 222//213 224//213 115//213
f 66//214 115//214 224//214
f 225//215 66//215 224//215
f 226//216 66//216 225//216
f 224//217 222//217 227//217
f 222//218 223//218 227//218
f 224//219 227//219 225//219
f 225//220 227//220 204//220
f 226//221 225//221 228//221
f 229//222 226//222 228//222
f 228//223 106//223 229//223
f 228//224 225//224 204//224
f 204//225 203//225 228//225
f 228//226 203//226 104//226
f 106//227 228//227 104//227
f 105//228 229//228 106//228
f 231//229 230//229 66//229
f 66//230 230//230 112//230
f 112//231 230//231 108//231
f 230//232 232//232 108//232
f 108//233 232//233 109//233
f 232//234 233//234 109//234
f 109//235 233//235 121//235
f 234//236 133//236 235//236
f 133//237 236//237 235//237
f 236//238 133//238 237//238
f 133//239 132//239 237//239
f 132//240 238//240 237//240
f 239//241 240//241 150//241
f 241//242 240//242 239//242
f 242//243 150//243 240//243
f 150//244 242//244 243//244
f 244//245 152//245 243//245
f 152//246 244//246 245//246
f 246//247 152//247 245//247
f 152//248 246//248 154//248
f 246//249 247//249 154//249
f 154//250 247//250 155//250
f 247//251 248//251 155//251
f 248//252 249//252 155//252
f 248//253 250//253 249//253
f 251//254 249//254 250//254
f 155//255 249//255 74//255
f 249//256 253//256 252//256
f 249//257 254//257 74//257
f 249//258 255//258 254//258
f 255//259 256//259 254//259
f 249//260 257//260 255//260
f 249//261 252//261 258//261
f 258//262 257//262 249//262
f 258//263 252//263 260//263
f 252//264 261//264 260//264
f 260//265 259//265 258//265
f 261//266 252//266 262//266
f 261//267 262//267 263//267
f 262//268 252//268 264//268
f 264//269 252//269 265//269
f 252//270 253//270 265//270
f 265//271 253//271 266//271
f 266//272 253//272 267//272
f 267//273 253//273 268//273
f 253//274 269//274 268//274
f 269//275 253//275 251//275
f 270//276 269//276 251//276
f 270//277 271//277 269//277
f 271//278 272//278 269//278
f 271//279 273//279 272//279
f 273//280 274//280 272//280
f 272//281 274//281 275//281
f 275//282 276//282 272//282
f 275//283 277//283 276//283
f 268//284 272//284 278//284
f 269//285 272//285 268//285
f 278//286 272//286 279//286
f 279//287 272//287 280//287
f 272//288 276//288 280//288
f 280//289 276//289 281//289
f 282//290 276//290 277//290
f 276//291 282//291 283//291
f 283//292 284//292 276//292
f 285//293 83//293 286//293
f 83//294 287//294 286//294
f 287//295 83//295 288//295
f 288//296 83//296 289//296
f 289//297 88//297 288//297
f 88//298 290//298 288//298
f 172//299 291//299 173//299
f 293//300 321//300 292//300
f 305//301 296//301 295//301
f 293//302 297//302 295//302
f 299//303 298//303 296//303
f 299//304 296//304 305//304
f 295//305 297//305 305//305
f 293//306 300//306 297//306
f 300//307 293//307 294//307
f 294//308 293//308 301//308
f 293//309 292//309 301//309
f 294//310 301//310 302//310
f 302//311 304//311 305//311
f 306//312 305//312 304//312
f 305//313 307//313 303//313
f 303//314 302//314 305//314
f 294//315 302//315 303//315
f 303//316 308//316 294//316
f 308//317 309//317 294//317
f 309//318 310//318 294//318
f 311//319 308//319 303//319
f 312//320 311//320 303//320
f 307//321 312//321 303//321
f 297//322 312//322 307//322
f 313//323 312//323 297//323
f 314//324 313//324 297//324
f 300//325 314//325 297//325
f 294//326 314//326 300//326
f 315//327 314//327 294//327
f 310//328 315//328 294//328
f 307//329 305//329 297//329
f 305//312 306//312 299//312
f 299//330 331//330 298//330
f 331//331 316//331 298//331
f 298//332 316//332 296//332
f 316//333 317//333 296//333
f 296//334 317//334 295//334
f 317//335 318//335 295//335
f 318//336 319//336 295//336
f 319//337 320//337 295//337
f 295//338 320//338 321//338
f 321//339 293//339 295//339
f 320//340 322//340 321//340
f 321//341 322//341 292//341
f 322//342 323//342 292//342
f 301//343 324//343 302//343
f 324//344 325//344 302//344
f 302//345 325//345 304//345
f 325//346 326//346 304//346
f 326//347 327//347 304//347
f 327//348 328//348 304//348
f 304//349 328//349 306//349
f 328//350 329//350 306//350
f 329//351 330//351 306//351
f 330//352 331//352 306//352
f 306//353 331//353 299//353
f 333//354 335//354 332//354
f 335//355 334//355 332//355
f 336//356 335//356 333//356
f 337//357 336//357 333//357
f 338//358 336//358 337//358
f 339//359 338//359 337//359
f 340//360 339//360 337//360
f 341//361 339//361 340//361
f 342//362 341//362 340//362
f 343//363 342//363 340//363
f 345//364 342//364 343//364
f 344//365 345//365 343//365
f 348//366 345//366 344//366
f 346//367 345//367 348//367
f 344//368 343//368 340//368
f 347//369 344//369 340//369
f 347//370 340//370 337//370
f 347//371 348//371 344//371
f 347//372 350//372 348//372
f 348//373 350//373 351//373
f 350//374 353//374 352//374
f 353//375 350//375 347//375
f 356//376 354//376 349//376
f 354//377 356//377 355//377
f 337//378 349//378 347//378
f 356//379 349//379 337//379
f 333//380 356//380 337//380
f 356//381 333//381 332//381
f 356//382 332//382 357//382
f 355//383 356//383 357//383
f 357//384 350//384 352//384
f 357//385 358//385 350//385
f 359//386 358//386 357//386
f 360//387 359//387 357//387
f 332//388 360//388 357//388
f 334//389 360//389 332//389
f 361//390 346//390 348//390
f 362//391 361//391 348//391
f 351//392 362//392 348//392
f 363//393 362//393 351//393
f 364//394 363//394 351//394
f 358//395 364//395 351//395
f 350//396 358//396 351//396
f 366//397 365//397 352//397
f 353//398 366//398 352//398
f 349//399 366//399 353//399
f 367//400 366//400 349//400
f 353//401 347//401 349//401
f 368//402 367//402 349//402
f 354//403 368//403 349//403
f 369//404 368//404 354//404
f 355//405 369//405 354//405
f 370//406 369//406 355//406
f 370//407 355//407 357//407
f 352//408 371//408 370//408
f 370//409 357//409 352//409
f 365//410 371//410 352//410
f 373//411 374//411 372//411
f 374//412 373//412 375//412
f 373//413 372//413 376//413
f 377//414 373//414 376//414
f 378//415 373//415 377//415
f 373//416 378//416 379//416
f 373//417 379//417 375//417
f 375//418 379//418 380//418
f 380//419 381//419 375//419
f 380//420 382//420 381//420
f 382//421 383//421 381//421
f 385//422 384//422 383//422
f 382//423 385//423 383//423
f 383//424 384//424 381//424
f 384//425 386//425 381//425
f 387//426 385//426 382//426
f 388//427 385//427 387//427
f 380//428 387//428 382//428
f 389//429 388//429 387//429
f 390//430 389//430 387//430
f 391//431 390//431 387//431
f 387//432 392//432 391//432
f 380//433 392//433 387//433
f 393//434 390//434 391//434
f 392//435 395//435 394//435
f 395//436 392//436 380//436
f 395//437 380//437 379//437
f 377//438 396//438 378//438
f 396//439 397//439 378//439
f 378//440 397//440 379//440
f 397//441 398//441 379//441
f 398//442 399//442 379//442
f 379//443 399//443 395//443
f 395//444 399//444 394//444
f 399//445 400//445 394//445
f 400//446 401//446 394//446
f 394//447 401//447 402//447
f 402//448 396//448 377//448
f 402//449 376//449 394//449
f 402//450 377//450 376//450
f 376//451 392//451 394//451
f 403//452 393//452 391//452
f 404//453 403//453 391//453
f 392//454 404//454 391//454
f 376//455 404//455 392//455
f 405//456 404//456 376//456
f 406//457 405//457 376//457
f 372//458 406//458 376//458
f 411//459 406//459 372//459
f 386//460 407//460 381//460
f 381//461 407//461 375//461
f 407//462 408//462 375//462
f 408//463 409//463 375//463
f 375//464 409//464 374//464
f 409//465 410//465 374//465
f 374//466 410//466 372//466
f 410//467 411//467 372//467
f 413//468 412//468 414//468
f 415//469 413//469 414//469
f 413//470 416//470 412//470
f 428//471 418//471 417//471
f 419//472 417//472 438//472
f 413//473 420//473 438//473
f 428//474 417//474 419//474
f 438//475 420//475 419//475
f 413//476 421//476 420//476
f 421//477 413//477 415//477
f 423//478 414//478 422//478
f 422//479 444//479 423//479
f 424//480 425//480 426//480
f 425//481 427//481 426//481
f 426//482 422//482 424//482
f 419//483 422//483 426//483
f 419//484 426//484 428//484
f 426//485 443//485 428//485
f 429//486 443//486 426//486
f 427//487 429//487 426//487
f 412//488 430//488 414//488
f 430//489 431//489 414//489
f 431//490 432//490 414//490
f 414//491 432//491 422//491
f 422//492 432//492 424//492
f 432//493 433//493 424//493
f 433//494 434//494 424//494
f 434//495 425//495 424//495
f 416//496 435//496 412//496
f 435//497 436//497 412//497
f 437//498 435//498 416//498
f 438//499 437//499 416//499
f 439//500 437//500 438//500
f 440//501 439//501 438//501
f 441//502 440//502 438//502
f 417//503 441//503 438//503
f 442//504 441//504 417//504
f 418//505 442//505 417//505
f 443//506 442//506 418//506
f 428//507 443//507 418//507
f 444//508 419//508 420//508
f 444//509 422//509 419//509
f 445//510 414//510 423//510
f 445//511 415//511 414//511
f 415//512 446//512 421//512
f 446//513 447//513 421//513
f 421//514 447//514 420//514
f 447//515 448//515 420//515
f 448//516 449//516 420//516
f 420//517 449//517 444//517
f 444//518 449//518 423//518
f 449//519 450//519 423//519
f 450//520 451//520 423//520
f 423//521 451//521 445//521
f 445//522 446//522 415//522
f 436//523 430//523 412//523
f 472//524 453//524 452//524
f 454//525 457//525 452//525
f 454//526 456//526 459//526
f 458//527 454//527 459//527
f 460//528 454//528 458//528
f 454//529 460//529 457//529
f 452//530 457//530 472//530
f 461//531 453//531 472//531
f 459//532 462//532 463//532
f 462//533 464//533 463//533
f 464//534 471//534 463//534
f 471//535 465//535 463//535
f 465//536 466//536 463//536
f 463//537 466//537 467//537
f 467//538 458//538 459//538
f 467//539 468//539 458//539
f 467//540 459//540 463//540
f 458//541 468//541 460//541
f 468//542 469//542 460//542
f 460//543 469//543 457//543
f 469//544 470//544 457//544
f 470//545 471//545 457//545
f 457//546 471//546 464//546
f 464//547 472//547 457//547
f 464//548 462//548 472//548
f 461//549 455//549 453//549
f 461//550 473//550 455//550
f 473//551 486//551 455//551
f 474//552 473//552 461//552
f 491//553 473//553 474//553
f 472//554 474//554 461//554
f 474//555 472//555 462//555
f 474//556 462//556 475//556
f 480//557 477//557 456//557
f 456//558 477//558 459//558
f 477//559 478//559 459//559
f 478//560 476//560 459//560
f 459//561 476//561 462//561
f 479//562 454//562 452//562
f 454//563 479//563 456//563
f 479//564 481//564 456//564
f 481//565 480//565 456//565
f 482//566 481//566 479//566
f 452//567 482//567 479//567
f 483//568 482//568 452//568
f 484//569 483//569 452//569
f 485//570 484//570 452//570
f 453//571 485//571 452//571
f 486//572 485//572 453//572
f 455//573 486//573 453//573
f 476//574 487//574 475//574
f 462//575 476//575 475//575
f 487//576 488//576 475//576
f 488//577 489//577 475//577
f 475//578 489//578 474//578
f 489//579 490//579 474//579
f 490//580 491//580 474//580
f 493//581 492//581 223//581
f 494//582 203//582 204//582
f 495//583 494//583 204//583
f 496//584 495//584 204//584
f 497//585 496//585 204//585
f 497//586 204//586 227//586
f 498//587 497//587 227//587
f 499//588 498//588 227//588
f 499//589 227//589 223//589
f 492//590 499//590 223//590
f 203//591 500//591 104//591
f 501//592 503//592 219//592
f 501//593 502//593 503//593
f 503//594 504//594 221//594
f 502//595 505//595 503//595
f 505//596 506//596 503//596
f 503//597 507//597 504//597
f 505//197 553//197 507//197
f 503//598 506//598 507//598
f 505//197 507//197 506//197
f 508//599 509//599 102//599
f 510//600 508//600 100//600
f 100//601 508//601 102//601
f 511//602 512//602 207//602
f 513//603 207//603 512//603
f 207//604 513//604 514//604
f 515//605 514//605 513//605
f 516//606 515//606 513//606
f 516//607 517//607 515//607
f 517//608 518//608 515//608
f 517//609 519//609 518//609
f 519//610 520//610 518//610
f 518//611 520//611 521//611
f 521//612 522//612 518//612
f 521//613 523//613 522//613
f 524//614 522//614 523//614
f 522//615 524//615 525//615
f 525//616 526//616 522//616
f 528//617 522//617 527//617
f 518//618 522//618 528//618
f 529//619 518//619 528//619
f 530//620 518//620 529//620
f 531//621 518//621 530//621
f 515//622 518//622 531//622
f 514//623 515//623 531//623
f 532//624 514//624 531//624
f 533//625 514//625 532//625
f 534//626 514//626 533//626
f 535//627 514//627 534//627
f 561//628 514//628 535//628
f 511//629 207//629 117//629
f 536//630 511//630 117//630
f 116//631 536//631 117//631
f 537//632 536//632 116//632
f 114//633 537//633 116//633
f 537//634 114//634 538//634
f 114//635 539//635 538//635
f 539//636 114//636 540//636
f 114//637 113//637 540//637
f 113//638 541//638 540//638
f 541//639 113//639 542//639
f 543//640 542//640 111//640
f 111//641 542//641 113//641
f 544//642 111//642 107//642
f 543//643 111//643 544//643
f 107//644 545//644 544//644
f 546//645 545//645 107//645
f 547//646 526//646 525//646
f 524//647 547//647 525//647
f 523//648 110//648 524//648
f 523//649 546//649 110//649
f 110//650 546//650 107//650
f 549//651 223//651 222//651
f 548//652 223//652 549//652
f 549//653 550//653 548//653
f 549//654 551//654 550//654
f 221//655 504//655 549//655
f 504//656 551//656 549//656
f 551//657 553//657 550//657
f 553//658 552//658 550//658
f 507//659 553//659 551//659
f 504//660 507//660 551//660
f 103//661 500//661 554//661
f 103//662 554//662 101//662
f 554//663 555//663 101//663
f 203//664 494//664 500//664
f 554//665 556//665 555//665
f 556//666 557//666 555//666
f 557//667 558//667 555//667
f 555//668 558//668 559//668
f 495//669 556//669 554//669
f 494//670 495//670 554//670
f 554//671 500//671 494//671
f 555//672 559//672 176//672
f 101//673 555//673 176//673
f 561//674 560//674 212//674
f 207//675 514//675 561//675
f 212//676 209//676 561//676
f 212//677 214//677 209//677
f 562//678 561//678 535//678
f 560//679 561//679 562//679
f 560//680 562//680 563//680
f 526//681 527//681 522//681
f 566//682 565//682 548//682
f 565//683 223//683 548//683
f 565//684 564//684 223//684
f 493//685 223//685 564//685
f 102//686 509//686 105//686
f 509//687 567//687 105//687
f 105//688 567//688 229//688
f 567//689 568//689 229//689
f 229//690 568//690 226//690
f 226//691 568//691 66//691
f 568//692 231//692 66//692
f 570//693 569//693 571//693
f 571//694 569//694 572//694
f 573//695 570//695 571//695
f 575//696 573//696 574//696
f 575//697 570//697 573//697
f 570//698 575//698 577//698
f 577//699 576//699 570//699
f 570//700 576//700 578//700
f 576//701 579//701 578//701
f 578//702 579//702 580//702
f 579//703 581//703 580//703
f 581//704 582//704 580//704
f 580//705 582//705 583//705
f 578//706 569//706 570//706
f 584//707 581//707 579//707
f 576//708 584//708 579//708
f 577//709 584//709 576//709
f 583//710 585//710 586//710
f 583//711 586//711 587//711
f 588//712 583//712 587//712
f 580//713 583//713 588//713
f 578//714 580//714 588//714
f 578//715 588//715 72//715
f 136//716 578//716 72//716
f 572//717 569//717 589//717
f 589//718 569//718 590//718
f 590//719 569//719 591//719
f 569//720 592//720 591//720
f 591//721 592//721 593//721
f 592//722 594//722 593//722
f 593//723 594//723 595//723
f 595//724 594//724 596//724
f 594//725 597//725 596//725
f 596//726 597//726 598//726
f 599//727 600//727 597//727
f 597//728 601//728 599//728
f 602//729 603//729 597//729
f 601//730 597//730 603//730
f 602//731 597//731 594//731
f 604//732 602//732 594//732
f 604//733 594//733 592//733
f 605//734 604//734 592//734
f 606//735 605//735 592//735
f 607//736 606//736 592//736
f 607//737 592//737 608//737
f 592//738 569//738 608//738
f 578//739 608//739 569//739
f 608//740 578//740 609//740
f 610//741 609//741 578//741
f 610//742 578//742 136//742
f 611//743 610//743 136//743
f 135//744 611//744 136//744
f 234//745 611//745 135//745
f 133//746 234//746 135//746
f 612//747 588//747 613//747
f 613//748 588//748 587//748
f 632//749 614//749 613//749
f 614//750 612//750 613//750
f 588//751 612//751 72//751
f 72//752 612//752 614//752
f 137//753 72//753 614//753
f 614//754 615//754 137//754
f 615//755 134//755 137//755
f 615//756 616//756 134//756
f 71//757 134//757 616//757
f 617//758 71//758 616//758
f 616//759 618//759 619//759
f 616//760 615//760 618//760
f 615//761 642//761 618//761
f 616//762 619//762 620//762
f 619//763 621//763 620//763
f 617//764 616//764 620//764
f 68//765 620//765 621//765
f 620//766 68//766 622//766
f 622//767 617//767 620//767
f 70//768 622//768 68//768
f 128//769 623//769 126//769
f 623//770 624//770 126//770
f 126//771 624//771 124//771
f 625//772 621//772 619//772
f 626//773 625//773 619//773
f 627//774 626//774 619//774
f 627//775 619//775 628//775
f 628//776 619//776 618//776
f 629//777 628//777 618//777
f 630//778 629//778 618//778
f 630//779 618//779 642//779
f 631//780 630//780 642//780
f 218//781 632//781 613//781
f 218//782 217//782 632//782
f 632//783 645//783 614//783
f 632//784 633//784 645//784
f 632//785 634//785 633//785
f 217//786 216//786 632//786
f 216//787 634//787 632//787
f 216//197 215//197 634//197
f 634//197 215//197 633//197
f 603//788 125//788 601//788
f 603//789 635//789 125//789
f 125//790 635//790 127//790
f 635//791 636//791 127//791
f 127//792 636//792 637//792
f 637//793 130//793 127//793
f 638//794 130//794 637//794
f 638//795 639//795 130//795
f 130//796 639//796 132//796
f 238//797 132//797 639//797
f 621//798 69//798 68//798
f 233//799 640//799 121//799
f 121//800 640//800 123//800
f 640//801 641//801 123//801
f 560//802 642//802 644//802
f 644//803 642//803 615//803
f 615//804 614//804 644//804
f 212//805 560//805 643//805
f 644//806 643//806 560//806
f 614//807 645//807 644//807
f 644//808 646//808 643//808
f 646//809 213//809 643//809
f 633//810 646//810 644//810
f 645//811 633//811 644//811
f 633//197 215//197 646//197
f 646//197 215//197 213//197
f 647//812 600//812 599//812
f 601//813 647//813 599//813
f 600//814 598//814 597//814
f 625//815 648//815 649//815
f 626//816 648//816 625//816
f 649//817 648//817 650//817
f 648//818 651//818 650//818
f 651//819 547//819 650//819
f 650//820 547//820 524//820
f 649//821 650//821 122//821
f 122//822 650//822 110//822
f 650//823 524//823 110//823
f 69//824 649//824 122//824
f 69//825 625//825 649//825
f 625//826 69//826 621//826
f 563//827 652//827 560//827
f 652//828 642//828 560//828
f 652//829 653//829 642//829
f 654//830 642//830 653//830
f 654//831 631//831 642//831
f 123//832 641//832 70//832
f 641//833 655//833 70//833
f 70//834 655//834 622//834
f 655//835 656//835 622//835
f 622//836 656//836 617//836
f 617//837 656//837 71//837
f 656//838 657//838 71//838
f 71//839 657//839 131//839
f 657//840 658//840 131//840
f 131//841 658//841 129//841
f 658//842 623//842 129//842
f 129//843 623//843 128//843
f 661//844 660//844 659//844
f 663//845 662//845 664//845
f 662//846 659//846 664//846
f 663//847 664//847 665//847
f 667//848 666//848 665//848
f 668//849 667//849 665//849
f 669//850 668//850 665//850
f 670//851 669//851 665//851
f 670//852 665//852 664//852
f 671//853 670//853 664//853
f 672//854 671//854 664//854
f 672//855 664//855 659//855
f 660//856 672//856 659//856
f 142//857 141//857 674//857
f 673//858 142//858 674//858
f 139//859 675//859 141//859
f 141//860 675//860 674//860
f 675//861 676//861 674//861
f 674//862 676//862 677//862
f 676//863 678//863 677//863
f 677//864 678//864 73//864
f 678//865 679//865 73//865
f 73//866 679//866 151//866
f 679//867 680//867 151//867
f 151//868 680//868 149//868
f 680//869 681//869 149//869
f 149//870 681//870 147//870
f 147//871 681//871 146//871
f 681//872 682//872 146//872
f 146//873 682//873 143//873
f 666//874 140//874 142//874
f 662//875 153//875 156//875
f 683//876 662//876 156//876
f 684//877 683//877 156//877
f 157//878 683//878 684//878
f 662//879 663//879 153//879
f 73//880 153//880 663//880
f 673//881 663//881 665//881
f 677//882 73//882 663//882
f 674//883 677//883 673//883
f 677//884 663//884 673//884
f 665//885 666//885 673//885
f 142//886 673//886 666//886
f 685//887 687//887 686//887
f 683//888 687//888 685//888
f 74//889 687//889 683//889
f 157//890 74//890 683//890
f 254//891 687//891 74//891
f 687//892 254//892 686//892
f 686//893 254//893 256//893
f 686//894 256//894 688//894
f 256//895 689//895 688//895
f 587//896 586//896 685//896
f 586//897 690//897 685//897
f 691//898 683//898 685//898
f 685//899 690//899 691//899
f 692//900 675//900 139//900
f 124//901 692//901 139//901
f 624//902 692//902 124//902
f 241//903 239//903 693//903
f 145//904 694//904 693//904
f 695//905 694//905 145//905
f 696//906 284//906 283//906
f 144//907 283//907 282//907
f 277//908 144//908 282//908
f 144//909 277//909 145//909
f 277//910 695//910 145//910
f 145//911 693//911 148//911
f 693//912 239//912 148//912
f 249//913 251//913 253//913
f 697//914 659//914 662//914
f 662//915 683//915 697//915
f 697//916 683//916 698//916
f 699//917 659//917 697//917
f 574//918 700//918 575//918
f 700//919 697//919 575//919
f 700//920 699//920 697//920
f 701//921 647//921 601//921
f 702//922 647//922 701//922
f 703//923 702//923 701//923
f 701//924 601//924 125//924
f 138//925 701//925 125//925
f 704//926 703//926 701//926
f 704//927 701//927 138//927
f 140//928 704//928 138//928
f 667//929 703//929 704//929
f 668//930 703//930 667//930
f 667//931 140//931 666//931
f 140//932 667//932 704//932
f 698//933 683//933 691//933
f 698//934 705//934 697//934
f 691//935 708//935 698//935
f 577//936 575//936 705//936
f 697//937 705//937 575//937
f 698//938 706//938 705//938
f 706//939 707//939 705//939
f 705//940 707//940 577//940
f 708//941 706//941 698//941
f 708//197 585//197 706//197
f 706//197 585//197 707//197
f 284//942 281//942 276//942
f 661//943 659//943 699//943
f 152//944 150//944 243//944
f 710//945 260//945 261//945
f 764//946 711//946 710//946
f 713//947 712//947 260//947
f 710//948 713//948 260//948
f 714//949 713//949 710//949
f 711//950 714//950 710//950
f 712//951 907//951 260//951
f 713//197 717//197 712//197
f 688//952 689//952 715//952
f 715//953 711//953 764//953
f 715//954 716//954 711//954
f 716//955 714//955 711//955
f 689//956 717//956 715//956
f 717//957 716//957 715//957
f 717//197 713//197 714//197
f 716//197 717//197 714//197
f 688//958 715//958 718//958
f 715//959 764//959 718//959
f 764//960 719//960 718//960
f 718//961 723//961 720//961
f 718//962 721//962 723//962
f 719//963 721//963 718//963
f 77//964 719//964 764//964
f 722//965 77//965 764//965
f 80//966 722//966 764//966
f 721//967 719//967 77//967
f 78//968 721//968 77//968
f 723//969 726//969 724//969
f 723//970 727//970 726//970
f 726//971 725//971 724//971
f 727//197 728//197 726//197
f 729//197 728//197 727//197
f 726//197 728//197 725//197
f 730//197 728//197 729//197
f 731//197 728//197 730//197
f 732//972 731//972 733//972
f 731//973 730//973 733//973
f 730//974 729//974 734//974
f 733//975 730//975 734//975
f 729//976 727//976 734//976
f 734//977 727//977 723//977
f 732//978 733//978 736//978
f 736//979 735//979 732//979
f 736//980 733//980 737//980
f 733//981 734//981 737//981
f 737//982 738//982 736//982
f 737//983 734//983 723//983
f 723//984 724//984 720//984
f 737//985 723//985 721//985
f 737//986 721//986 78//986
f 739//987 737//987 78//987
f 81//988 739//988 78//988
f 740//989 739//989 81//989
f 285//990 740//990 81//990
f 83//991 285//991 81//991
f 739//992 741//992 737//992
f 742//993 737//993 741//993
f 737//994 742//994 738//994
f 743//995 738//995 744//995
f 744//996 738//996 745//996
f 738//997 746//997 745//997
f 747//998 738//998 743//998
f 748//999 738//999 747//999
f 746//1000 749//1000 745//1000
f 745//1001 749//1001 750//1001
f 750//1002 749//1002 751//1002
f 751//1003 749//1003 752//1003
f 749//1004 753//1004 752//1004
f 752//1005 753//1005 754//1005
f 746//1006 738//1006 742//1006
f 755//1007 746//1007 742//1007
f 755//1008 756//1008 746//1008
f 756//1009 749//1009 746//1009
f 756//1010 757//1010 749//1010
f 757//1011 758//1011 749//1011
f 749//1012 758//1012 759//1012
f 759//1013 753//1013 749//1013
f 759//1014 760//1014 753//1014
f 761//1015 753//1015 760//1015
f 753//1016 761//1016 789//1016
f 789//1017 762//1017 753//1017
f 764//1018 763//1018 79//1018
f 80//1019 764//1019 79//1019
f 765//1020 763//1020 766//1020
f 763//1021 709//1021 766//1021
f 765//1022 766//1022 767//1022
f 765//1023 767//1023 768//1023
f 767//1024 769//1024 768//1024
f 160//1025 768//1025 769//1025
f 160//1026 76//1026 770//1026
f 768//1027 160//1027 770//1027
f 770//1028 771//1028 768//1028
f 771//1029 765//1029 768//1029
f 771//1030 85//1030 765//1030
f 85//1031 772//1031 765//1031
f 772//1032 82//1032 765//1032
f 82//1033 773//1033 765//1033
f 765//1034 773//1034 79//1034
f 763//1035 765//1035 79//1035
f 769//1036 75//1036 160//1036
f 85//1037 774//1037 84//1037
f 775//1038 774//1038 85//1038
f 84//1039 774//1039 87//1039
f 774//1040 776//1040 87//1040
f 87//1041 776//1041 92//1041
f 776//1042 777//1042 92//1042
f 92//1043 777//1043 94//1043
f 778//1044 779//1044 158//1044
f 778//1045 76//1045 779//1045
f 770//1046 780//1046 771//1046
f 781//1047 780//1047 770//1047
f 76//1048 781//1048 770//1048
f 782//1049 781//1049 76//1049
f 778//1050 782//1050 76//1050
f 771//1051 780//1051 85//1051
f 780//1052 775//1052 85//1052
f 682//1053 783//1053 143//1053
f 143//1054 783//1054 158//1054
f 158//1055 783//1055 778//1055
f 783//1056 782//1056 778//1056
f 785//1057 709//1057 784//1057
f 763//1058 764//1058 710//1058
f 710//1059 709//1059 763//1059
f 261//1060 709//1060 710//1060
f 263//1061 786//1061 261//1061
f 786//1062 709//1062 261//1062
f 786//1063 784//1063 709//1063
f 735//1064 736//1064 787//1064
f 735//1065 787//1065 788//1065
f 787//1066 736//1066 748//1066
f 736//1067 738//1067 748//1067
f 93//1068 789//1068 761//1068
f 760//1069 93//1069 761//1069
f 760//1070 790//1070 93//1070
f 93//1071 790//1071 91//1071
f 790//1072 791//1072 91//1072
f 791//1073 792//1073 91//1073
f 792//1074 791//1074 90//1074
f 791//1075 793//1075 90//1075
f 793//1076 86//1076 90//1076
f 794//1077 86//1077 793//1077
f 795//1078 762//1078 789//1078
f 86//1079 796//1079 88//1079
f 290//1080 88//1080 796//1080
f 794//1081 796//1081 86//1081
f 762//1082 754//1082 753//1082
f 799//1083 797//1083 798//1083
f 800//1084 797//1084 799//1084
f 75//1085 799//1085 798//1085
f 799//1086 75//1086 769//1086
f 75//1087 798//1087 144//1087
f 798//1088 801//1088 144//1088
f 801//1089 283//1089 144//1089
f 798//1090 797//1090 801//1090
f 797//1091 802//1091 801//1091
f 802//1092 696//1092 801//1092
f 801//1093 696//1093 283//1093
f 785//1094 803//1094 709//1094
f 799//1095 769//1095 767//1095
f 805//1096 767//1096 804//1096
f 805//1097 800//1097 767//1097
f 800//1098 799//1098 767//1098
f 806//1099 804//1099 766//1099
f 804//1100 767//1100 766//1100
f 807//1101 806//1101 766//1101
f 807//1102 766//1102 709//1102
f 803//1103 807//1103 709//1103
f 809//1104 808//1104 162//1104
f 163//1105 809//1105 162//1105
f 163//1106 99//1106 809//1106
f 99//1107 810//1107 809//1107
f 811//1108 810//1108 99//1108
f 810//1109 811//1109 812//1109
f 809//1110 810//1110 812//1110
f 813//1111 809//1111 812//1111
f 812//1112 811//1112 814//1112
f 814//1113 501//1113 812//1113
f 815//1114 814//1114 811//1114
f 816//1115 815//1115 811//1115
f 816//1116 811//1116 99//1116
f 817//1117 816//1117 99//1117
f 818//1118 816//1118 817//1118
f 164//1119 818//1119 817//1119
f 818//1120 819//1120 816//1120
f 820//1121 818//1121 164//1121
f 165//1122 820//1122 164//1122
f 821//1123 820//1123 165//1123
f 822//1124 820//1124 821//1124
f 168//1125 822//1125 821//1125
f 168//1126 173//1126 824//1126
f 173//1127 825//1127 824//1127
f 826//1128 168//1128 824//1128
f 168//1129 826//1129 823//1129
f 822//1130 168//1130 823//1130
f 825//1131 173//1131 291//1131
f 827//1132 291//1132 172//1132
f 720//1133 813//1133 812//1133
f 813//1134 828//1134 809//1134
f 720//1135 724//1135 813//1135
f 550//1136 830//1136 829//1136
f 831//1137 548//1137 550//1137
f 829//1138 831//1138 550//1138
f 829//1139 832//1139 816//1139
f 816//1140 831//1140 829//1140
f 816//1141 832//1141 815//1141
f 830//1142 833//1142 829//1142
f 833//1143 834//1143 829//1143
f 829//1144 834//1144 832//1144
f 834//1145 835//1145 832//1145
f 552//1146 833//1146 830//1146
f 550//1147 552//1147 830//1147
f 832//1148 835//1148 815//1148
f 835//1149 836//1149 815//1149
f 815//1150 836//1150 837//1150
f 837//1151 838//1151 814//1151
f 815//1152 837//1152 814//1152
f 814//1153 838//1153 502//1153
f 838//1154 505//1154 502//1154
f 838//197 553//197 505//197
f 837//197 553//197 838//197
f 835//197 837//197 836//197
f 835//197 553//197 837//197
f 834//197 553//197 835//197
f 552//197 553//197 834//197
f 833//197 552//197 834//197
f 839//1155 850//1155 98//1155
f 94//1156 839//1156 98//1156
f 777//1157 839//1157 94//1157
f 175//1158 510//1158 100//1158
f 840//1159 510//1159 175//1159
f 171//1160 840//1160 175//1160
f 841//1161 840//1161 171//1161
f 842//1162 841//1162 171//1162
f 842//1163 171//1163 843//1163
f 842//1164 843//1164 170//1164
f 170//1165 841//1165 842//1165
f 844//1166 841//1166 170//1166
f 167//1167 844//1167 170//1167
f 845//1168 844//1168 167//1168
f 846//1169 845//1169 167//1169
f 846//1170 167//1170 847//1170
f 848//1171 845//1171 846//1171
f 849//1172 845//1172 848//1172
f 97//1173 849//1173 848//1173
f 850//1174 849//1174 97//1174
f 98//1175 850//1175 97//1175
f 95//1176 97//1176 848//1176
f 851//1177 95//1177 848//1177
f 848//1178 847//1178 851//1178
f 848//1179 846//1179 847//1179
f 95//1180 851//1180 852//1180
f 853//1181 852//1181 851//1181
f 851//1182 847//1182 853//1182
f 854//1183 855//1183 847//1183
f 847//1184 855//1184 853//1184
f 854//1185 808//1185 855//1185
f 808//1186 856//1186 855//1186
f 847//1187 167//1187 854//1187
f 167//1188 166//1188 854//1188
f 808//1189 854//1189 166//1189
f 166//1190 162//1190 808//1190
f 858//1191 857//1191 856//1191
f 852//1192 96//1192 95//1192
f 859//1193 852//1193 853//1193
f 860//1194 859//1194 853//1194
f 861//1195 860//1195 853//1195
f 862//1196 861//1196 853//1196
f 862//1197 853//1197 855//1197
f 863//1198 862//1198 855//1198
f 864//1199 863//1199 855//1199
f 864//1200 855//1200 856//1200
f 865//1201 864//1201 856//1201
f 857//1202 865//1202 856//1202
f 808//1203 809//1203 866//1203
f 866//1204 856//1204 808//1204
f 866//1205 809//1205 869//1205
f 858//1206 856//1206 866//1206
f 867//1207 858//1207 866//1207
f 867//1208 866//1208 735//1208
f 788//1209 867//1209 735//1209
f 732//1210 735//1210 868//1210
f 866//1211 868//1211 735//1211
f 869//1212 868//1212 866//1212
f 869//1213 809//1213 828//1213
f 828//1214 728//1214 869//1214
f 869//1215 870//1215 868//1215
f 870//1216 731//1216 732//1216
f 868//1217 870//1217 732//1217
f 869//1218 871//1218 870//1218
f 728//1219 871//1219 869//1219
f 871//197 728//197 731//197
f 870//197 871//197 731//197
f 559//1220 872//1220 873//1220
f 874//1221 873//1221 872//1221
f 872//1222 559//1222 875//1222
f 874//1223 872//1223 876//1223
f 877//1224 874//1224 876//1224
f 875//1225 878//1225 872//1225
f 880//1226 872//1226 879//1226
f 876//1227 872//1227 880//1227
f 881//1228 876//1228 880//1228
f 882//1229 876//1229 881//1229
f 883//1230 876//1230 882//1230
f 884//1231 883//1231 882//1231
f 885//1232 883//1232 884//1232
f 886//1233 883//1233 885//1233
f 877//1234 876//1234 883//1234
f 887//1235 877//1235 883//1235
f 888//1236 887//1236 883//1236
f 889//1237 888//1237 883//1237
f 889//1238 883//1238 890//1238
f 890//1239 883//1239 886//1239
f 816//1240 890//1240 886//1240
f 890//1241 816//1241 819//1241
f 891//1242 886//1242 885//1242
f 892//1243 886//1243 891//1243
f 831//1244 886//1244 892//1244
f 893//1245 831//1245 892//1245
f 816//1246 886//1246 831//1246
f 894//1247 831//1247 893//1247
f 548//1248 894//1248 566//1248
f 548//1249 831//1249 894//1249
f 895//1250 896//1250 174//1250
f 559//1251 558//1251 875//1251
f 558//1252 878//1252 875//1252
f 873//1253 176//1253 559//1253
f 873//1254 895//1254 176//1254
f 176//1255 895//1255 174//1255
f 897//1256 172//1256 174//1256
f 174//1257 896//1257 897//1257
f 827//1258 172//1258 897//1258
f 878//1259 879//1259 872//1259
f 898//1260 795//1260 789//1260
f 899//1261 795//1261 898//1261
f 900//1262 899//1262 898//1262
f 901//1263 900//1263 898//1263
f 859//1264 900//1264 901//1264
f 860//1265 900//1265 859//1265
f 859//1266 96//1266 852//1266
f 96//1267 901//1267 161//1267
f 901//1268 898//1268 161//1268
f 161//1269 898//1269 902//1269
f 902//1270 898//1270 93//1270
f 898//1271 789//1271 93//1271
f 96//1272 859//1272 901//1272
f 814//1273 502//1273 501//1273
f 643//1274 213//1274 212//1274
f 256//1275 903//1275 689//1275
f 903//1276 717//1276 689//1276
f 905//197 717//197 903//197
f 904//197 717//197 905//197
f 907//197 717//197 904//197
f 255//1277 905//1277 256//1277
f 905//1278 903//1278 256//1278
f 904//1279 905//1279 255//1279
f 257//1280 904//1280 255//1280
f 906//197 907//197 904//197
f 906//1281 904//1281 257//1281
f 258//1282 906//1282 257//1282
f 712//197 717//197 907//197
f 907//1283 906//1283 258//1283
f 259//1284 907//1284 258//1284
f 260//1285 907//1285 259//1285
f 724//1286 908//1286 813//1286
f 724//1287 725//1287 908//1287
f 813//1288 908//1288 828//1288
f 908//1289 728//1289 828//1289
f 585//1290 909//1290 586//1290
f 582//1291 585//1291 583//1291
f 584//197 585//197 582//197
f 585//197 708//197 909//197
f 581//197 584//197 582//197
f 577//1292 910//1292 584//1292
f 910//197 585//197 584//197
f 707//197 585//197 910//197
f 707//1293 910//1293 577//1293
f 586//1294 909//1294 690//1294
f 909//1295 911//1295 690//1295
f 911//1296 708//1296 691//1296
f 690//1297 911//1297 691//1297
f 909//197 708//197 911//197
f 725//197 728//197 908//197
f 912//1298 398//1298 197//1298
f 913//1299 912//1299 197//1299
f 195//1300 913//1300 197//1300
f 401//1301 913//1301 195//1301
f 196//1302 401//1302 195//1302
f 198//1303 397//1303 196//1303
f 196//1304 397//1304 396//1304
f 196//1305 396//1305 402//1305
f 401//1306 196//1306 402//1306
f 400//1307 913//1307 401//1307
f 912//1308 913//1308 399//1308
f 398//1309 912//1309 399//1309
f 197//1310 398//1310 397//1310
f 198//1311 197//1311 397//1311
f 450//1312 449//1312 202//1312
f 200//1313 450//1313 202//1313
f 451//1314 450//1314 200//1314
f 451//1315 199//1315 445//1315
f 199//1316 451//1316 200//1316
f 199//1317 446//1317 445//1317
f 199//1318 447//1318 446//1318
f 201//1319 447//1319 199//1319
f 201//1320 202//1320 447//1320
f 202//1321 448//1321 447//1321
f 449//1322 448//1322 202//1322
f 466//1323 465//1323 178//1323
f 178//1324 465//1324 179//1324
f 465//1325 471//1325 179//1325
f 177//1326 466//1326 178//1326
f 466//1327 177//1327 467//1327
f 177//1328 468//1328 467//1328
f 180//1329 469//1329 177//1329
f 177//1330 469//1330 468//1330
f 180//1331 179//1331 469//1331
f 179//1332 470//1332 469//1332
f 471//1333 470//1333 179//1333
f 183//1334 313//1334 314//1334
f 185//1335 183//1335 314//1335
f 182//1336 313//1336 183//1336
f 182//1337 184//1337 313//1337
f 312//1338 313//1338 184//1338
f 311//1339 312//1339 184//1339
f 186//1340 311//1340 184//1340
f 914//1341 311//1341 186//1341
f 309//1342 914//1342 186//1342
f 188//1343 309//1343 186//1343
f 185//1344 309//1344 188//1344
f 185//1345 310//1345 309//1345
f 185//1346 314//1346 310//1346
f 308//1347 914//1347 309//1347
f 189//1348 369//1348 370//1348
f 192//1349 367//1349 368//1349
f 371//1350 189//1350 370//1350
f 365//1351 366//1351 191//1351
f 190//1352 365//1352 191//1352
f 371//1353 365//1353 190//1353
f 189//1354 371//1354 190//1354
f 189//1355 368//1355 369//1355
f 189//1356 192//1356 368//1356
f 194//1357 367//1357 192//1357
f 366//1358 367//1358 194//1358
f 191//1359 366//1359 194//1359
f 917//1360 915//1360 916//1360
f 916//1361 918//1361 917//1361
f 917//1362 918//1362 919//1362
f 918//1363 920//1363 919//1363
f 921//1364 915//1364 917//1364
f 919//1365 921//1365 917//1365
f 919//1366 920//1366 922//1366
f 920//1367 923//1367 922//1367
f 922//1368 924//1368 919//1368
f 924//1369 921//1369 919//1369
f 925//1370 921//1370 924//1370
f 925//1371 926//1371 921//1371
f 927//1372 925//1372 924//1372
f 922//1373 923//1373 928//1373
f 928//1374 924//1374 922//1374
f 923//1375 929//1375 928//1375
f 930//1376 924//1376 928//1376
f 927//1377 924//1377 930//1377
f 931//1378 930//1378 928//1378
f 928//1379 929//1379 931//1379
f 929//1380 932//1380 931//1380
f 933//1381 927//1381 930//1381
f 934//1382 930//1382 931//1382
f 935//1383 934//1383 931//1383
f 931//1384 932//1384 935//1384
f 933//1385 930//1385 934//1385
f 932//1386 936//1386 935//1386
f 937//1387 933//1387 934//1387
f 938//1388 934//1388 935//1388
f 935//1389 936//1389 939//1389
f 936//1390 940//1390 939//1390
f 937//1391 934//1391 938//1391
f 941//1392 938//1392 935//1392
f 939//1393 941//1393 935//1393
f 942//1394 941//1394 939//1394
f 939//1395 940//1395 943//1395
f 943//1396 942//1396 939//1396
f 940//1397 944//1397 943//1397
f 943//1398 944//1398 945//1398
f 944//1399 946//1399 945//1399
f 947//1400 938//1400 941//1400
f 947//1401 941//1401 942//1401
f 945//1402 948//1402 943//1402
f 948//1403 942//1403 943//1403
f 945//1404 946//1404 949//1404
f 946//1405 950//1405 949//1405
f 951//1406 947//1406 942//1406
f 949//1407 948//1407 945//1407
f 952//1408 948//1408 949//1408
f 949//1409 950//1409 953//1409
f 953//1410 952//1410 949//1410
f 950//1411 954//1411 953//1411
f 955//1412 942//1412 948//1412
f 955//1413 951//1413 942//1413
f 956//1414 952//1414 953//1414
f 957//1415 955//1415 948//1415
f 953//1416 954//1416 959//1416
f 959//1417 956//1417 953//1417
f 954//1418 960//1418 959//1418
f 958//1419 956//1419 961//1419
f 962//1420 958//1420 961//1420
f 961//1421 956//1421 959//1421
f 962//1422 961//1422 963//1422
f 959//1423 960//1423 964//1423
f 964//1424 961//1424 959//1424
f 963//1425 961//1425 964//1425
f 960//1426 965//1426 964//1426
f 964//1427 965//1427 966//1427
f 965//1428 967//1428 966//1428
f 966//1429 963//1429 964//1429
f 968//1430 963//1430 966//1430
f 966//1431 967//1431 969//1431
f 967//1432 970//1432 969//1432
f 971//1433 972//1433 962//1433
f 962//1434 972//1434 958//1434
f 973//1435 962//1435 963//1435
f 973//1436 963//1436 968//1436
f 974//1437 973//1437 968//1437
f 969//1438 968//1438 966//1438
f 969//1439 970//1439 975//1439
f 970//1440 976//1440 975//1440
f 977//1441 968//1441 969//1441
f 974//1442 968//1442 977//1442
f 975//1443 977//1443 969//1443
f 978//1444 977//1444 975//1444
f 974//1445 977//1445 978//1445
f 979//1446 974//1446 978//1446
f 975//1447 976//1447 980//1447
f 976//1448 981//1448 980//1448
f 980//1449 978//1449 975//1449
f 982//1450 978//1450 980//1450
f 979//1451 978//1451 982//1451
f 983//1452 979//1452 982//1452
f 984//1453 983//1453 982//1453
f 984//1454 982//1454 985//1454
f 980//1455 981//1455 986//1455
f 986//1456 982//1456 980//1456
f 981//1457 987//1457 986//1457
f 985//1458 982//1458 986//1458
f 988//1459 985//1459 986//1459
f 984//1460 985//1460 988//1460
f 989//1461 984//1461 988//1461
f 986//1462 987//1462 990//1462
f 990//1463 988//1463 986//1463
f 987//1464 991//1464 990//1464
f 990//1465 991//1465 992//1465
f 992//1466 988//1466 990//1466
f 991//1467 993//1467 992//1467
f 994//1468 988//1468 992//1468
f 992//1469 993//1469 995//1469
f 995//1470 994//1470 992//1470
f 993//1471 996//1471 995//1471
f 997//1472 994//1472 995//1472
f 995//1473 996//1473 998//1473
f 996//1474 999//1474 998//1474
f 998//1475 997//1475 995//1475
f 998//1476 999//1476 1001//1476
f 999//1477 1002//1477 1001//1477
f 1001//1478 1002//1478 1003//1478
f 1002//1479 1004//1479 1003//1479
f 1003//1480 1004//1480 1005//1480
f 1004//1481 1006//1481 1005//1481
f 1006//1482 1007//1482 1005//1482
f 1005//1483 1007//1483 916//1483
f 1005//1484 1008//1484 1003//1484
f 1009//1485 1008//1485 1005//1485
f 1008//1486 1010//1486 1003//1486
f 1003//1487 1010//1487 1001//1487
f 1001//1488 1010//1488 998//1488
f 1010//1489 1011//1489 998//1489
f 1011//1490 997//1490 998//1490
f 916//1491 1009//1491 1005//1491
f 915//1492 1009//1492 916//1492
f 1007//1493 918//1493 916//1493
f 1013//1494 1012//1494 1009//1494
f 1013//1495 1009//1495 915//1495
f 1014//1496 1013//1496 915//1496
f 1014//1497 1015//1497 1013//1497
f 1015//1498 1016//1498 1013//1498
f 1013//1499 1016//1499 1012//1499
f 1012//1500 1008//1500 1009//1500
f 1012//1501 1017//1501 1008//1501
f 1017//1502 1010//1502 1008//1502
f 1016//1503 1018//1503 1012//1503
f 1017//1504 1019//1504 1010//1504
f 1019//1505 1011//1505 1010//1505
f 1019//1506 1000//1506 1011//1506
f 1000//1507 997//1507 1011//1507
f 1018//1508 1020//1508 1012//1508
f 1012//1509 1020//1509 1017//1509
f 1020//1510 1021//1510 1017//1510
f 1021//1511 1022//1511 1017//1511
f 1017//1512 1022//1512 1019//1512
f 1022//1513 1023//1513 1019//1513
f 1023//1514 1024//1514 1019//1514
f 1019//1515 1024//1515 1000//1515
f 1024//1516 1025//1516 1000//1516
f 1025//1517 1026//1517 1000//1517
f 1015//1518 1027//1518 1016//1518
f 1027//1519 1028//1519 1016//1519
f 1016//1520 1028//1520 1018//1520
f 1028//1521 1029//1521 1018//1521
f 1018//1522 1029//1522 1020//1522
f 1029//1523 1030//1523 1020//1523
f 1020//1524 1030//1524 1021//1524
f 1030//1525 1031//1525 1021//1525
f 1021//1526 1031//1526 1022//1526
f 1022//1527 1032//1527 1023//1527
f 1031//1528 1032//1528 1022//1528
f 1023//1529 1033//1529 1024//1529
f 1032//1530 1033//1530 1023//1530
f 1024//1531 1034//1531 1025//1531
f 1034//1532 1035//1532 1025//1532
f 1033//1533 1034//1533 1024//1533
f 1031//1534 1036//1534 1032//1534
f 1036//1535 1037//1535 1032//1535
f 1038//1536 1036//1536 1031//1536
f 1030//1537 1038//1537 1031//1537
f 1039//1538 1038//1538 1030//1538
f 1029//1539 1039//1539 1030//1539
f 1040//1540 1039//1540 1029//1540
f 1028//1541 1040//1541 1029//1541
f 1041//1542 1040//1542 1028//1542
f 1027//1543 1041//1543 1028//1543
f 1032//1544 1037//1544 1033//1544
f 1037//1545 1042//1545 1033//1545
f 1033//1546 1042//1546 1034//1546
f 1042//1547 1043//1547 1034//1547
f 1034//1548 1043//1548 1035//1548
f 1043//1549 1044//1549 1035//1549
f 1035//1550 1044//1550 1045//1550
f 1044//1551 1046//1551 1045//1551
f 1035//1552 1045//1552 1026//1552
f 1025//1553 1035//1553 1026//1553
f 1026//1554 1045//1554 1047//1554
f 1045//1555 1049//1555 1047//1555
f 1047//1556 1049//1556 1048//1556
f 1045//1557 1046//1557 1049//1557
f 1046//1558 1051//1558 1049//1558
f 1049//1559 1051//1559 1052//1559
f 1051//1560 1053//1560 1052//1560
f 1049//1561 1052//1561 1048//1561
f 1052//1562 1053//1562 1054//1562
f 1053//1563 1055//1563 1054//1563
f 1048//1564 1052//1564 1050//1564
f 1054//1565 1055//1565 1056//1565
f 1055//1566 1057//1566 1056//1566
f 1052//1567 1054//1567 1050//1567
f 1056//1568 1057//1568 1058//1568
f 1057//1569 1059//1569 1058//1569
f 1050//1570 1054//1570 1060//1570
f 1054//1571 1056//1571 1060//1571
f 1060//1572 1056//1572 1061//1572
f 1056//1573 1058//1573 1061//1573
f 1061//1574 1058//1574 1062//1574
f 1050//1575 1060//1575 989//1575
f 1048//1576 1050//1576 989//1576
f 1063//1577 1048//1577 989//1577
f 1047//1578 1048//1578 1063//1578
f 1026//1579 1047//1579 1063//1579
f 1000//1580 1026//1580 1063//1580
f 1000//1581 1063//1581 997//1581
f 1063//1582 994//1582 997//1582
f 1063//1583 989//1583 994//1583
f 989//1584 988//1584 994//1584
f 989//1585 1060//1585 984//1585
f 1060//1586 1061//1586 984//1586
f 1061//1587 1062//1587 984//1587
f 1062//1588 1065//1588 1064//1588
f 1058//1589 1065//1589 1062//1589
f 1065//1590 1066//1590 1064//1590
f 1064//1591 1066//1591 1067//1591
f 1066//1592 1069//1592 1067//1592
f 1067//1593 1069//1593 1068//1593
f 1064//1594 1067//1594 979//1594
f 983//1595 1064//1595 979//1595
f 1062//1596 1064//1596 983//1596
f 984//1597 1062//1597 983//1597
f 1067//1598 1068//1598 979//1598
f 979//1599 1068//1599 974//1599
f 1068//1600 1070//1600 974//1600
f 1070//1601 1071//1601 974//1601
f 974//1602 1071//1602 973//1602
f 1071//1603 1072//1603 973//1603
f 1072//1604 1073//1604 973//1604
f 973//1605 1073//1605 962//1605
f 1073//1606 971//1606 962//1606
f 1068//1607 1074//1607 1070//1607
f 1069//1608 1074//1608 1068//1608
f 1070//1609 1075//1609 1071//1609
f 1074//1610 1075//1610 1070//1610
f 1071//1611 1076//1611 1072//1611
f 1075//1612 1076//1612 1071//1612
f 1076//1613 1077//1613 1072//1613
f 1072//1614 1077//1614 1073//1614
f 1077//1615 1078//1615 1073//1615
f 1073//1616 1078//1616 971//1616
f 1078//1617 1079//1617 971//1617
f 1078//1618 1080//1618 1079//1618
f 1080//1619 1081//1619 1079//1619
f 1082//1620 1080//1620 1078//1620
f 1077//1621 1082//1621 1078//1621
f 1083//1622 1082//1622 1077//1622
f 1076//1623 1083//1623 1077//1623
f 1084//1624 1083//1624 1076//1624
f 1075//1625 1084//1625 1076//1625
f 1085//1626 1084//1626 1075//1626
f 1074//1627 1085//1627 1075//1627
f 1086//1628 1085//1628 1074//1628
f 1069//1629 1086//1629 1074//1629
f 1087//1630 1086//1630 1069//1630
f 1066//1631 1087//1631 1069//1631
f 1088//1632 1087//1632 1066//1632
f 1065//1633 1088//1633 1066//1633
f 1059//1634 1088//1634 1065//1634
f 1058//1635 1059//1635 1065//1635
f 1089//1636 1090//1636 925//1636
f 925//1637 1090//1637 926//1637
f 1090//1638 1091//1638 926//1638
f 926//1639 1091//1639 1014//1639
f 1092//1640 1089//1640 925//1640
f 927//1641 1092//1641 925//1641
f 1093//1642 1092//1642 927//1642
f 1094//1643 1093//1643 927//1643
f 933//1644 1094//1644 927//1644
f 1095//1645 1094//1645 933//1645
f 937//1646 1095//1646 933//1646
f 1096//1647 1095//1647 937//1647
f 1097//1648 1096//1648 937//1648
f 938//1649 1097//1649 937//1649
f 1098//1650 1097//1650 938//1650
f 947//1651 1098//1651 938//1651
f 1099//1652 1098//1652 947//1652
f 1100//1653 1099//1653 947//1653
f 951//1654 1100//1654 947//1654
f 1101//1655 1100//1655 951//1655
f 955//1656 1101//1656 951//1656
f 1102//1657 1101//1657 955//1657
f 1103//1658 1102//1658 955//1658
f 957//1659 1103//1659 955//1659
f 1104//1660 1103//1660 957//1660
f 1103//1661 1105//1661 1102//1661
f 1105//1662 1106//1662 1102//1662
f 1102//1663 1106//1663 1101//1663
f 1108//1664 1104//1664 957//1664
f 1107//1665 1108//1665 957//1665
f 1110//1666 1108//1666 1107//1666
f 1104//1667 1109//1667 1103//1667
f 1109//1668 1105//1668 1103//1668
f 1108//1669 1111//1669 1104//1669
f 1111//1670 1109//1670 1104//1670
f 958//1671 1110//1671 1107//1671
f 1112//1672 1110//1672 958//1672
f 972//1673 1112//1673 958//1673
f 971//1674 1079//1674 972//1674
f 972//1675 1113//1675 1112//1675
f 1079//1676 1113//1676 972//1676
f 1113//1677 1114//1677 1112//1677
f 1112//1678 1114//1678 1110//1678
f 1079//1679 1081//1679 1113//1679
f 1081//1680 1115//1680 1113//1680
f 1114//1681 1116//1681 1110//1681
f 1113//1682 1115//1682 1114//1682
f 1115//1683 1117//1683 1114//1683
f 1114//1684 1117//1684 1116//1684
f 1117//1685 1118//1685 1116//1685
f 1116//1686 1118//1686 1111//1686
f 1118//1687 1119//1687 1111//1687
f 1110//1688 1116//1688 1108//1688
f 1116//1689 1111//1689 1108//1689
f 1111//1690 1119//1690 1109//1690
f 1119//1691 1120//1691 1109//1691
f 1109//1692 1120//1692 1105//1692
f 1120//1693 1121//1693 1105//1693
f 1105//1694 1121//1694 1106//1694
f 1121//1695 1122//1695 1106//1695
f 1106//1696 1122//1696 1123//1696
f 1122//1697 1124//1697 1123//1697
f 1123//1698 1124//1698 1125//1698
f 1124//1699 1126//1699 1125//1699
f 1106//1700 1123//1700 1101//1700
f 1101//1701 1123//1701 1100//1701
f 1123//1702 1125//1702 1100//1702
f 1125//1703 1126//1703 1127//1703
f 1126//1704 1128//1704 1127//1704
f 1100//1705 1125//1705 1099//1705
f 1127//1706 1128//1706 1129//1706
f 1128//1707 1130//1707 1129//1707
f 1125//1708 1127//1708 1099//1708
f 1099//1709 1127//1709 1098//1709
f 1129//1710 1130//1710 1131//1710
f 1130//1711 1132//1711 1131//1711
f 1127//1712 1129//1712 1098//1712
f 1129//1713 1131//1713 1097//1713
f 1098//1714 1129//1714 1097//1714
f 1097//1715 1131//1715 1096//1715
f 1131//1716 1133//1716 1096//1716
f 1096//1717 1133//1717 1095//1717
f 1131//1718 1132//1718 1133//1718
f 1132//1719 1134//1719 1133//1719
f 1133//1720 1135//1720 1095//1720
f 1095//1721 1135//1721 1094//1721
f 1135//1722 1136//1722 1094//1722
f 1094//1723 1136//1723 1093//1723
f 1093//1724 1137//1724 1092//1724
f 1136//1725 1137//1725 1093//1725
f 1092//1726 1138//1726 1089//1726
f 1137//1727 1138//1727 1092//1727
f 1138//1728 1139//1728 1089//1728
f 1138//1729 1140//1729 1139//1729
f 1140//1730 1141//1730 1139//1730
f 1139//1731 1141//1731 1142//1731
f 1141//1732 1143//1732 1142//1732
f 1142//1733 1143//1733 1144//1733
f 1143//1734 1145//1734 1144//1734
f 1137//1735 1146//1735 1138//1735
f 1146//1736 1140//1736 1138//1736
f 1147//1737 1146//1737 1137//1737
f 1136//1738 1147//1738 1137//1738
f 1148//1739 1147//1739 1136//1739
f 1135//1740 1148//1740 1136//1740
f 1134//1741 1148//1741 1135//1741
f 1133//1742 1134//1742 1135//1742
f 1139//1743 1142//1743 1090//1743
f 1089//1744 1139//1744 1090//1744
f 1090//1745 1142//1745 1091//1745
f 1142//1746 1144//1746 1091//1746
f 1144//1747 1145//1747 1149//1747
f 1145//1748 1150//1748 1149//1748
f 1144//1749 1149//1749 1151//1749
f 1091//1750 1144//1750 1151//1750
f 1091//1751 1151//1751 1014//1751
f 1151//1752 1149//1752 1015//1752
f 1149//1753 1027//1753 1015//1753
f 1149//1754 1150//1754 1027//1754
f 1150//1755 1041//1755 1027//1755
f 1151//1756 1015//1756 1014//1756
f 1014//1757 915//1757 921//1757
f 926//1758 1014//1758 921//1758
f 958//1759 1107//1759 956//1759
f 1107//1760 952//1760 956//1760
f 1107//1761 957//1761 952//1761
f 957//1762 948//1762 952//1762
f 323//1763 1152//1763 292//1763
f 292//1764 1152//1764 301//1764
f 1152//1765 324//1765 301//1765
f 416//1766 413//1766 438//1766
f 1153//1767 1154//1767 501//1767
f 219//1768 1153//1768 501//1768
f 1155//1769 1153//1769 219//1769
f 1156//1770 1155//1770 219//1770
f 1157//1771 1156//1771 219//1771
f 1158//1772 1157//1772 219//1772
f 1159//1773 1158//1773 219//1773
f 218//1774 1159//1774 219//1774
f 1160//1775 1159//1775 218//1775
f 1161//1776 1160//1776 218//1776
f 1162//1777 1161//1777 218//1777
f 1163//1778 1162//1778 218//1778
f 613//1779 1163//1779 218//1779
f 1164//1780 1163//1780 613//1780
f 1165//1781 1164//1781 613//1781
f 1166//1782 1165//1782 613//1782
f 1167//1783 1166//1783 613//1783
f 1168//1784 1167//1784 613//1784
f 587//1785 1168//1785 613//1785
f 1169//1786 1168//1786 587//1786
f 1170//1787 1169//1787 587//1787
f 1171//1788 1170//1788 587//1788
f 1172//1789 1171//1789 587//1789
f 685//1790 1172//1790 587//1790
f 1173//1791 1172//1791 685//1791
f 1174//1792 1173//1792 685//1792
f 1175//1793 1174//1793 685//1793
f 686//1794 1175//1794 685//1794
f 1176//1795 1175//1795 686//1795
f 1177//1796 1176//1796 686//1796
f 1178//1797 1177//1797 686//1797
f 1179//1798 1178//1798 686//1798
f 688//1799 1179//1799 686//1799
f 1180//1800 1179//1800 688//1800
f 1181//1801 1180//1801 688//1801
f 1182//1802 1181//1802 688//1802
f 1183//1803 1182//1803 688//1803
f 718//1804 1183//1804 688//1804
f 1184//1805 1183//1805 718//1805
f 1185//1806 1184//1806 718//1806
f 1186//1807 1185//1807 718//1807
f 720//1808 1186//1808 718//1808
f 1187//1809 1186//1809 720//1809
f 1188//1810 1187//1810 720//1810
f 1189//1811 1188//1811 720//1811
f 1190//1812 1189//1812 720//1812
f 812//1813 1190//1813 720//1813
f 1191//1814 1190//1814 812//1814
f 1192//1815 1191//1815 812//1815
f 1193//1816 1192//1816 812//1816
f 1194//1817 1193//1817 812//1817
f 1195//1818 1194//1818 812//1818
f 1196//1819 1195//1819 812//1819
f 501//1820 1196//1820 812//1820
f 1197//1821 1196//1821 501//1821
f 1154//1822 1197//1822 501//1822
f 1177//1823 1175//1823 1176//1823
f 1177//1824 1174//1824 1175//1824
f 1177//197 1173//197 1174//197
f 1177//1825 1172//1825 1173//1825
f 1177//1826 1171//1826 1172//1826
f 1177//197 1170//197 1171//197
f 1177//197 1169//197 1170//197
f 1177//197 1168//197 1169//197
f 1177//197 1167//197 1168//197
f 1177//197 1166//197 1167//197
f 1177//197 1165//197 1166//197
f 1177//197 1164//197 1165//197
f 1177//197 1163//197 1164//197
f 1177//197 1162//197 1163//197
f 1177//197 1161//197 1162//197
f 1177//197 1160//197 1161//197
f 1177//197 1159//197 1160//197
f 1177//197 1158//197 1159//197
f 1177//197 1157//197 1158//197
f 1177//197 1156//197 1157//197
f 1177//197 1155//197 1156//197
f 1177//197 1153//197 1155//197
f 1177//197 1154//197 1153//197
f 1177//197 1197//197 1154//197
f 1177//197 1196//197 1197//197
f 1177//197 1195//197 1196//197
f 1177//197 1194//197 1195//197
f 1177//197 1193//197 1194//197
f 1177//197 1192//197 1193//197
f 1177//197 1191//197 1192//197
f 1177//197 1190//197 1191//197
f 1177//197 1189//197 1190//197
f 1177//197 1188//197 1189//197
f 1177//197 1187//197 1188//197
f 1177//197 1186//197 1187//197
f 1177//197 1185//197 1186//197
f 1177//197 1184//197 1185//197
f 1177//197 1183//197 1184//197
f 1177//197 1182//197 1183//197
f 1177//1826 1181//1826 1182//1826
f 1177//197 1180//197 1181//197
f 1177//1825 1179//1825 1180//1825
f 1177//1824 1178//1824 1179//1824
f 1178//1827 1180//1827 1179//1827
f 1178//1828 1181//1828 1180//1828
f 1178//1829 1182//1829 1181//1829
f 1178//1829 1183//1829 1182//1829
f 1178//1829 1184//1829 1183//1829
f 1178//1829 1185//1829 1184//1829
f 1178//1829 1186//1829 1185//1829
f 1178//1829 1187//1829 1186//1829
f 1178//1829 1188//1829 1187//1829
f 1178//1829 1189//1829 1188//1829
f 1178//1829 1190//1829 1189//1829
f 1178//1829 1191//1829 1190//1829
f 1178//1829 1192//1829 1191//1829
f 1178//1829 1193//1829 1192//1829
f 1178//1829 1194//1829 1193//1829
f 1178//1829 1195//1829 1194//1829
f 1178//1829 1196//1829 1195//1829
f 1178//1829 1197//1829 1196//1829
f 1178//1829 1154//1829 1197//1829
f 1178//1829 1153//1829 1154//1829
f 1178//1829 1155//1829 1153//1829
f 1178//1829 1156//1829 1155//1829
f 1178//1829 1157//1829 1156//1829
f 1178//1829 1158//1829 1157//1829
f 1178//1829 1159//1829 1158//1829
f 1178//1829 1160//1829 1159//1829
f 1178//1829 1161//1829 1160//1829
f 1178//1829 1162//1829 1161//1829
f 1178//1829 1163//1829 1162//1829
f 1178//1829 1164//1829 1163//1829
f 1178//1829 1165//1829 1164//1829
f 1178//1829 1166//1829 1165//1829
f 1178//1829 1167//1829 1166//1829
f 1178//1829 1168//1829 1167//1829
f 1178//1829 1169//1829 1168//1829
f 1178//1829 1170//1829 1169//1829
f 1178//1829 1171//1829 1170//1829
f 1178//1829 1172//1829 1171//1829
f 1178//1829 1173//1829 1172//1829
f 1178//1829 1174//1829 1173//1829
f 1178//1830 1175//1830 1174//1830
f 1178//1828 1176//1828 1175//1828
f 1178//1831 1177//1831 1176//1831
f 1198//1832 1199//1832 1200//1832
f 1200//1833 1199//1833 1201//1833
f 1199//1834 1202//1834 1201//1834
f 1201//1835 1202//1835 1203//1835
f 1200//1836 1201//1836 1204//1836
f 1204//1837 1201//1837 1205//1837
f 1201//1838 1203//1838 1205//1838
f 1205//1839 1203//1839 1206//1839
f 1205//1840 1207//1840 1204//1840
f 1207//1841 1205//1841 1208//1841
f 1205//1842 1206//1842 1208//1842
f 1209//1843 1199//1843 1198//1843
f 1209//1844 1202//1844 1199//1844
f 1209//1845 1210//1845 1211//1845
f 1211//1846 1202//1846 1209//1846
f 1211//1847 1210//1847 1212//1847
f 1213//1848 1214//1848 1215//1848
f 1215//1849 1214//1849 1216//1849
f 1214//1850 1198//1850 1216//1850
f 1216//1851 1198//1851 1200//1851
f 1215//1852 1216//1852 1217//1852
f 1217//1853 1216//1853 1204//1853
f 1216//1854 1200//1854 1204//1854
f 1204//1855 1218//1855 1217//1855
f 1218//1856 1204//1856 1207//1856
f 1219//1857 1214//1857 1213//1857
f 1220//1858 1214//1858 1219//1858
f 1220//1859 1198//1859 1214//1859
f 1220//1860 1219//1860 1221//1860
f 1210//1861 1220//1861 1221//1861
f 1209//1862 1220//1862 1210//1862
f 1209//1863 1198//1863 1220//1863
f 1222//1864 1223//1864 1224//1864
f 1224//1865 1223//1865 1225//1865
f 1223//1866 1213//1866 1225//1866
f 1225//1867 1213//1867 1215//1867
f 1224//1868 1225//1868 1226//1868
f 1225//1869 1215//1869 1226//1869
f 1226//1870 1215//1870 1217//1870
f 1227//1871 1226//1871 1218//1871
f 1226//1872 1217//1872 1218//1872
f 1228//1873 1223//1873 1222//1873
f 1219//1874 1223//1874 1228//1874
f 1219//1875 1213//1875 1223//1875
f 1219//1876 1228//1876 1229//1876
f 1221//1877 1219//1877 1229//1877
f 1230//1878 1231//1878 1232//1878
f 1232//1879 1231//1879 1233//1879
f 1231//1880 1234//1880 1233//1880
f 1233//1881 1234//1881 1235//1881
f 1232//1882 1233//1882 1236//1882
f 1236//1883 1233//1883 1237//1883
f 1233//1884 1235//1884 1237//1884
f 1237//1885 1235//1885 1238//1885
f 1237//1886 1239//1886 1236//1886
f 1239//1887 1237//1887 1240//1887
f 1237//1888 1238//1888 1240//1888
f 1241//1889 1231//1889 1230//1889
f 1241//1890 1234//1890 1231//1890
f 1241//1891 1242//1891 1243//1891
f 1243//1892 1234//1892 1241//1892
f 1243//1893 1242//1893 1244//1893
f 1245//1894 1246//1894 1247//1894
f 1247//1895 1246//1895 1248//1895
f 1246//1896 1230//1896 1248//1896
f 1248//1897 1230//1897 1232//1897
f 1247//1898 1248//1898 1249//1898
f 1249//1899 1248//1899 1236//1899
f 1248//1900 1232//1900 1236//1900
f 1236//1901 1250//1901 1249//1901
f 1250//1902 1236//1902 1239//1902
f 1251//1903 1246//1903 1245//1903
f 1252//1904 1246//1904 1251//1904
f 1252//1905 1230//1905 1246//1905
f 1252//1906 1251//1906 1253//1906
f 1242//1907 1252//1907 1253//1907
f 1241//1908 1252//1908 1242//1908
f 1241//1909 1230//1909 1252//1909
f 1254//1910 1255//1910 1256//1910
f 1256//1911 1255//1911 1257//1911
f 1255//1912 1245//1912 1257//1912
f 1257//1913 1245//1913 1247//1913
f 1256//1914 1257//1914 1258//1914
f 1258//1915 1257//1915 1249//1915
f 1257//1916 1247//1916 1249//1916
f 1249//1917 1259//1917 1258//1917
f 1259//1918 1249//1918 1250//1918
f 1260//1919 1255//1919 1254//1919
f 1251//1920 1255//1920 1260//1920
f 1251//1921 1245//1921 1255//1921
f 1251//1922 1260//1922 1261//1922
f 1253//1923 1251//1923 1261//1923
f 1262//1924 1263//1924 1264//1924
f 1264//1925 1263//1925 1265//1925
f 1263//1926 1266//1926 1265//1926
f 1265//1927 1266//1927 1267//1927
f 1264//1928 1265//1928 1268//1928
f 1268//1929 1265//1929 1269//1929
f 1265//1930 1267//1930 1269//1930
f 1269//1931 1270//1931 1268//1931
f 1270//1932 1269//1932 1271//1932
f 1272//1933 1263//1933 1262//1933
f 1273//1934 1263//1934 1272//1934
f 1273//1935 1266//1935 1263//1935
f 1273//1936 1272//1936 1274//1936
f 1274//1937 1272//1937 1275//1937
f 1276//1938 1273//1938 1274//1938
f 1276//1939 1266//1939 1273//1939
f 1277//1940 1278//1940 1279//1940
f 1279//1941 1278//1941 1280//1941
f 1278//1942 1262//1942 1280//1942
f 1280//1943 1262//1943 1264//1943
f 1279//1944 1280//1944 1281//1944
f 1280//1945 1264//1945 1281//1945
f 1281//1946 1264//1946 1268//1946
f 1282//1947 1281//1947 1270//1947
f 1281//1948 1268//1948 1270//1948
f 1283//1949 1278//1949 1277//1949
f 1272//1950 1278//1950 1283//1950
f 1272//1951 1262//1951 1278//1951
f 1272//1952 1283//1952 1275//1952
f 1275//1953 1283//1953 1284//1953
f 1285//1954 1286//1954 1287//1954
f 1287//1955 1286//1955 1288//1955
f 1286//1956 1289//1956 1288//1956
f 1288//1957 1289//1957 1290//1957
f 1287//1958 1288//1958 1291//1958
f 1291//1959 1288//1959 1292//1959
f 1288//1960 1290//1960 1292//1960
f 1292//1961 1293//1961 1291//1961
f 1293//1962 1292//1962 1294//1962
f 1295//1963 1286//1963 1285//1963
f 1295//1964 1289//1964 1286//1964
f 1295//1965 1296//1965 1297//1965
f 1297//1966 1289//1966 1295//1966
f 1297//1967 1296//1967 1298//1967
f 1299//1968 1300//1968 1301//1968
f 1301//1969 1300//1969 1302//1969
f 1300//1970 1303//1970 1302//1970
f 1302//1971 1303//1971 1304//1971
f 1301//1972 1302//1972 1305//1972
f 1305//1973 1302//1973 1306//1973
f 1302//1974 1304//1974 1306//1974
f 1306//1975 1307//1975 1305//1975
f 1307//1976 1306//1976 1308//1976
f 1309//1977 1300//1977 1299//1977
f 1309//1978 1303//1978 1300//1978
f 1309//1979 1310//1979 1311//1979
f 1311//1980 1303//1980 1309//1980
f 1311//1981 1310//1981 1312//1981
f 1313//1982 1314//1982 1315//1982
f 1315//1983 1314//1983 1316//1983
f 1314//1984 1317//1984 1316//1984
f 1316//1985 1317//1985 1318//1985
f 1315//1986 1316//1986 1319//1986
f 1319//1987 1316//1987 1320//1987
f 1316//1988 1318//1988 1320//1988
f 1320//1989 1321//1989 1319//1989
f 1321//1990 1320//1990 1322//1990
f 1323//1991 1314//1991 1313//1991
f 1323//1992 1317//1992 1314//1992
f 1323//1993 1324//1993 1325//1993
f 1325//1994 1317//1994 1323//1994
f 1325//1995 1324//1995 1326//1995
f 1327//1996 1328//1996 1322//1996
f 1322//1997 1328//1997 1321//1997
f 1329//1998 1327//1998 1322//1998
f 1330//1999 1327//1999 1329//1999
f 1330//2000 1329//2000 1307//2000
f 1330//2001 1307//2001 1331//2001
f 1331//2002 1307//2002 1308//2002
f 1331//2003 1308//2003 1332//2003
f 1332//2004 1308//2004 1333//2004
f 1293//2005 1332//2005 1333//2005
f 1334//2005 1332//2005 1293//2005
f 1294//2006 1334//2006 1293//2006
f 1335//2007 1334//2007 1294//2007
f 1336//2008 1335//2008 1294//2008
f 1337//2009 1335//2009 1336//2009
f 1337//2010 1336//2010 1338//2010
f 1337//2011 1338//2011 1339//2011
f 1339//2012 1338//2012 1282//2012
f 1339//2013 1282//2013 1340//2013
f 1340//2014 1282//2014 1270//2014
f 1271//2015 1340//2015 1270//2015
f 1341//2015 1340//2015 1271//2015
f 1259//2016 1341//2016 1271//2016
f 1342//2017 1341//2017 1259//2017
f 1250//2018 1342//2018 1259//2018
f 1343//2019 1342//2019 1250//2019
f 1343//2020 1250//2020 1239//2020
f 1343//2021 1239//2021 1344//2021
f 1344//2022 1239//2022 1240//2022
f 1344//2023 1240//2023 1345//2023
f 1345//2024 1240//2024 1346//2024
f 1347//2025 1345//2025 1346//2025
f 1348//2025 1345//2025 1347//2025
f 1227//2026 1348//2026 1347//2026
f 1349//2027 1348//2027 1227//2027
f 1218//2028 1349//2028 1227//2028
f 1350//2029 1349//2029 1218//2029
f 1350//2030 1218//2030 1207//2030
f 1350//2031 1207//2031 1351//2031
f 1351//2032 1207//2032 1208//2032
f 1351//2033 1208//2033 1352//2033
f 1352//2034 1208//2034 1353//2034
f 1321//2035 1352//2035 1353//2035
f 1328//2035 1352//2035 1321//2035
f 1345//2036 1348//2036 1354//2036
f 1355//2037 1345//2037 1354//2037
f 1344//2038 1345//2038 1355//2038
f 1356//2039 1344//2039 1355//2039
f 1343//2040 1344//2040 1356//2040
f 1357//2041 1343//2041 1356//2041
f 1342//2042 1343//2042 1357//2042
f 1358//2043 1342//2043 1357//2043
f 1341//2044 1342//2044 1358//2044
f 1359//2045 1341//2045 1358//2045
f 1340//2046 1341//2046 1359//2046
f 1360//2047 1340//2047 1359//2047
f 1339//2048 1340//2048 1360//2048
f 1361//2049 1339//2049 1360//2049
f 1337//2049 1339//2049 1361//2049
f 1362//2050 1337//2050 1361//2050
f 1335//2051 1337//2051 1362//2051
f 1363//2052 1335//2052 1362//2052
f 1334//2053 1335//2053 1363//2053
f 1364//2054 1334//2054 1363//2054
f 1332//2055 1334//2055 1364//2055
f 1365//2056 1332//2056 1364//2056
f 1331//2057 1332//2057 1365//2057
f 1366//2058 1331//2058 1365//2058
f 1330//2059 1331//2059 1366//2059
f 1367//2060 1330//2060 1366//2060
f 1327//2060 1330//2060 1367//2060
f 1368//2061 1327//2061 1367//2061
f 1328//2062 1327//2062 1368//2062
f 1369//2063 1328//2063 1368//2063
f 1352//2064 1328//2064 1369//2064
f 1370//2065 1352//2065 1369//2065
f 1351//2066 1352//2066 1370//2066
f 1371//2067 1351//2067 1370//2067
f 1350//2068 1351//2068 1371//2068
f 1372//2069 1350//2069 1371//2069
f 1349//2070 1350//2070 1372//2070
f 1373//2071 1349//2071 1372//2071
f 1348//2072 1349//2072 1373//2072
f 1354//2036 1348//2036 1373//2036
f 1374//2073 1375//2073 1376//2073
f 1376//2074 1375//2074 1377//2074
f 1375//2075 1313//2075 1377//2075
f 1377//2076 1313//2076 1315//2076
f 1376//2077 1377//2077 1378//2077
f 1377//2078 1315//2078 1378//2078
f 1378//2079 1315//2079 1319//2079
f 1353//2080 1378//2080 1321//2080
f 1378//2081 1319//2081 1321//2081
f 1379//2082 1375//2082 1374//2082
f 1380//2083 1375//2083 1379//2083
f 1380//2084 1313//2084 1375//2084
f 1380//2085 1379//2085 1381//2085
f 1324//2086 1380//2086 1381//2086
f 1323//2087 1380//2087 1324//2087
f 1323//2088 1313//2088 1380//2088
f 1202//2089 1382//2089 1203//2089
f 1203//2090 1382//2090 1383//2090
f 1382//2091 1374//2091 1383//2091
f 1383//2092 1374//2092 1376//2092
f 1203//2093 1383//2093 1206//2093
f 1383//2094 1376//2094 1206//2094
f 1206//2095 1376//2095 1378//2095
f 1208//2096 1206//2096 1353//2096
f 1206//2097 1378//2097 1353//2097
f 1211//2098 1382//2098 1202//2098
f 1379//2099 1382//2099 1211//2099
f 1379//2100 1374//2100 1382//2100
f 1379//2101 1211//2101 1212//2101
f 1381//2102 1379//2102 1212//2102
f 1384//2103 1385//2103 1386//2103
f 1386//2104 1385//2104 1387//2104
f 1385//2105 1222//2105 1387//2105
f 1387//2106 1222//2106 1224//2106
f 1386//2107 1387//2107 1388//2107
f 1388//2108 1387//2108 1389//2108
f 1387//2109 1224//2109 1389//2109
f 1389//2110 1224//2110 1226//2110
f 1389//2111 1347//2111 1388//2111
f 1347//2112 1389//2112 1227//2112
f 1389//2113 1226//2113 1227//2113
f 1390//2114 1385//2114 1384//2114
f 1390//2115 1222//2115 1385//2115
f 1390//2116 1391//2116 1228//2116
f 1228//2117 1222//2117 1390//2117
f 1228//2118 1391//2118 1229//2118
f 1392//2119 1393//2119 1394//2119
f 1394//2120 1393//2120 1395//2120
f 1393//2121 1384//2121 1395//2121
f 1395//2122 1384//2122 1386//2122
f 1394//2123 1395//2123 1396//2123
f 1396//2124 1395//2124 1388//2124
f 1395//2125 1386//2125 1388//2125
f 1388//2126 1346//2126 1396//2126
f 1346//2127 1388//2127 1347//2127
f 1397//2128 1393//2128 1392//2128
f 1398//2129 1393//2129 1397//2129
f 1398//2130 1384//2130 1393//2130
f 1398//2131 1397//2131 1399//2131
f 1391//2132 1398//2132 1399//2132
f 1390//2133 1398//2133 1391//2133
f 1390//2134 1384//2134 1398//2134
f 1234//2135 1400//2135 1235//2135
f 1235//2136 1400//2136 1401//2136
f 1400//2137 1392//2137 1401//2137
f 1401//2138 1392//2138 1394//2138
f 1235//2139 1401//2139 1238//2139
f 1401//2140 1394//2140 1238//2140
f 1238//2141 1394//2141 1396//2141
f 1240//2142 1238//2142 1346//2142
f 1238//2143 1396//2143 1346//2143
f 1243//2144 1400//2144 1234//2144
f 1397//2145 1400//2145 1243//2145
f 1397//2146 1392//2146 1400//2146
f 1397//2147 1243//2147 1244//2147
f 1399//2148 1397//2148 1244//2148
f 1266//2149 1402//2149 1267//2149
f 1267//2150 1402//2150 1403//2150
f 1402//2151 1254//2151 1403//2151
f 1403//2152 1254//2152 1256//2152
f 1267//2153 1403//2153 1269//2153
f 1269//2154 1403//2154 1258//2154
f 1403//2155 1256//2155 1258//2155
f 1258//2156 1271//2156 1269//2156
f 1271//2157 1258//2157 1259//2157
f 1276//2158 1254//2158 1402//2158
f 1260//2159 1254//2159 1276//2159
f 1276//2160 1404//2160 1260//2160
f 1276//2161 1402//2161 1266//2161
f 1404//2162 1276//2162 1274//2162
f 1260//2163 1404//2163 1261//2163
f 1405//2164 1406//2164 1407//2164
f 1407//2165 1406//2165 1408//2165
f 1406//2166 1277//2166 1408//2166
f 1408//2167 1277//2167 1279//2167
f 1407//2168 1408//2168 1409//2168
f 1409//2169 1408//2169 1410//2169
f 1408//2170 1279//2170 1410//2170
f 1410//2171 1279//2171 1281//2171
f 1410//2172 1338//2172 1409//2172
f 1338//2173 1410//2173 1282//2173
f 1410//2174 1281//2174 1282//2174
f 1411//2175 1406//2175 1405//2175
f 1411//2176 1277//2176 1406//2176
f 1411//2177 1412//2177 1283//2177
f 1283//2178 1277//2178 1411//2178
f 1283//2179 1412//2179 1284//2179
f 1413//2180 1414//2180 1415//2180
f 1415//2181 1414//2181 1416//2181
f 1414//2182 1405//2182 1416//2182
f 1416//2183 1405//2183 1407//2183
f 1415//2184 1416//2184 1417//2184
f 1417//2185 1416//2185 1409//2185
f 1416//2186 1407//2186 1409//2186
f 1409//2187 1336//2187 1417//2187
f 1336//2188 1409//2188 1338//2188
f 1418//2189 1414//2189 1413//2189
f 1419//2190 1414//2190 1418//2190
f 1419//2191 1405//2191 1414//2191
f 1419//2192 1418//2192 1420//2192
f 1412//2193 1419//2193 1420//2193
f 1411//2194 1419//2194 1412//2194
f 1411//2195 1405//2195 1419//2195
f 1289//2196 1421//2196 1290//2196
f 1290//2197 1421//2197 1422//2197
f 1421//2198 1413//2198 1422//2198
f 1422//2199 1413//2199 1415//2199
f 1290//2200 1422//2200 1292//2200
f 1292//2201 1422//2201 1417//2201
f 1422//2202 1415//2202 1417//2202
f 1417//2203 1294//2203 1292//2203
f 1294//2204 1417//2204 1336//2204
f 1297//2205 1421//2205 1289//2205
f 1418//2206 1421//2206 1297//2206
f 1418//2207 1413//2207 1421//2207
f 1418//2208 1297//2208 1298//2208
f 1420//2209 1418//2209 1298//2209
f 1423//2210 1424//2210 1425//2210
f 1425//2211 1424//2211 1426//2211
f 1424//2212 1285//2212 1426//2212
f 1426//2213 1285//2213 1287//2213
f 1425//2214 1426//2214 1427//2214
f 1427//2215 1426//2215 1291//2215
f 1426//2216 1287//2216 1291//2216
f 1291//2217 1333//2217 1427//2217
f 1333//2218 1291//2218 1293//2218
f 1428//2219 1424//2219 1423//2219
f 1429//2220 1424//2220 1428//2220
f 1429//2221 1285//2221 1424//2221
f 1429//2222 1428//2222 1430//2222
f 1296//2223 1429//2223 1430//2223
f 1295//2224 1429//2224 1296//2224
f 1295//2225 1285//2225 1429//2225
f 1303//2226 1431//2226 1304//2226
f 1304//2227 1431//2227 1432//2227
f 1431//2228 1423//2228 1432//2228
f 1432//2229 1423//2229 1425//2229
f 1304//2230 1432//2230 1306//2230
f 1306//2231 1432//2231 1427//2231
f 1432//2232 1425//2232 1427//2232
f 1427//2233 1308//2233 1306//2233
f 1308//2234 1427//2234 1333//2234
f 1311//2235 1431//2235 1303//2235
f 1428//2236 1431//2236 1311//2236
f 1428//2237 1423//2237 1431//2237
f 1428//2238 1311//2238 1312//2238
f 1430//2239 1428//2239 1312//2239
f 1433//2240 1434//2240 1435//2240
f 1435//2241 1434//2241 1436//2241
f 1434//2242 1299//2242 1436//2242
f 1436//2243 1299//2243 1301//2243
f 1435//2244 1436//2244 1437//2244
f 1437//2245 1436//2245 1305//2245
f 1436//2246 1301//2246 1305//2246
f 1305//2247 1329//2247 1437//2247
f 1329//2248 1305//2248 1307//2248
f 1438//2249 1434//2249 1433//2249
f 1439//2250 1434//2250 1438//2250
f 1439//2251 1299//2251 1434//2251
f 1439//2252 1438//2252 1440//2252
f 1310//2253 1439//2253 1440//2253
f 1309//2254 1439//2254 1310//2254
f 1309//2255 1299//2255 1439//2255
f 1317//2256 1441//2256 1318//2256
f 1318//2257 1441//2257 1442//2257
f 1441//2258 1433//2258 1442//2258
f 1442//2259 1433//2259 1435//2259
f 1318//2260 1442//2260 1320//2260
f 1320//2261 1442//2261 1437//2261
f 1442//2262 1435//2262 1437//2262
f 1437//2263 1322//2263 1320//2263
f 1322//2264 1437//2264 1329//2264
f 1325//2265 1441//2265 1317//2265
f 1438//2266 1441//2266 1325//2266
f 1438//2267 1433//2267 1441//2267
f 1438//2268 1325//2268 1326//2268
f 1440//2269 1438//2269 1326//2269
f 1445//2270 1443//2270 1444//2270
f 1445//2271 1446//2271 1443//2271
f 1448//2272 1445//2272 1447//2272
f 1449//2273 1445//2273 1448//2273
f 1449//2274 1446//2274 1445//2274
f 1450//2275 1446//2275 1449//2275
f 1451//2276 1450//2276 1449//2276
f 1452//2277 1450//2277 1451//2277
f 1452//2278 1453//2278 1450//2278
f 1455//2279 1452//2279 1454//2279
f 1455//2280 1453//2280 1452//2280
f 1456//2281 1453//2281 1455//2281
f 1458//2282 1457//2282 1451//2282
f 1449//2283 1458//2283 1451//2283
f 1459//2284 1458//2284 1449//2284
f 1448//2285 1459//2285 1449//2285
f 1454//2286 1460//2286 1455//2286
f 1461//2287 1447//2287 1444//2287
f 1461//2288 1444//2288 1462//2288
f 1463//2289 1462//2289 1444//2289
f 1444//2290 1443//2290 1463//2290
f 1464//2291 1462//2291 1463//2291
f 1447//2292 1445//2292 1444//2292
f 1465//2293 1463//2293 1443//2293
f 1466//2294 1463//2294 1465//2294
f 1468//2295 1466//2295 1467//2295
f 1464//2296 1463//2296 1468//2296
f 1468//2297 1463//2297 1466//2297
f 1469//2298 1467//2298 1466//2298
f 1470//2299 1467//2299 1469//2299
f 1470//2300 1469//2300 1471//2300
f 1471//2301 1469//2301 1472//2301
f 1472//2302 1469//2302 1473//2302
f 1474//2303 1472//2303 1473//2303
f 1475//2304 1472//2304 1474//2304
f 1476//2305 1475//2305 1474//2305
f 1476//2306 1474//2306 1477//2306
f 1478//2307 1472//2307 1475//2307
f 1476//2308 1478//2308 1475//2308
f 1479//2309 1478//2309 1476//2309
f 1480//2310 1479//2310 1476//2310
f 1481//2311 1480//2311 1476//2311
f 1481//2312 1476//2312 1477//2312
f 1482//2313 1480//2313 1481//2313
f 1482//2314 1481//2314 1483//2314
f 1481//2315 1477//2315 1483//2315
f 1483//2316 1477//2316 1484//2316
f 1485//2317 1472//2317 1478//2317
f 1485//2318 1471//2318 1472//2318
f 1486//2319 1482//2319 1483//2319
f 1487//2320 1486//2320 1483//2320
f 1487//2321 1483//2321 1488//2321
f 1488//2322 1483//2322 1489//2322
f 1483//2323 1484//2323 1489//2323
f 1488//2324 1489//2324 1490//2324
f 1489//2325 1484//2325 1491//2325
f 1489//2326 1491//2326 1492//2326
f 1491//2327 1493//2327 1492//2327
f 1492//2328 1493//2328 1494//2328
f 1492//2329 1494//2329 1495//2329
f 1495//2330 1494//2330 1496//2330
f 1490//2331 1489//2331 1497//2331
f 1497//2332 1489//2332 1492//2332
f 1495//2333 1498//2333 1492//2333
f 1498//2334 1497//2334 1492//2334
f 1494//2335 1493//2335 1499//2335
f 1500//2336 1496//2336 1501//2336
f 1501//2337 1502//2337 1500//2337
f 1502//2338 1501//2338 1503//2338
f 1503//2339 1501//2339 1504//2339
f 1505//2340 1504//2340 1499//2340
f 1506//2341 1503//2341 1504//2341
f 1507//2342 1506//2342 1504//2342
f 1508//2343 1506//2343 1507//2343
f 1509//2344 1508//2344 1507//2344
f 1510//2345 1509//2345 1511//2345
f 1509//2346 1507//2346 1511//2346
f 1510//2347 1511//2347 1513//2347
f 1511//2348 1512//2348 1513//2348
f 1514//2349 1513//2349 1512//2349
f 1515//2350 1513//2350 1514//2350
f 1516//2351 1515//2351 1514//2351
f 1517//2352 1515//2352 1516//2352
f 1518//2353 1517//2353 1516//2353
f 1518//2354 1516//2354 1455//2354
f 1516//2355 1456//2355 1455//2355
f 1520//2356 1515//2356 1519//2356
f 1520//2357 1513//2357 1515//2357
f 1521//2358 1513//2358 1520//2358
f 1521//2359 1510//2359 1513//2359
f 1519//2360 1515//2360 1517//2360
f 1460//2361 1518//2361 1455//2361
f 1420//2362 1456//2362 1412//2362
f 1456//2363 1420//2363 1453//2363
f 1420//2364 1298//2364 1453//2364
f 1453//2365 1298//2365 1450//2365
f 1296//2366 1450//2366 1298//2366
f 1430//2367 1450//2367 1296//2367
f 1450//2368 1430//2368 1446//2368
f 1430//2369 1312//2369 1446//2369
f 1446//2370 1312//2370 1443//2370
f 1310//2371 1443//2371 1312//2371
f 1440//2372 1443//2372 1310//2372
f 1443//2373 1440//2373 1465//2373
f 1440//2374 1326//2374 1465//2374
f 1465//2375 1473//2375 1466//2375
f 1469//2376 1466//2376 1473//2376
f 1465//2377 1326//2377 1473//2377
f 1324//2378 1473//2378 1326//2378
f 1381//2379 1473//2379 1324//2379
f 1473//2380 1381//2380 1474//2380
f 1381//2381 1212//2381 1474//2381
f 1474//2382 1212//2382 1477//2382
f 1210//2383 1477//2383 1212//2383
f 1210//2384 1484//2384 1477//2384
f 1221//2385 1484//2385 1210//2385
f 1221//2386 1229//2386 1484//2386
f 1229//2387 1491//2387 1484//2387
f 1391//2388 1491//2388 1229//2388
f 1399//2389 1491//2389 1391//2389
f 1491//2390 1399//2390 1493//2390
f 1399//2391 1244//2391 1493//2391
f 1493//2392 1244//2392 1499//2392
f 1242//2393 1499//2393 1244//2393
f 1501//2394 1499//2394 1504//2394
f 1253//2395 1499//2395 1242//2395
f 1499//2396 1253//2396 1505//2396
f 1253//2397 1261//2397 1505//2397
f 1507//2398 1504//2398 1505//2398
f 1511//2399 1507//2399 1505//2399
f 1511//2400 1505//2400 1512//2400
f 1261//2401 1512//2401 1505//2401
f 1404//2402 1512//2402 1261//2402
f 1274//2403 1512//2403 1404//2403
f 1274//2404 1275//2404 1512//2404
f 1512//2405 1275//2405 1514//2405
f 1275//2406 1284//2406 1514//2406
f 1284//2407 1516//2407 1514//2407
f 1412//2408 1516//2408 1284//2408
f 1412//2409 1456//2409 1516//2409
f 1457//2410 1522//2410 1451//2410
f 1451//2411 1522//2411 1452//2411
f 1522//2412 1454//2412 1452//2412
f 1496//2413 1494//2413 1501//2413
f 1494//2414 1499//2414 1501//2414
