# Blender 5.1.1
# www.blender.org
mtllib es6_tire_RL.mtl
o es6_tire_RL
v 0.029853 0.000216 0.014290
v 0.029206 0.000237 0.014519
v 0.026058 0.000166 0.031497
v 0.026071 -0.008545 0.030524
v 0.026059 -0.024979 0.020141
v 0.026836 -0.031376 0.005267
v 0.026805 -0.019342 0.024853
v 0.026055 -0.032468 -0.003906
v 0.029789 -0.009349 0.010482
v 0.029248 -0.014394 0.000255
v 0.029900 -0.009414 -0.011855
v 0.029217 -0.008077 0.011086
v 0.026070 -0.026146 -0.019517
v 0.026095 -0.013658 -0.030427
v 0.026054 0.000178 -0.033019
v 0.029222 0.000189 -0.015878
v 0.029217 -0.009209 -0.011809
v 0.029623 0.011686 -0.000718
v 0.026175 0.027793 0.016108
v 0.026167 0.022263 -0.024763
v 0.026158 0.027755 -0.017482
v 0.026170 0.014913 -0.029406
v 0.029444 0.001348 -0.016353
v 0.029256 0.000347 -0.014785
v 0.030115 0.000397 -0.000689
v 0.028649 0.018682 -0.008279
v 0.029256 0.000347 0.013407
v 0.029452 0.001341 0.014965
v 0.026169 0.022260 0.023379
v 0.029073 0.016028 0.004639
v 0.026170 0.014915 0.028021
v 0.054919 -0.285773 -0.022179
v 0.036804 -0.046507 -0.011492
v 0.055573 -0.069760 -0.241538
v 0.054745 -0.110258 -0.256306
v 0.054628 -0.077458 -0.276238
v 0.055051 -0.067433 -0.278612
v 0.036951 -0.003616 -0.048547
v 0.055051 0.243697 -0.150836
v 0.036901 0.044664 -0.018798
v 0.054745 0.239840 0.141341
v 0.054692 0.223804 0.175778
v 0.036691 0.033202 0.034280
v 0.037898 0.033280 0.038981
v 0.050907 0.090658 0.075816
v 0.038007 0.039629 0.034167
v 0.053710 0.099710 0.105811
v 0.055923 0.151973 0.127913
v 0.055648 0.155640 0.164704
v 0.054615 0.184400 0.219254
v 0.054648 0.218565 0.184621
v 0.055018 0.151801 0.236285
v 0.054578 0.125721 0.257763
v 0.054886 0.159392 0.222452
v 0.055477 0.158567 0.192506
v 0.054806 0.110687 0.255876
v 0.054578 0.068291 0.277761
v 0.054934 0.035154 0.277764
v 0.054579 0.020451 0.285525
v 0.055571 -0.084830 0.235421
v 0.054791 -0.060794 0.271218
v 0.054604 -0.099063 0.267999
v 0.054580 -0.049289 0.282388
v 0.037142 -0.025657 0.040214
v 0.054579 -0.265707 0.106989
v 0.054847 -0.269939 0.070759
v 0.054580 -0.284245 0.039748
v 0.054807 -0.277275 0.026137
v 0.054802 -0.275714 0.022600
v 0.054632 -0.285942 -0.011966
v 0.055582 -0.250576 -0.008525
v 0.054656 -0.238241 -0.147050
v 0.054578 -0.253186 -0.135930
v 0.054577 -0.218438 -0.185889
v 0.054861 -0.196843 -0.199546
v 0.054548 -0.261593 -0.098494
v 0.054615 -0.274475 -0.082228
v 0.054631 -0.259174 -0.086969
v 0.055637 -0.223201 -0.043236
v 0.054717 -0.158789 -0.012345
v 0.054723 -0.159858 -0.030812
v 0.044855 -0.081355 -0.018124
v 0.044779 -0.084239 -0.006633
v 0.038565 -0.055193 -0.004657
v 0.039387 -0.058392 -0.004544
v 0.054579 -0.184328 -0.220225
v 0.054844 -0.143333 -0.240643
v 0.054581 -0.126122 -0.258632
v 0.054579 0.152087 -0.243928
v 0.054861 0.128544 -0.249452
v 0.054577 0.108954 -0.265745
v 0.054656 0.065831 -0.272615
v 0.054577 0.060165 -0.281129
v 0.054578 0.010516 -0.286988
v 0.054537 0.012408 -0.279820
v 0.054611 -0.036936 -0.284953
v 0.054633 0.002181 -0.273977
v 0.055635 -0.028294 -0.226259
v 0.054716 -0.037772 -0.155422
v 0.054723 -0.020536 -0.162159
v 0.046513 -0.009915 -0.094156
v 0.039353 -0.013638 -0.055577
v 0.054844 0.184187 -0.211237
v 0.054580 0.206589 -0.200439
v 0.054791 0.209300 -0.184680
v 0.054614 0.238363 -0.159584
v 0.055580 0.207719 -0.141601
v 0.054579 0.278551 0.068626
v 0.054825 0.266905 0.087245
v 0.054673 0.280467 -0.000495
v 0.054578 0.285955 0.020886
v 0.054577 0.285515 -0.030224
v 0.054810 0.271965 -0.064753
v 0.054578 0.275754 -0.079237
v 0.054889 0.267662 -0.080421
v 0.054611 0.259155 -0.123746
v 0.055637 0.205974 -0.097427
v 0.054718 0.135717 -0.084563
v 0.054724 0.147443 -0.070246
v 0.046375 0.085020 -0.038729
v 0.045340 0.074969 -0.047200
v 0.038698 0.047148 -0.030167
v 0.054591 0.258821 0.123411
v 0.054637 0.234557 0.161166
v 0.055581 0.198413 0.153194
v 0.054688 -0.005120 0.278545
v 0.046932 -0.036106 0.088759
v 0.038526 -0.020423 0.050339
v 0.048355 -0.052376 0.092406
v 0.054938 -0.081209 0.148843
v 0.054808 -0.061488 0.150111
v 0.055133 -0.108599 0.264029
v 0.055787 -0.106523 0.197110
v 0.054706 -0.153336 0.239213
v 0.054592 -0.119276 0.259538
v 0.054580 -0.188899 0.214842
v 0.054545 -0.173800 0.218110
v 0.054633 -0.162084 0.219376
v 0.054657 -0.212840 0.180817
v 0.054578 -0.232511 0.167837
v 0.054861 -0.249923 0.125261
v 0.055033 -0.221975 0.143589
v 0.055351 -0.227428 0.134792
v 0.055868 -0.157181 0.119520
v 0.055914 -0.160819 0.126087
v 0.055707 -0.164372 -0.112484
v 0.055732 -0.166314 -0.112636
v 0.055401 -0.170213 -0.114837
v 0.055656 -0.163285 -0.112999
v 0.055269 -0.205342 -0.166922
v 0.055350 -0.198880 -0.175225
v 0.055289 -0.205142 -0.168774
v 0.055298 -0.205138 -0.168788
v 0.055032 0.095182 -0.247785
v 0.055351 0.104771 -0.243873
v 0.055759 0.058212 -0.190720
v 0.055697 0.056343 -0.198063
v 0.055698 0.056597 -0.190874
v 0.055664 0.055898 -0.191405
v 0.055347 0.263899 0.023714
v 0.055031 0.264658 0.013377
v 0.055868 0.198099 -0.005234
v 0.055914 0.204914 -0.008399
v 0.055032 0.068647 0.255265
v 0.055351 0.058586 0.257731
v 0.055914 0.070893 0.191707
v 0.055868 0.065778 0.186205
v 0.052534 -0.272926 0.025399
v 0.053242 -0.246780 0.024264
v 0.034054 -0.056470 -0.027795
v 0.035188 -0.061739 -0.019786
v 0.030543 -0.043408 -0.016143
v 0.029571 -0.038112 -0.021497
v -0.006043 -0.061377 -0.035886
v -0.006043 -0.054820 -0.026846
v 0.035368 -0.062455 -0.042863
v -0.006043 -0.044903 -0.022324
v -0.006043 -0.036077 -0.022707
v -0.006043 -0.060660 -0.052367
v 0.035558 -0.059799 -0.053864
v -0.006043 -0.052851 -0.060939
v -0.006043 -0.025953 -0.028686
v 0.027925 -0.026120 -0.028506
v 0.027512 -0.026382 -0.023215
v 0.027320 -0.033523 -0.007566
v 0.029536 -0.040900 -0.010458
v 0.032563 -0.053944 0.000608
v 0.046600 -0.120061 -0.005008
v 0.039307 -0.092559 0.018928
v 0.053220 -0.186171 -0.010882
v 0.052288 -0.285455 -0.019409
v 0.052125 -0.181205 0.021818
v 0.053063 -0.246985 -0.008983
v 0.052198 -0.285830 -0.014838
v 0.052467 -0.279096 -0.067538
v 0.052467 -0.285232 -0.022084
v 0.052467 -0.250526 -0.140817
v 0.052467 -0.201884 -0.204818
v 0.048357 -0.021877 -0.215465
v 0.048464 -0.021107 -0.222176
v 0.048637 -0.018842 -0.228534
v 0.049672 -0.006715 -0.250401
v 0.050394 0.005502 -0.269967
v 0.054308 0.271611 -0.068285
v 0.050190 0.262158 -0.075471
v 0.050359 0.264594 -0.070607
v 0.050393 0.257984 -0.078803
v 0.049671 0.235620 -0.084363
v 0.048637 0.211077 -0.089144
v 0.048459 0.204438 -0.089349
v 0.048358 0.197714 -0.087988
v 0.049765 0.156590 -0.067811
v 0.046604 0.125059 -0.052340
v 0.035195 0.061603 -0.021507
v 0.041621 0.093587 -0.036871
v 0.040517 0.099271 -0.016990
v 0.037663 0.091938 -0.003008
v 0.030542 0.044582 -0.013665
v 0.033768 0.060524 -0.011679
v 0.030878 0.048155 -0.009071
v 0.034890 0.069887 -0.008680
v 0.037005 0.086905 0.002718
v 0.035548 0.078306 0.000729
v -0.006043 0.059495 -0.011716
v -0.006043 0.048004 -0.008933
v 0.035893 0.079677 0.012918
v 0.037267 0.083926 0.028709
v 0.007263 0.102047 0.014714
v 0.008106 0.100794 0.024659
v 0.008136 0.103655 0.005918
v 0.013410 0.109769 0.002751
v 0.019547 0.122537 0.002406
v 0.024147 0.141957 0.002486
v 0.027951 0.169258 0.003141
v 0.047613 0.163061 -0.001399
v 0.048867 0.164327 -0.015104
v 0.050510 0.179905 -0.011848
v 0.049463 0.182500 0.002540
v 0.050877 0.194247 -0.006384
v 0.051300 0.248181 0.024307
v 0.046056 0.259660 0.044614
v 0.050073 0.271358 0.037519
v 0.029707 0.186657 0.008446
v 0.030747 0.207267 0.018826
v 0.030687 0.222737 0.027056
v 0.029247 0.239767 0.036416
v 0.045123 0.262742 0.047484
v 0.040117 0.257357 0.047269
v 0.027680 0.248313 0.042804
v 0.048360 0.144332 0.160239
v 0.048462 0.147691 0.166202
v 0.048637 0.149557 0.172596
v 0.049669 0.152596 0.197439
v 0.055477 0.158567 0.192496
v 0.050390 0.154225 0.220391
v 0.050189 -0.167748 0.213935
v 0.054092 -0.258632 -0.092007
v 0.054598 -0.197731 -0.056944
v 0.054349 -0.209068 -0.167456
v 0.053056 -0.158020 -0.036601
v 0.047360 -0.105267 -0.027444
v 0.054651 -0.163233 -0.109256
v 0.040771 -0.066919 -0.022088
v 0.042649 -0.077611 -0.057126
v 0.054785 -0.171769 -0.112046
v 0.054053 -0.238810 -0.137757
v 0.054094 -0.197236 -0.192566
v 0.054251 -0.197809 -0.178607
v 0.043957 -0.172324 -0.197059
v 0.054883 -0.152553 -0.115029
v 0.047633 -0.135880 -0.123506
v 0.054772 -0.159591 -0.114611
v 0.052602 -0.201899 -0.177037
v 0.052562 -0.207536 -0.169700
v 0.052672 -0.207629 -0.164629
v 0.052638 -0.197218 -0.177584
v 0.053104 -0.159953 -0.114267
v 0.053111 -0.163477 -0.110000
v 0.053727 -0.172070 -0.112320
v 0.052677 -0.207592 -0.164544
v 0.039181 -0.066861 -0.022185
v 0.046020 -0.106729 -0.027692
v 0.051326 -0.156862 -0.036415
v 0.051487 -0.181882 -0.040834
v 0.051639 -0.216304 -0.047616
v 0.050046 -0.217125 -0.048083
v 0.052506 -0.258525 -0.092187
v 0.052468 -0.231483 -0.150426
v 0.052479 -0.196847 -0.192592
v 0.043385 -0.175225 -0.197204
v 0.042247 -0.171190 -0.195403
v 0.044223 -0.159146 -0.167995
v 0.045910 -0.140395 -0.131314
v 0.045515 -0.129183 -0.115632
v 0.040988 -0.077490 -0.056979
v 0.054092 0.007168 -0.274983
v 0.051639 -0.021962 -0.221015
v 0.052387 0.004513 -0.271166
v 0.050045 -0.021772 -0.221939
v 0.051487 -0.017783 -0.186184
v 0.053204 -0.015298 -0.168548
v 0.051326 -0.014257 -0.161021
v 0.049271 -0.008791 -0.122598
v 0.046021 -0.007056 -0.110656
v 0.039181 0.000027 -0.071024
v 0.040771 -0.000085 -0.071050
v 0.042650 0.029941 -0.092053
v 0.040989 0.029851 -0.091904
v 0.045509 0.069552 -0.159034
v 0.054148 0.058147 -0.174003
v 0.047634 0.075055 -0.167971
v 0.054651 0.053057 -0.189582
v 0.054234 0.121380 -0.247559
v 0.043956 0.133750 -0.225358
v 0.054252 0.108329 -0.243902
v 0.054843 0.059274 -0.187770
v 0.054785 0.053072 -0.198568
v 0.054373 0.092699 -0.249743
v 0.054598 -0.007354 -0.206229
v 0.054059 0.072647 -0.267279
v 0.052479 0.121880 -0.247273
v 0.052473 0.082970 -0.263416
v 0.052449 0.013167 -0.275965
v 0.045909 0.080916 -0.174478
v 0.044239 0.109981 -0.203652
v 0.042247 0.132529 -0.223778
v 0.043383 0.132993 -0.228156
v 0.052659 0.107002 -0.242236
v 0.053103 0.058836 -0.188013
v 0.053112 0.053684 -0.190050
v 0.053222 0.053086 -0.198411
v 0.052910 0.094459 -0.251052
v 0.052571 0.105432 -0.247072
v 0.054092 0.263326 -0.078736
v 0.054598 0.193435 -0.071300
v 0.051640 0.202973 -0.089759
v 0.053204 0.155166 -0.067211
v 0.054056 0.276245 -0.013988
v 0.054373 0.265739 0.010398
v 0.054784 0.204829 -0.011463
v 0.054652 0.196287 -0.008703
v 0.054148 0.183025 0.000945
v 0.049272 0.113474 -0.046828
v 0.042649 0.096385 -0.000547
v 0.040771 0.067138 -0.022610
v 0.039181 0.067147 -0.022498
v 0.040989 0.096208 -0.000591
v 0.046016 0.102612 -0.041470
v 0.047633 0.182517 0.018895
v 0.045515 0.172476 0.016463
v 0.045910 0.190771 0.022562
v 0.044225 0.227458 0.041194
v 0.043955 0.255248 0.056986
v 0.054235 0.272537 0.038356
v 0.042247 0.253362 0.056314
v 0.054251 0.265028 0.027073
v 0.054843 0.196484 -0.002228
v 0.052909 0.267548 0.011678
v 0.053286 0.204689 -0.010886
v 0.053113 0.196921 -0.008239
v 0.053924 0.196206 -0.002280
v 0.052634 0.265600 0.026297
v 0.043380 0.257669 0.055410
v 0.052479 0.272420 0.038922
v 0.052473 0.275756 -0.002953
v 0.052449 0.266119 -0.073318
v 0.051326 0.148320 -0.063882
v 0.051487 0.171157 -0.075024
v 0.050046 0.203929 -0.089866
v 0.052388 0.258890 -0.080077
v 0.054092 0.155846 0.225523
v 0.054598 0.127183 0.161383
v 0.054058 0.099860 0.257075
v 0.054385 0.071813 0.255385
v 0.051639 0.147691 0.164748
v 0.049270 0.079175 0.092861
v 0.040771 0.041839 0.056278
v 0.054652 0.068517 0.183412
v 0.054148 0.055241 0.173794
v 0.054785 0.073791 0.190687
v 0.054220 0.047307 0.270525
v 0.054252 0.055730 0.259852
v 0.043956 0.024268 0.259790
v 0.044223 0.030690 0.228523
v 0.047634 0.038016 0.178856
v 0.045910 0.037078 0.187834
v 0.042649 0.029892 0.090923
v 0.045515 0.037228 0.168555
v 0.052506 0.155655 0.225609
v 0.052468 0.099577 0.256822
v 0.052479 0.046737 0.270588
v 0.043385 0.026528 0.261614
v 0.042247 0.024322 0.257787
v 0.050046 0.148078 0.165604
v 0.051487 0.123827 0.139016
v 0.053204 0.111462 0.126227
v 0.051326 0.106180 0.120734
v 0.046016 0.070738 0.084202
v 0.039181 0.041732 0.056324
v 0.040990 0.029879 0.090741
v 0.054843 0.062425 0.185606
v 0.052902 0.071144 0.257499
v 0.053222 0.073181 0.190592
v 0.053114 0.068272 0.184161
v 0.053104 0.062923 0.185546
v 0.052659 0.055827 0.257716
v 0.052570 0.059941 0.260711
v 0.053056 -0.082961 0.138758
v 0.047360 -0.057949 0.091428
v 0.054598 -0.114591 0.170252
v 0.040770 -0.041010 0.056605
v 0.054092 -0.166742 0.217329
v 0.054651 -0.153671 0.121264
v 0.054387 -0.221121 0.146638
v 0.054062 -0.214029 0.173856
v 0.054785 -0.158976 0.128533
v 0.042649 -0.077641 0.055949
v 0.054222 -0.242998 0.128226
v 0.054251 -0.230323 0.132727
v 0.054772 -0.157650 0.116150
v 0.052659 -0.228261 0.132157
v 0.052576 -0.229836 0.136997
v 0.052910 -0.223300 0.146662
v 0.053281 -0.159196 0.127980
v 0.053114 -0.154459 0.121271
v 0.053104 -0.157436 0.116601
v 0.053989 -0.147393 0.104937
v 0.040989 -0.077468 0.055880
v 0.047634 -0.158739 0.090841
v 0.043955 -0.239987 0.102781
v 0.052479 -0.243317 0.127487
v 0.052468 -0.213898 0.173482
v 0.051639 -0.111444 0.190779
v 0.052506 -0.166883 0.217172
v 0.050045 -0.112149 0.191422
v 0.051487 -0.094362 0.160156
v 0.051326 -0.082425 0.137718
v 0.046019 -0.058635 0.092737
v 0.039180 -0.041085 0.056523
v 0.043384 -0.241021 0.105489
v 0.042247 -0.238066 0.102221
v 0.044225 -0.208223 0.099226
v 0.045910 -0.167600 0.092733
v 0.045515 -0.149197 0.086912
v 0.023767 -0.136742 0.027526
v 0.018410 -0.115235 0.027561
v 0.040934 -0.256509 0.029087
v 0.028220 -0.246976 0.032704
v 0.029057 -0.241322 0.030706
v 0.030787 -0.216562 0.029646
v 0.029177 -0.180022 0.028586
v 0.026667 -0.155802 0.027946
v 0.054689 -0.277335 0.025832
v 0.027485 -0.032838 0.011308
v 0.029554 -0.043407 0.007144
v 0.032667 -0.055990 0.005061
v -0.006043 -0.042585 0.007560
v -0.006043 -0.034546 0.015665
v -0.006043 -0.054766 0.005029
v 0.052467 -0.279599 0.062609
v 0.052469 -0.286785 -0.011989
v 0.052467 -0.256454 0.128506
v 0.046587 -0.131134 -0.032132
v 0.041622 -0.096682 -0.026167
v 0.040521 -0.089605 -0.045590
v 0.037662 -0.075443 -0.052590
v 0.047612 -0.132038 -0.095697
v 0.048867 -0.141122 -0.085364
v 0.050511 -0.151825 -0.097166
v 0.049467 -0.145471 -0.110337
v 0.050877 -0.160202 -0.109994
v 0.051402 -0.185766 -0.166535
v 0.046055 -0.183156 -0.189719
v 0.050075 -0.196777 -0.190834
v 0.044531 -0.183239 -0.193620
v 0.040183 -0.180055 -0.189426
v 0.027680 -0.175027 -0.181569
v 0.029247 -0.171872 -0.171384
v 0.030687 -0.163592 -0.153804
v 0.030747 -0.155912 -0.138044
v 0.029707 -0.145342 -0.117534
v 0.027951 -0.134382 -0.103016
v 0.024147 -0.112682 -0.086444
v 0.019547 -0.097022 -0.074954
v 0.013404 -0.086484 -0.067731
v 0.008134 -0.079679 -0.066695
v 0.049760 -0.165748 -0.038148
v 0.048360 -0.210971 -0.046016
v 0.048463 -0.217133 -0.048826
v 0.048637 -0.222462 -0.052934
v 0.049672 -0.239514 -0.071239
v 0.050392 -0.254325 -0.088865
v 0.050190 -0.255747 -0.094029
v 0.050362 -0.254860 -0.099390
v 0.050244 -0.244214 -0.123062
v 0.050416 -0.228830 -0.149647
v 0.050140 -0.213418 -0.171481
v 0.027202 -0.156421 -0.199259
v 0.037270 -0.084796 0.024880
v 0.035602 -0.070835 0.014152
v 0.035993 -0.074268 0.027009
v -0.006043 -0.066748 0.009818
v -0.006043 -0.073625 0.021065
v -0.006043 -0.073224 0.032201
v 0.040237 -0.258925 0.033574
v 0.040210 -0.252781 0.065053
v 0.027291 -0.249442 0.037343
v 0.027227 -0.246242 0.056656
v 0.027202 -0.237108 0.087022
v 0.044533 -0.240064 0.114196
v 0.037270 -0.050314 -0.073556
v 0.036013 -0.052571 -0.061163
v 0.037004 -0.068011 -0.054269
v 0.007263 -0.073213 -0.072872
v 0.008101 -0.066371 -0.080154
v 0.013857 -0.106335 0.028441
v 0.010429 -0.101182 0.030556
v 0.008103 -0.096040 0.038100
v 0.050087 -0.285834 -0.014807
v 0.050139 -0.285464 -0.019375
v 0.036852 0.027852 -0.084080
v 0.038082 0.026936 -0.091066
v 0.008136 0.038367 -0.096990
v 0.013386 0.037244 -0.103753
v 0.007265 0.046235 -0.092749
v 0.008101 0.055272 -0.088499
v 0.037269 0.053968 -0.071184
v 0.035675 0.026070 -0.074582
v 0.035984 0.045771 -0.064826
v 0.035631 0.036772 -0.072473
v 0.035189 -0.000703 -0.065443
v -0.006043 0.038179 -0.072127
v 0.034892 0.014064 -0.069402
v 0.033613 0.007986 -0.060606
v -0.006043 0.013816 -0.069193
v -0.006043 0.006907 -0.050204
v -0.006043 0.025307 -0.074448
v 0.029473 0.008736 -0.043254
v 0.027967 0.020897 -0.032966
v 0.027524 0.013547 -0.032875
v 0.030543 0.001488 -0.046864
v 0.019547 0.040857 -0.116034
v 0.024147 0.046947 -0.134484
v 0.027946 0.055984 -0.160204
v 0.048808 0.053423 -0.163793
v 0.029707 0.066417 -0.175154
v 0.049209 0.065371 -0.179212
v 0.030946 0.090407 -0.199248
v 0.045885 0.123248 -0.233307
v 0.029247 0.109437 -0.217014
v 0.040194 0.124075 -0.230383
v 0.027681 0.118141 -0.223166
v 0.044526 0.127070 -0.234695
v 0.051286 0.101460 -0.229720
v 0.050071 0.120241 -0.246718
v 0.050904 0.054694 -0.186993
v 0.050501 0.044978 -0.174910
v 0.048867 0.037127 -0.161194
v 0.040510 0.015224 -0.099904
v 0.041621 -0.005440 -0.100641
v 0.046613 -0.010439 -0.135443
v 0.049765 -0.015397 -0.170165
v 0.029538 -0.003160 -0.042735
v 0.027328 -0.008285 -0.034425
v 0.032565 -0.017705 -0.051733
v 0.046611 -0.032794 -0.116395
v 0.053232 -0.047583 -0.180939
v 0.052287 -0.070198 -0.278082
v 0.052126 -0.077193 -0.166204
v 0.053256 -0.099587 -0.227364
v 0.053061 -0.068218 -0.238277
v 0.052635 -0.109386 -0.253441
v 0.052198 -0.074671 -0.277027
v 0.052467 0.056085 -0.282378
v 0.052467 0.131953 -0.255899
v 0.040175 -0.107974 -0.235824
v 0.028218 -0.107880 -0.225392
v 0.029057 -0.104222 -0.220624
v 0.030782 -0.095545 -0.197409
v 0.029177 -0.083262 -0.162974
v 0.026667 -0.075172 -0.140134
v 0.023767 -0.068882 -0.122144
v 0.029476 -0.020824 -0.038385
v -0.006043 -0.020715 -0.039181
v -0.006043 -0.023117 -0.053524
v 0.050138 0.096688 -0.256558
v 0.050435 0.071396 -0.264402
v 0.050245 0.041134 -0.270890
v 0.050358 0.015317 -0.273699
v 0.050189 0.009941 -0.272886
v 0.052467 -0.146389 -0.247167
v 0.052469 -0.077652 -0.277057
v 0.039306 -0.047047 -0.082771
v 0.035970 -0.042943 -0.064153
v 0.035256 -0.032969 -0.062081
v 0.033224 -0.023492 -0.054364
v -0.006043 -0.043212 -0.064118
v -0.006043 -0.033127 -0.062123
v 0.027201 0.140689 -0.210965
v 0.027290 -0.113070 -0.226288
v 0.040326 -0.115079 -0.235381
v 0.040192 -0.140439 -0.220878
v 0.027227 -0.130422 -0.217284
v 0.010427 -0.060779 -0.087380
v 0.013858 -0.060348 -0.092938
v 0.018417 -0.062267 -0.101701
v 0.050087 -0.074693 -0.277022
v 0.050140 -0.070222 -0.278082
v 0.052467 -0.067582 -0.278694
v 0.052467 -0.022468 -0.286912
v 0.039306 0.063740 -0.070924
v 0.023767 0.094437 -0.103854
v 0.018417 0.077031 -0.091248
v 0.046608 0.100106 -0.067758
v 0.053228 0.156884 -0.101742
v 0.052125 0.133758 -0.125369
v 0.053236 0.184939 -0.165541
v 0.052634 0.206791 -0.182956
v 0.040149 0.190446 -0.176157
v 0.028221 0.180567 -0.172829
v 0.029057 0.177167 -0.167894
v 0.030777 0.157767 -0.152484
v 0.029177 0.128817 -0.130154
v 0.026667 0.109607 -0.115394
v 0.053064 0.205084 -0.139118
v 0.052198 0.239952 -0.157218
v 0.052469 0.238875 -0.159954
v 0.050087 0.239937 -0.157244
v 0.050139 0.242315 -0.153316
v 0.052265 0.242308 -0.153325
v 0.052467 0.243727 -0.151004
v 0.052467 0.265485 -0.110593
v 0.052467 0.285441 -0.034513
v 0.052467 0.283689 0.045889
v 0.032565 0.043278 -0.033412
v 0.041987 0.060437 -0.038304
v 0.027374 0.032603 -0.015188
v 0.029538 0.039219 -0.016812
v 0.027294 0.033950 0.007752
v 0.027852 0.038209 0.002546
v 0.030890 0.036444 -0.034168
v 0.052467 0.189348 -0.216238
v 0.050247 0.269896 -0.045193
v 0.050438 0.273069 -0.014503
v 0.050138 0.273431 0.012078
v 0.027202 0.243641 0.068101
v 0.034585 0.047282 -0.044792
v 0.013858 0.069293 -0.086723
v 0.010439 0.063910 -0.085393
v 0.040215 0.166182 -0.202486
v 0.027227 0.165897 -0.191784
v 0.027292 0.179848 -0.178033
v 0.040340 0.187862 -0.182796
v -0.006043 0.048210 -0.048378
v -0.006043 0.047320 -0.061139
v -0.006043 0.041358 -0.037491
v -0.006043 0.008220 -0.061212
v 0.039306 0.086703 0.038103
v 0.035985 0.074663 0.023761
v 0.034999 0.060266 0.030282
v 0.032289 0.047730 0.026995
v -0.006043 0.074927 0.023453
v -0.006043 0.060550 0.030237
v -0.006043 0.047951 0.027128
v 0.031354 0.040064 0.029398
v 0.029487 0.039857 0.018462
v -0.006043 0.039475 0.017608
v 0.027321 0.023403 0.024821
v 0.029538 0.027675 0.031499
v 0.027531 0.008334 0.033354
v 0.030540 0.026321 0.037578
v 0.037777 0.039127 0.034116
v 0.030770 0.022628 0.042054
v 0.027871 0.009109 0.036731
v -0.006043 0.023086 0.042481
v -0.006043 0.008602 0.036510
v -0.006043 0.029071 0.052343
v 0.033764 0.029354 0.053332
v -0.006043 0.029472 0.062939
v -0.006043 0.023281 0.073880
v -0.006043 0.009713 0.079740
v 0.035790 0.018592 0.077316
v 0.035282 0.028083 0.067698
v 0.036008 0.006604 0.079301
v 0.037270 -0.001842 0.088102
v 0.036850 0.026865 0.083180
v 0.035193 0.039036 0.051339
v 0.046621 0.088067 0.102250
v 0.049757 0.112347 0.127279
v 0.041621 0.063543 0.077016
v 0.040519 0.046390 0.088565
v 0.038080 0.031720 0.088283
v 0.019547 0.035137 0.116686
v 0.024147 0.041057 0.135176
v 0.027951 0.048869 0.161345
v 0.047615 0.051278 0.154063
v 0.013400 0.030852 0.104640
v 0.008134 0.025953 0.099807
v 0.049464 0.053535 0.173778
v 0.029707 0.049207 0.179536
v 0.030946 0.043965 0.213114
v 0.046066 0.037363 0.260158
v 0.029247 0.039007 0.238686
v 0.048867 0.064697 0.151016
v 0.050505 0.066411 0.166786
v 0.050877 0.065657 0.182176
v 0.051312 0.053145 0.242845
v 0.050075 0.047725 0.269067
v 0.045120 0.035583 0.263954
v 0.027682 0.035578 0.248780
v 0.046610 0.094942 0.073676
v 0.033052 0.046299 0.031459
v 0.053232 0.144842 0.117211
v 0.052125 0.160122 0.087870
v 0.053256 0.214191 0.124194
v 0.053061 0.195235 0.151455
v 0.052634 0.237449 0.139534
v 0.052205 0.223237 0.179014
v 0.052316 0.220198 0.182541
v 0.055477 0.190857 0.161016
v 0.054737 0.127317 0.106916
v 0.052467 0.186857 0.217654
v 0.052467 0.218477 0.184536
v 0.052467 0.120716 0.260144
v 0.052467 0.043598 0.283387
v 0.054691 0.236335 0.158684
v 0.050139 0.220248 0.182477
v 0.050087 0.223245 0.179004
v 0.052469 0.225663 0.177285
v 0.052467 0.263688 0.112732
v 0.013857 0.103436 0.038513
v 0.018417 0.110142 0.044466
v 0.010434 0.100519 0.033777
v 0.007264 0.017099 0.101001
v 0.008101 0.007285 0.102876
v 0.040111 0.034113 0.258766
v 0.050136 0.072565 0.263182
v 0.050215 0.097894 0.254680
v 0.054847 0.110987 0.255736
v 0.050246 0.125932 0.242124
v 0.050360 0.148463 0.229233
v 0.027202 0.010084 0.252156
v 0.050190 0.152339 0.225401
v 0.027289 0.224487 0.115378
v 0.040337 0.231452 0.121578
v 0.040162 0.225952 0.126099
v 0.028219 0.219744 0.117728
v 0.040212 0.243468 0.094913
v 0.027227 0.233217 0.097916
v 0.023767 0.127507 0.057116
v 0.030773 0.193318 0.102339
v 0.029057 0.213977 0.116016
v 0.029177 0.163147 0.081696
v 0.026667 0.143177 0.067976
v 0.048850 -0.047700 0.127509
v 0.036037 -0.020471 0.063772
v 0.032103 -0.015428 0.049824
v 0.029537 -0.021857 0.035443
v 0.030545 -0.028063 0.036063
v 0.027347 -0.015167 0.031040
v 0.029317 -0.004309 0.041850
v 0.027973 -0.032392 0.020302
v 0.030709 -0.033769 0.034579
v -0.006043 -0.033609 0.034263
v -0.006043 -0.032097 0.024384
v 0.034481 -0.045383 0.046222
v 0.035193 -0.037203 0.052389
v 0.043287 -0.038862 0.065966
v 0.046570 -0.070309 0.114432
v 0.041621 -0.054054 0.083625
v 0.049756 -0.086766 0.145566
v 0.055477 -0.088812 0.163636
v 0.048360 -0.108254 0.186189
v 0.048462 -0.112847 0.191204
v 0.049672 -0.141062 0.205542
v 0.050389 -0.162414 0.214188
v 0.048637 -0.118382 0.194976
v 0.050364 -0.172581 0.211426
v 0.032437 -0.011371 0.052931
v 0.035675 -0.064221 0.044030
v 0.035654 -0.071281 0.036823
v 0.036851 -0.071252 0.050662
v -0.006043 -0.051205 0.046880
v -0.006043 -0.066060 0.043196
v -0.006043 -0.041486 0.043410
v 0.052467 -0.026096 0.285029
v 0.052467 -0.210627 0.194516
v 0.052468 -0.149719 0.244363
v 0.054577 -0.152086 0.242464
v 0.054637 -0.153342 0.239196
v 0.052467 -0.108432 0.264206
v 0.050139 -0.105931 0.265252
v 0.052278 -0.105943 0.265249
v 0.052208 -0.101722 0.267029
v 0.050087 -0.101702 0.267038
v 0.052469 -0.099313 0.268801
v 0.053063 -0.084162 0.231883
v 0.052636 -0.059777 0.268357
v 0.053242 -0.052456 0.241907
v 0.053216 -0.067143 0.173425
v 0.052126 -0.034542 0.178853
v 0.039280 -0.009878 0.093693
v 0.018417 -0.008690 0.117885
v 0.013857 -0.005103 0.109676
v 0.040143 -0.050542 0.253240
v 0.028221 -0.044507 0.244758
v 0.029057 -0.044662 0.238756
v 0.030787 -0.038022 0.214876
v 0.029177 -0.027732 0.179806
v 0.026667 -0.020852 0.156576
v 0.023767 -0.015363 0.138316
v 0.010426 -0.001483 0.105431
v 0.035976 -0.001936 0.076361
v 0.034680 -0.010643 0.065562
v -0.006043 -0.012150 0.056388
v -0.006043 -0.007339 0.071614
v 0.045884 -0.236149 0.115320
v 0.050073 -0.241598 0.127933
v 0.051305 -0.216298 0.125206
v 0.040171 -0.235074 0.112459
v 0.049187 -0.157556 0.105576
v 0.050904 -0.153482 0.118151
v 0.027682 -0.226055 0.110118
v 0.029247 -0.215402 0.110256
v 0.030946 -0.189532 0.107064
v 0.029707 -0.155992 0.101676
v 0.048680 -0.137546 0.099659
v 0.027951 -0.138791 0.095732
v 0.024146 -0.116320 0.080219
v 0.038049 -0.074605 0.056832
v 0.050512 -0.138628 0.114132
v 0.048867 -0.124082 0.107596
v 0.040516 -0.070343 0.070891
v 0.019547 -0.100562 0.068876
v 0.013394 -0.090420 0.061067
v 0.008135 -0.087357 0.054921
v 0.007263 -0.091222 0.046867
v 0.050138 -0.228327 0.149739
v 0.050409 -0.212344 0.171139
v 0.050243 -0.191803 0.193993
v 0.040205 -0.015447 0.260272
v 0.027227 -0.021502 0.251456
v 0.027290 -0.040829 0.248546
v 0.040334 -0.044573 0.257089
v 0.054847 -0.002842 0.278566
v -0.006043 0.038326 0.002807
v -0.006043 0.069610 -0.008850
v -0.006043 0.078156 0.000416
v -0.006043 0.080033 0.009719
v -0.006043 -0.005903 0.043252
v -0.006043 0.019603 -0.033870
v -0.006043 0.010201 -0.041570
v -0.006043 0.030502 -0.032423
v 0.053804 0.198253 -0.003016
v 0.052456 0.261765 0.026408
v 0.052383 -0.200425 -0.177632
v -0.200769 -0.270631 0.005228
v -0.201939 -0.282842 -0.034196
v -0.201953 -0.282612 0.028896
v -0.197952 -0.284476 0.012672
v -0.201939 -0.271894 0.083969
v -0.197952 -0.269722 0.090650
v -0.200768 -0.258439 0.079739
v -0.201953 -0.246022 0.141496
v -0.197952 -0.246022 0.141496
v -0.200769 -0.226218 0.147962
v -0.196059 -0.237487 0.118965
v -0.196073 -0.257472 0.063466
v -0.196060 -0.195256 0.179921
v -0.201939 -0.213809 0.187468
v -0.197952 -0.209107 0.192687
v -0.200769 -0.176383 0.204739
v -0.201939 -0.153580 0.239280
v -0.197952 -0.147622 0.243001
v -0.196073 -0.155752 0.214276
v -0.200768 -0.112808 0.245562
v -0.201939 -0.081429 0.272453
v -0.197952 -0.074675 0.274388
v -0.196059 -0.104803 0.243931
v -0.199192 -0.058084 0.260275
v -0.201939 -0.002920 0.284467
v -0.197952 0.004104 0.284466
v -0.200768 -0.002794 0.270366
v -0.200769 0.072072 0.260798
v -0.201939 0.075839 0.274379
v -0.197952 0.082592 0.272442
v -0.201953 0.134237 0.250536
v -0.197952 0.134237 0.250536
v -0.196060 0.003868 0.265624
v -0.200768 0.141430 0.230947
v -0.201939 0.181283 0.219975
v -0.197952 0.186665 0.215458
v -0.196073 0.055857 0.259256
v -0.200769 0.199867 0.183145
v -0.201939 0.235155 0.161601
v -0.197952 0.239083 0.155777
v -0.196060 0.112005 0.241230
v -0.200769 0.242873 0.121084
v -0.196059 0.174383 0.201163
v -0.196061 0.241530 0.113010
v -0.201953 0.264567 0.105796
v -0.197952 0.264567 0.105796
v -0.200758 0.270859 0.032381
v -0.196059 0.263589 0.042177
v -0.201939 0.280964 0.052103
v -0.197952 0.282183 0.045184
v -0.201939 0.284710 -0.027232
v -0.197952 0.283975 -0.034219
v -0.200757 0.261003 -0.080474
v -0.201953 0.271367 -0.088854
v -0.197952 0.271367 -0.088854
v -0.028751 0.247449 0.027378
v -0.028751 0.241105 0.061477
v -0.196059 0.265253 -0.032014
v -0.196060 0.246427 -0.103758
v -0.201939 0.249412 -0.140531
v -0.197952 0.245899 -0.146614
v -0.200768 0.216340 -0.165259
v -0.196060 0.208542 -0.167540
v -0.201939 0.201280 -0.203719
v -0.197952 0.196224 -0.208599
v -0.200757 0.148893 -0.229261
v -0.196073 0.171507 -0.204594
v -0.196060 0.122730 -0.237736
v -0.201939 0.137575 -0.251183
v -0.197952 0.131372 -0.254479
v -0.200768 0.060241 -0.265483
v -0.196060 0.052706 -0.262241
v -0.201953 0.079047 -0.274574
v -0.197952 0.079047 -0.274574
v -0.201939 0.023953 -0.285272
v -0.197952 0.016946 -0.285761
v -0.200769 -0.014980 -0.271687
v -0.201939 -0.055363 -0.280700
v -0.197952 -0.062236 -0.279238
v -0.200758 -0.105830 -0.251558
v -0.201939 -0.130315 -0.254442
v -0.197952 -0.136519 -0.251143
v -0.196061 -0.093716 -0.250154
v -0.201953 -0.182462 -0.218994
v -0.197952 -0.182462 -0.218994
v -0.201939 -0.222167 -0.179258
v -0.197952 -0.226491 -0.173721
v -0.201939 -0.262683 -0.111016
v -0.197952 -0.255352 -0.125694
v -0.197952 -0.277159 -0.066445
v -0.200768 -0.232649 -0.139412
v -0.200769 -0.261801 -0.069783
v -0.200768 -0.185433 -0.198325
v -0.196060 -0.247763 -0.097639
v -0.196073 -0.261332 -0.047054
v -0.196061 -0.265658 0.011702
v -0.028741 -0.247680 -0.011852
v -0.028750 -0.243740 -0.046290
v -0.196061 -0.211486 -0.162317
v -0.028757 -0.235044 -0.079849
v -0.196061 -0.158769 -0.214516
v -0.028734 -0.221750 -0.111878
v -0.028750 -0.204157 -0.141720
v -0.028760 -0.182551 -0.168849
v -0.028753 -0.157380 -0.192709
v -0.028766 -0.129167 -0.212809
v -0.028765 -0.098402 -0.228806
v -0.028752 -0.065698 -0.240365
v 0.009081 -0.246831 -0.009385
v 0.009097 -0.243242 -0.043730
v 0.009105 -0.234911 -0.077243
v 0.009095 -0.221986 -0.109270
v 0.009099 -0.204740 -0.139192
v 0.009097 -0.183492 -0.166411
v 0.009102 -0.158656 -0.190422
v 0.009099 -0.130728 -0.210737
v 0.009087 -0.100238 -0.226964
v 0.032047 -0.216042 -0.146974
v 0.032047 -0.193602 -0.175704
v 0.032047 -0.234272 -0.115404
v 0.032047 -0.247922 -0.081614
v 0.032047 -0.256742 -0.046244
v 0.032047 -0.260552 -0.009994
v 0.032047 -0.167382 -0.201024
v 0.032047 -0.137892 -0.222444
v 0.032047 -0.105702 -0.239564
v 0.009085 -0.067798 -0.238789
v 0.032047 -0.071452 -0.252024
v -0.028761 -0.031720 -0.247259
v -0.028738 0.002864 -0.249352
v 0.009099 -0.034011 -0.245997
v -0.028762 0.037416 -0.246617
v 0.032047 -0.035792 -0.259604
v 0.009084 0.000430 -0.248420
v 0.032047 0.000567 -0.262144
v 0.009099 0.034895 -0.246032
v 0.032047 0.036927 -0.259604
v 0.009085 0.068665 -0.238863
v 0.032047 0.072587 -0.252024
v 0.009088 0.101131 -0.227071
v 0.032047 0.106837 -0.239564
v -0.028745 0.071273 -0.239090
v -0.028762 0.103753 -0.226927
v -0.028764 0.134196 -0.210377
v -0.196061 -0.021386 -0.266483
v -0.028771 0.162035 -0.189756
v 0.009097 0.131639 -0.210876
v 0.009098 0.159588 -0.190591
v -0.028754 0.186766 -0.165423
v -0.028756 0.207858 -0.137901
v 0.009097 0.184438 -0.166609
v -0.028759 0.224913 -0.107723
v -0.028735 0.237603 -0.075446
v -0.028747 0.245673 -0.041765
v -0.028745 0.248978 -0.007247
v 0.009102 0.205718 -0.139411
v 0.009092 0.223002 -0.109512
v 0.009083 0.235953 -0.077493
v 0.009096 0.244332 -0.043983
v 0.009084 0.247958 -0.009650
v 0.009099 0.246773 0.024882
v 0.032047 0.261687 -0.009994
v 0.032047 0.260407 0.026436
v 0.032047 0.257877 -0.046244
v 0.032047 0.249057 -0.081614
v 0.032047 0.235397 -0.115404
v 0.032047 0.217177 -0.146974
v 0.032047 0.194727 -0.175704
v 0.032047 0.168507 -0.201024
v 0.032047 0.139017 -0.222444
v -0.028745 -0.215774 0.121380
v -0.028758 -0.230685 0.090075
v -0.028751 -0.241092 0.057013
v -0.028759 -0.196667 0.150281
v -0.028767 -0.173698 0.176277
v -0.028743 -0.147356 0.198795
v -0.028747 -0.118105 0.217453
v -0.028732 -0.086591 0.231830
v -0.028737 -0.053344 0.241701
v -0.028728 -0.019059 0.246840
v -0.028725 0.015593 0.247160
v -0.028738 0.049976 0.242658
v -0.028750 0.083380 0.233413
v -0.028757 0.115194 0.219604
v -0.028738 0.144741 0.201515
v -0.028759 0.171525 0.179464
v 0.009082 0.146175 0.199321
v 0.009079 0.116895 0.217640
v -0.196073 0.210127 0.162856
v -0.028747 0.194957 0.153920
v 0.009085 0.172622 0.177111
v -0.028740 0.214596 0.125377
v 0.009094 0.195719 0.151432
v -0.028756 0.230095 0.094343
v 0.009088 0.240787 0.058883
v 0.009086 0.230138 0.091740
v 0.032047 0.254077 0.062336
v 0.009102 0.215015 0.122790
v 0.032047 0.242817 0.097006
v 0.032047 0.226837 0.129766
v 0.032047 0.206457 0.159986
v 0.032047 0.182067 0.187076
v 0.032047 0.154137 0.210506
v 0.032047 0.123227 0.229826
v 0.009085 0.085353 0.231701
v 0.032047 0.089927 0.244646
v 0.009081 0.052156 0.241242
v 0.032047 0.054887 0.254696
v 0.009066 0.017961 0.246059
v 0.032047 0.018787 0.259766
v 0.009067 -0.016577 0.246077
v 0.032047 -0.017662 0.259766
v 0.009075 -0.050778 0.241292
v 0.032047 -0.053752 0.254696
v 0.009083 -0.083979 0.231788
v 0.032047 -0.088792 0.244646
v 0.009079 -0.115532 0.217761
v 0.009083 -0.144832 0.199473
v 0.009085 -0.171297 0.177294
v 0.009092 -0.194423 0.151637
v 0.009081 -0.213750 0.123013
v 0.032047 -0.205322 0.159986
v 0.032047 -0.225702 0.129766
v 0.009084 -0.228905 0.091982
v 0.032047 -0.241682 0.097006
v 0.009086 -0.239599 0.059137
v 0.032047 -0.252952 0.062336
v 0.032047 -0.180932 0.187076
v 0.032047 -0.153012 0.210506
v 0.032047 -0.122092 0.229826
v 0.009078 -0.245610 0.025138
v 0.032047 -0.259282 0.026436
v -0.028760 -0.246796 0.022807
v 0.024137 -0.030162 0.006616
v 0.024137 -0.028862 0.010766
v 0.024137 -0.030872 0.002316
v 0.024137 -0.030982 -0.002034
v 0.024137 -0.030482 -0.006354
v 0.024137 -0.029382 -0.010574
v 0.024137 -0.027702 -0.014584
v 0.024137 -0.025492 -0.018334
v 0.024137 -0.022772 -0.021734
v 0.024137 -0.019612 -0.024724
v 0.024137 -0.016063 -0.027244
v 0.024137 -0.012192 -0.029244
v 0.024137 -0.008082 -0.030694
v 0.024137 -0.003823 -0.031554
v 0.024137 0.000527 -0.031814
v 0.024137 0.004867 -0.031454
v 0.024137 0.009117 -0.030504
v 0.024137 0.013187 -0.028974
v 0.024137 0.017007 -0.026894
v 0.024137 0.020507 -0.024294
v 0.024137 0.023607 -0.021234
v 0.024137 0.026247 -0.017774
v 0.024137 0.028377 -0.013984
v 0.024137 0.029967 -0.009924
v 0.024137 0.030977 -0.005694
v 0.024137 0.031387 -0.001364
v 0.024137 0.031187 0.002986
v 0.024137 0.030387 0.007266
v 0.024137 0.028997 0.011396
v 0.024137 0.027047 0.015286
v 0.024137 0.024567 0.018866
v 0.024137 0.021617 0.022076
v 0.024137 0.018257 0.024836
v 0.024137 0.014538 0.027096
v 0.024137 0.010548 0.028826
v 0.024137 0.006348 0.029986
v 0.024137 0.002028 0.030546
v 0.024137 -0.002322 0.030496
v 0.024137 -0.006622 0.029846
v 0.024137 -0.010802 0.028596
v 0.024137 -0.014752 0.026786
v 0.024137 -0.018422 0.024436
v 0.024137 -0.021722 0.021606
v 0.024137 -0.024602 0.018336
v 0.024137 -0.027002 0.014706
v 0.025720 0.378866 -0.047056
v 0.025711 0.369576 -0.096073
v -0.147992 0.380234 -0.050686
v -0.147992 0.370461 -0.099845
v 0.025729 0.353975 -0.143427
v -0.147992 0.354356 -0.147290
v -0.178630 0.377092 -0.028962
v -0.178532 0.364593 -0.098256
v -0.178563 0.337636 -0.170935
v -0.197478 0.344677 -0.045998
v -0.197478 0.321221 -0.133567
v 0.046007 0.364052 -0.076304
v 0.056533 0.351093 -0.069545
v 0.046297 0.342743 -0.142477
v 0.056689 0.319470 -0.159673
v 0.025719 0.377967 0.052484
v 0.025718 0.381678 0.002742
v -0.147992 0.380227 0.049335
v -0.147992 0.383508 -0.000675
v -0.178532 0.374203 0.048541
v -0.197478 0.344671 0.044659
v 0.046347 0.365302 0.067499
v 0.046301 0.370938 -0.000675
v 0.056534 0.356614 0.026191
v 0.025717 0.351334 0.148397
v 0.025715 0.367794 0.101309
v -0.147992 0.354333 0.145939
v -0.147992 0.370446 0.098483
v -0.178564 0.359245 0.117352
v -0.197478 0.321200 0.132217
v 0.046297 0.342720 0.141138
v 0.056689 0.338414 0.112532
v 0.025725 0.046726 0.377788
v 0.025708 0.095729 0.368502
v -0.147992 0.050357 0.379159
v -0.147992 0.099511 0.369386
v 0.025709 0.143123 0.352890
v -0.147992 0.146969 0.353279
v -0.178631 0.028722 0.375999
v -0.178532 0.097939 0.363517
v -0.178563 0.170619 0.336550
v -0.197478 0.045679 0.343586
v -0.197478 0.133247 0.320147
v 0.046009 0.076079 0.362944
v 0.056534 0.069264 0.349999
v 0.046297 0.142160 0.341656
v 0.056689 0.159374 0.318375
v 0.025717 -0.052793 0.376888
v 0.025734 -0.003078 0.380598
v -0.147992 -0.049658 0.379147
v -0.147992 0.000349 0.382428
v -0.178630 -0.069836 0.370499
v -0.197478 -0.044975 0.343586
v 0.046348 -0.067900 0.364209
v 0.046301 0.000350 0.369862
v 0.056534 -0.026451 0.355536
v 0.025714 -0.148730 0.350254
v 0.025726 -0.101649 0.366709
v -0.147992 -0.146266 0.353257
v -0.147992 -0.098811 0.369363
v -0.178629 -0.163526 0.339661
v -0.197478 -0.132540 0.320125
v 0.046297 -0.141455 0.341634
v 0.056688 -0.112800 0.337350
v 0.025717 -0.304229 0.228678
v 0.025709 -0.271676 0.266485
v -0.147992 -0.303597 0.232510
v -0.147992 -0.270557 0.270194
v 0.025717 -0.234477 0.299703
v -0.147992 -0.232880 0.303235
v -0.178532 -0.298776 0.228809
v -0.178631 -0.246049 0.285635
v -0.197478 -0.275143 0.210683
v -0.197478 -0.211046 0.274791
v 0.046348 -0.305882 0.209117
v 0.046301 -0.261667 0.261306
v 0.056539 -0.238068 0.265319
v 0.056627 -0.297985 0.195359
v 0.046004 -0.203339 0.309902
v 0.025718 -0.353215 0.142037
v 0.025719 -0.331560 0.186967
v -0.147992 -0.353599 0.145894
v -0.147992 -0.331436 0.190842
v -0.178563 -0.336873 0.169536
v -0.197478 -0.320465 0.132160
v 0.046297 -0.341985 0.141081
v 0.056539 -0.328694 0.135576
v 0.025718 -0.300029 -0.235559
v 0.025719 -0.328114 -0.194337
v -0.147992 -0.303561 -0.233963
v -0.147992 -0.331407 -0.192295
v 0.025718 -0.350577 -0.149805
v -0.147992 -0.353577 -0.147347
v -0.178631 -0.286013 -0.247054
v -0.178630 -0.339994 -0.164587
v -0.197478 -0.275110 -0.212136
v -0.197478 -0.320444 -0.133613
v 0.046005 -0.310222 -0.204426
v 0.056534 -0.296292 -0.200020
v 0.046297 -0.341964 -0.142545
v 0.056689 -0.337651 -0.113956
v 0.025725 -0.045976 -0.379195
v 0.025707 -0.094962 -0.369901
v -0.147992 -0.049602 -0.380566
v -0.147992 -0.098755 -0.370782
v 0.025709 -0.142388 -0.354289
v -0.147992 -0.146212 -0.354687
v -0.178629 -0.027886 -0.377410
v -0.178630 -0.124443 -0.357260
v -0.197478 -0.044923 -0.344993
v -0.197478 -0.132491 -0.321554
v 0.046010 -0.075231 -0.364363
v 0.056535 -0.068476 -0.351412
v 0.046297 -0.141404 -0.343064
v 0.056689 -0.158562 -0.319802
v 0.025718 0.235230 -0.301114
v 0.025725 0.194023 -0.329186
v -0.147992 0.233636 -0.304642
v -0.147992 0.191969 -0.332485
v 0.025713 0.149478 -0.351663
v -0.147992 0.147022 -0.354664
v -0.178532 0.229938 -0.299830
v -0.178630 0.164259 -0.341080
v -0.197478 0.211802 -0.276187
v -0.197478 0.133296 -0.321532
v 0.046007 0.204100 -0.311302
v 0.056533 0.199670 -0.297388
v 0.046297 0.142212 -0.343041
v 0.056689 0.113649 -0.338732
v -0.199922 0.085740 -0.263351
v -0.199922 0.162723 -0.224110
v -0.197478 0.045733 -0.344993
v -0.199922 0.000400 -0.276877
v -0.199922 -0.084942 -0.263362
v -0.199922 -0.161933 -0.224141
v -0.197478 -0.211004 -0.276232
v -0.199922 -0.223035 -0.163052
v -0.199922 -0.262269 -0.086067
v -0.197478 -0.343914 -0.046066
v -0.199922 -0.275792 -0.000719
v -0.197478 -0.343921 0.044602
v -0.199922 -0.262281 0.084619
v -0.199922 -0.223061 0.161603
v -0.199922 -0.161968 0.222713
v -0.199922 -0.084983 0.261944
v -0.199922 0.000358 0.275470
v -0.199922 0.085699 0.261954
v -0.199922 0.162689 0.222744
v -0.197478 0.211760 0.274825
v -0.197478 0.275868 0.210728
v -0.199922 0.223792 0.161645
v -0.199922 0.263025 0.084660
v -0.199922 0.276548 -0.000678
v -0.199922 0.263038 -0.086026
v -0.199922 0.223816 -0.163011
v -0.197478 0.275900 -0.212079
v -0.194869 0.159615 0.218506
v -0.194869 0.084082 0.256988
v -0.194869 0.000358 0.270236
v -0.194869 -0.083366 0.256977
v -0.194869 -0.158891 0.218475
v -0.194869 -0.218826 0.158535
v -0.194869 -0.257305 0.082997
v -0.194869 -0.270559 -0.000719
v -0.194869 -0.257292 -0.084446
v -0.194869 -0.218802 -0.159973
v -0.194869 -0.158857 -0.219913
v -0.194869 -0.083327 -0.258385
v -0.194869 0.000400 -0.271643
v -0.194869 0.084122 -0.258375
v -0.194869 0.159649 -0.219882
v -0.194869 0.219583 -0.159942
v -0.194869 0.258062 -0.084405
v -0.194869 0.271316 -0.000678
v -0.194869 0.258049 0.083038
v -0.194869 0.219559 0.158566
v 0.025701 0.304987 -0.230083
v 0.025705 0.272430 -0.267896
v -0.147992 0.304353 -0.233917
v -0.147992 0.271313 -0.271601
v -0.178563 0.282088 -0.252425
v 0.046349 0.306622 -0.210542
v 0.046301 0.262424 -0.262714
v 0.056534 0.271284 -0.233597
v 0.025711 0.332319 -0.188364
v -0.147992 0.332193 -0.192249
v 0.025718 0.300786 0.234151
v 0.025717 0.328870 0.192930
v -0.147992 0.304318 0.232555
v -0.147992 0.332164 0.190888
v -0.178630 0.286723 0.245708
v -0.178532 0.326903 0.187857
v 0.046005 0.310982 0.203014
v 0.056533 0.297042 0.198622
v 0.025721 0.229769 0.303895
v 0.025729 0.267555 0.271355
v -0.147992 0.233590 0.303269
v -0.147992 0.271271 0.270228
v -0.178532 0.229891 0.298456
v 0.046351 0.210192 0.305562
v 0.046301 0.262383 0.261340
v 0.056535 0.233215 0.270249
v 0.025724 0.188043 0.331237
v -0.147992 0.191918 0.331112
v 0.025730 -0.193241 0.327804
v -0.147992 -0.191212 0.331089
v 0.056563 -0.177806 0.307866
v 0.025721 -0.378109 0.045649
v 0.025713 -0.368821 0.094658
v -0.147992 -0.379477 0.049278
v -0.147992 -0.369705 0.098437
v -0.178630 -0.376336 0.027543
v -0.178532 -0.363835 0.096860
v 0.046007 -0.363295 0.074900
v 0.057186 -0.347582 0.076605
v 0.025720 -0.377209 -0.053894
v 0.025716 -0.380921 -0.004142
v -0.147992 -0.379470 -0.050742
v -0.147992 -0.382752 -0.000732
v -0.178631 -0.370814 -0.070898
v 0.046348 -0.364544 -0.068909
v 0.046301 -0.370181 -0.000721
v 0.056535 -0.355857 -0.027601
v 0.025716 -0.367036 -0.102717
v -0.147992 -0.369689 -0.099890
v 0.025723 -0.229013 -0.305301
v 0.025729 -0.266800 -0.272761
v -0.147992 -0.232833 -0.304676
v -0.147992 -0.270515 -0.271635
v -0.178631 -0.212504 -0.312783
v 0.046350 -0.209441 -0.306966
v 0.046301 -0.261627 -0.262748
v 0.056534 -0.232496 -0.271619
v 0.025742 -0.187272 -0.332643
v -0.147992 -0.191162 -0.332508
v 0.025714 0.053548 -0.378296
v 0.025735 0.003834 -0.382006
v -0.147992 0.050416 -0.380554
v -0.147992 0.000408 -0.383835
v -0.178630 0.070582 -0.371896
v 0.046348 0.068564 -0.365627
v 0.046301 0.000407 -0.371270
v 0.056535 0.027315 -0.356927
v 0.025705 0.102400 -0.368115
v -0.147992 0.099568 -0.370770
v 0.061054 -0.059084 -0.334226
v 0.052797 -0.065732 -0.280645
v 0.052899 -0.149734 -0.246193
v 0.061040 -0.185930 -0.280388
v 0.041797 -0.121759 -0.239784
v 0.041854 -0.157534 -0.217692
v 0.052792 -0.202703 -0.203433
v 0.061054 -0.277500 -0.194491
v 0.052798 -0.245089 -0.150876
v 0.052833 -0.277952 -0.072217
v 0.061040 -0.329128 -0.066737
v 0.041903 -0.264854 -0.043103
v 0.052797 -0.286555 -0.000697
v 0.061223 -0.333772 0.039414
v 0.041959 -0.239083 -0.121727
v 0.041959 -0.217059 -0.158270
v 0.041959 -0.189465 -0.189876
v 0.041959 -0.267423 -0.000873
v 0.041959 -0.083064 -0.255758
v 0.041959 -0.041546 -0.266071
v 0.052821 0.000266 -0.287615
v 0.041959 0.000400 -0.269498
v 0.061040 0.066425 -0.330196
v 0.052798 0.066248 -0.280596
v 0.041959 0.083477 -0.256630
v 0.041959 0.042754 -0.266163
v 0.052649 0.130216 -0.255518
v 0.041959 0.123314 -0.241935
v 0.041933 0.158468 -0.218516
v 0.052787 0.190066 -0.216587
v 0.061053 0.194136 -0.278596
v 0.061040 0.280075 -0.186993
v 0.052828 0.232190 -0.169096
v 0.052834 0.264526 -0.113740
v 0.060957 0.326942 -0.083142
v 0.042014 0.219386 -0.159830
v 0.042146 0.241471 -0.123603
v 0.042145 0.257742 -0.084334
v 0.052828 0.283373 -0.045502
v 0.042111 0.267684 -0.043027
v 0.052696 0.286806 0.017414
v 0.061054 0.333879 0.058850
v 0.041959 0.190795 -0.190882
v 0.041959 0.271128 -0.000678
v 0.042111 0.267678 0.041661
v 0.042144 0.257731 0.082967
v 0.052834 0.264511 0.112376
v 0.042147 0.241452 0.122247
v 0.061135 0.267646 0.205382
v 0.052584 0.212190 0.191985
v 0.061040 0.186636 0.279021
v 0.052898 0.150474 0.244795
v 0.042111 0.159433 0.218253
v 0.042143 0.123191 0.240437
v 0.042014 0.219383 0.158430
v 0.041959 0.191813 0.190768
v 0.061054 0.059859 0.332817
v 0.041959 0.084025 0.256803
v 0.052658 0.088538 0.271244
v 0.042013 0.042720 0.266676
v 0.052713 0.023103 0.285257
v 0.042095 0.000358 0.269952
v 0.052740 -0.068503 0.278055
v 0.060957 -0.082090 0.325849
v 0.042016 -0.042002 0.266674
v 0.041959 -0.083308 0.256792
v 0.042143 -0.122473 0.240415
v 0.042111 -0.158709 0.218233
v 0.052898 -0.149790 0.244754
v 0.061136 -0.205713 0.266559
v 0.052746 -0.201271 0.202344
v 0.061005 -0.311690 0.133273
v 0.052772 -0.244901 0.148832
v 0.052119 -0.278965 0.065064
v 0.041925 -0.255524 0.082806
v 0.041963 -0.265267 0.041056
v 0.041959 -0.239986 0.121602
v 0.041959 -0.218675 0.158432
v 0.041959 -0.191085 0.190737
v 0.041959 -0.255197 -0.083512
vn -0.1267 0.3785 -0.9169
vn -0.3021 0.3543 -0.8850
vn 0.0373 0.9992 0.0111
vn 0.9763 -0.0225 0.2153
vn 0.9778 -0.0415 0.2054
vn -0.7954 -0.3233 0.5126
vn 0.9515 -0.2614 0.1622
vn 0.9832 -0.1547 0.0966
vn 0.9906 -0.1363 0.0148
vn 0.9852 -0.0689 0.1567
vn 0.8133 0.5036 -0.2914
vn 0.9898 -0.1421 -0.0051
vn 0.9808 -0.1848 -0.0616
vn 0.9751 -0.1471 -0.1661
vn 0.9790 -0.1894 -0.0757
vn 0.9806 -0.0333 -0.1933
vn 0.9833 -0.0067 -0.1817
vn 0.2906 0.8794 0.3771
vn 0.1790 0.3909 0.9029
vn 0.9983 0.0436 0.0396
vn 0.9889 0.1187 0.0890
vn 0.9851 0.1166 0.1265
vn 0.9611 -0.2701 -0.0576
vn 1.0000 -0.0007 0.0018
vn 0.9850 0.1079 -0.1348
vn 0.9972 0.0638 -0.0388
vn 0.9819 0.1293 -0.1383
vn 0.9952 0.0431 -0.0882
vn 0.9586 -0.2791 0.0574
vn 1.0000 0.0014 0.0019
vn -0.7671 -0.5346 0.3547
vn -0.9075 -0.4011 0.1251
vn 0.9996 -0.0114 -0.0247
vn 0.9996 0.0238 0.0126
vn 0.9808 -0.1281 -0.1468
vn 0.9788 -0.2024 -0.0304
vn 0.9957 -0.0032 -0.0921
vn 0.9988 -0.0475 0.0122
vn 0.9999 0.0100 0.0108
vn 0.9934 0.0627 0.0965
vn 0.9999 0.0104 -0.0039
vn 0.9997 0.0133 0.0194
vn 0.9996 0.0293 0.0039
vn 0.9720 -0.2331 0.0306
vn 0.9994 0.0109 0.0338
vn 0.9994 0.0111 0.0321
vn 0.9995 0.0107 0.0313
vn 0.9978 0.0107 0.0659
vn 0.9996 -0.0071 0.0266
vn 0.9996 -0.0071 0.0261
vn 0.9995 -0.0305 0.0109
vn 0.9988 -0.0463 0.0128
vn 0.9997 -0.0259 0.0034
vn 0.9630 -0.2461 -0.1101
vn 0.9997 -0.0225 0.0017
vn 0.9996 -0.0271 0.0031
vn 0.9999 -0.0108 -0.0075
vn 0.9997 -0.0212 -0.0128
vn 1.0000 -0.0055 -0.0004
vn 1.0000 0.0086 0.0027
vn 1.0000 -0.0031 -0.0065
vn 0.9998 -0.0065 -0.0176
vn 0.9999 -0.0141 -0.0077
vn 0.9920 0.1258 -0.0069
vn 0.9909 0.1291 0.0389
vn 1.0000 0.0016 0.0002
vn 0.9988 0.0049 0.0486
vn 0.9751 0.2199 0.0283
vn 0.9683 0.2479 -0.0293
vn 0.9783 0.1995 0.0565
vn 0.9988 -0.0352 -0.0349
vn 0.9995 -0.0189 -0.0251
vn 0.9989 -0.0262 -0.0396
vn 0.9997 -0.0072 -0.0214
vn 0.9998 -0.0076 -0.0184
vn 0.9988 0.0223 -0.0442
vn 0.9997 0.0057 -0.0242
vn 0.9999 0.0037 -0.0118
vn 0.9999 0.0012 -0.0101
vn 1.0000 -0.0031 0.0065
vn 1.0000 0.0009 0.0054
vn 0.9999 0.0027 -0.0117
vn 0.9998 0.0045 -0.0181
vn 0.9998 0.0105 -0.0190
vn 0.9926 0.0438 0.1130
vn 0.9806 -0.0920 0.1731
vn 1.0000 0.0006 0.0026
vn 0.9990 -0.0404 0.0191
vn 0.9765 0.1001 0.1909
vn 0.9995 0.0180 -0.0258
vn 0.9989 0.0297 -0.0372
vn 0.9997 0.0198 -0.0168
vn 0.9996 0.0207 -0.0169
vn 0.9996 0.0212 -0.0175
vn 0.9997 0.0243 0.0020
vn 0.9999 0.0109 0.0017
vn 0.9998 0.0180 -0.0002
vn 0.9998 0.0177 -0.0002
vn 0.9994 0.0347 -0.0069
vn 0.9992 0.0392 -0.0057
vn 0.9991 0.0405 -0.0143
vn 0.9998 0.0147 -0.0093
vn 0.9998 0.0213 0.0041
vn 0.9926 -0.0941 0.0766
vn 0.9907 -0.1314 0.0349
vn 1.0000 -0.0022 0.0014
vn 0.9990 -0.0308 -0.0327
vn 0.9781 -0.1718 0.1171
vn 0.9798 -0.1779 0.0914
vn 0.9987 0.0489 0.0174
vn 0.9998 0.0180 0.0105
vn 0.9998 0.0171 0.0095
vn 0.9995 0.0266 0.0159
vn 0.9500 -0.1989 -0.2407
vn 0.9994 -0.0054 0.0354
vn 0.9998 -0.0008 0.0185
vn 0.9998 -0.0007 0.0196
vn 0.9800 0.0869 -0.1789
vn 0.9811 0.0436 -0.1885
vn 0.9928 0.0642 -0.1009
vn 0.9939 0.0136 -0.1090
vn 1.0000 0.0066 -0.0001
vn 0.9984 0.0553 0.0115
vn 0.9422 -0.1694 0.2890
vn 0.9999 0.0050 -0.0124
vn 1.0000 -0.0074 -0.0004
vn 0.9998 -0.0189 0.0047
vn 0.9998 -0.0147 0.0093
vn 1.0000 0.0021 0.0008
vn 0.9999 -0.0103 0.0095
vn 0.9999 -0.0115 0.0114
vn 0.9985 -0.0484 0.0264
vn 0.9994 0.0004 0.0359
vn 0.9997 -0.0195 -0.0178
vn 0.9801 0.0278 -0.1963
vn 0.9937 -0.0068 -0.1122
vn 0.9987 -0.0440 0.0272
vn 0.9999 -0.0109 0.0013
vn 0.9999 0.0016 0.0110
vn 0.5804 0.5840 0.5676
vn 0.9994 -0.0222 -0.0271
vn 0.9999 0.0047 -0.0097
vn 0.9993 -0.0379 0.0012
vn 0.9988 -0.0489 0.0016
vn 0.9994 0.0207 -0.0291
vn 0.9997 0.0053 0.0259
vn 0.9994 0.0343 0.0107
vn 0.9996 -0.0230 0.0131
vn 0.9702 0.2415 0.0216
vn 0.9739 0.2228 0.0437
vn 0.6941 0.2861 -0.6606
vn 0.6604 0.3038 -0.6867
vn 0.0194 0.8093 -0.5871
vn 0.9773 0.2119 0.0010
vn -0.0385 0.9275 -0.3718
vn 0.9585 0.2851 -0.0014
vn -0.0382 0.3159 -0.9480
vn 0.0314 -0.0434 -0.9986
vn -0.0045 0.4149 -0.9099
vn 0.0089 0.7392 0.6734
vn -0.0010 0.7106 0.7036
vn 1.0000 -0.0000 -0.0000
vn 0.0333 0.9985 0.0435
vn 0.0002 -0.5085 -0.8611
vn 0.0021 -0.5044 -0.8635
vn 0.9791 0.1844 0.0855
vn 0.9652 0.2511 0.0732
vn 0.9778 0.1859 0.0968
vn 0.9701 0.2422 -0.0172
vn 0.9619 0.2681 0.0529
vn 0.9619 0.2685 0.0520
vn 0.5701 0.7842 -0.2450
vn 0.5517 0.6103 0.5685
vn 0.6080 0.5634 0.5594
vn 0.6674 0.0925 0.7390
vn 0.6266 0.0671 0.7765
vn 0.8266 0.0674 0.5588
vn 0.6767 0.0023 0.7362
vn 0.9183 -0.0291 0.3947
vn 0.7198 -0.0661 0.6911
vn 0.9950 0.0980 0.0184
vn 0.9806 0.1461 0.1310
vn 0.9994 0.0182 0.0307
vn 0.9983 -0.0044 -0.0580
vn 0.9995 -0.0249 0.0176
vn 0.3560 0.1315 -0.9252
vn 1.0000 -0.0027 -0.0053
vn 0.9996 -0.0273 -0.0052
vn 0.8658 0.3930 0.3098
vn 0.6981 0.5483 0.4604
vn 0.7630 0.0423 -0.6451
vn -0.2185 -0.9671 -0.1306
vn 0.6344 -0.7591 -0.1460
vn -0.4602 -0.8254 -0.3269
vn -0.3161 -0.8839 -0.3446
vn 0.2763 -0.7890 -0.5488
vn -0.6332 -0.6162 -0.4683
vn 0.6032 -0.5658 -0.5621
vn 0.7300 0.6776 0.0894
vn 0.7519 0.6143 0.2393
vn 0.7016 0.6086 0.3707
vn 0.6932 0.6139 0.3775
vn 0.7626 0.5357 0.3626
vn 0.8285 -0.5196 0.2087
vn 0.8100 -0.5352 0.2398
vn 0.8381 -0.3149 0.4454
vn 0.6796 -0.1976 0.7064
vn 0.7010 -0.1647 0.6939
vn 0.7507 -0.0405 0.6594
vn 0.7297 0.1251 0.6722
vn 0.5811 0.3353 0.7416
vn 0.7949 0.2890 0.5335
vn 0.7325 0.2262 0.6421
vn 0.8344 0.1731 0.5233
vn 0.6223 0.2488 0.7422
vn 0.2254 -0.4583 -0.8597
vn 0.9837 -0.1507 0.0977
vn 0.6938 0.1813 0.6969
vn 0.6159 0.1845 0.7659
vn 0.9704 -0.2110 0.1177
vn 0.9738 -0.2084 0.0908
vn 0.9796 -0.1574 0.1250
vn 0.9948 -0.0981 0.0281
vn 0.9720 -0.1950 0.1310
vn 0.9081 -0.3416 0.2422
vn -0.0063 0.2077 0.9782
vn 0.0027 0.2354 0.9719
vn 0.9863 -0.1649 -0.0094
vn 0.9800 -0.1964 -0.0324
vn 0.4818 0.8711 0.0950
vn 0.4925 0.8677 0.0676
vn 0.5081 0.8369 0.2034
vn 0.4441 0.6470 0.6198
vn 0.3483 0.1764 0.9206
vn 0.1864 -0.0631 0.9804
vn 0.2038 -0.0523 0.9776
vn 0.2049 -0.0520 0.9774
vn 0.2093 -0.0514 0.9765
vn 0.9819 -0.1402 0.1269
vn 0.9885 -0.1292 0.0785
vn 0.9895 -0.1210 0.0794
vn 0.9893 -0.1129 0.0924
vn 0.9949 -0.0570 0.0827
vn 0.9949 -0.0558 0.0843
vn 0.9394 -0.1313 0.3168
vn 0.9396 -0.1306 0.3165
vn 0.2134 -0.3046 0.9283
vn 0.1565 -0.2104 0.9650
vn 0.1675 -0.4502 0.8771
vn 0.1459 -0.4642 0.8736
vn 0.1322 -0.4700 0.8727
vn 0.1293 -0.4692 0.8736
vn 0.9189 -0.0813 0.3861
vn 0.5076 -0.4998 0.7018
vn 0.4689 -0.8140 0.3427
vn 0.7312 -0.5997 0.3253
vn 0.7468 -0.6436 0.1674
vn 0.6915 -0.7199 0.0593
vn 0.7449 -0.6630 0.0744
vn 0.7300 -0.6826 0.0332
vn 0.7495 -0.6616 0.0234
vn 0.7374 0.0671 -0.6721
vn 0.9865 -0.0878 0.1382
vn 0.9943 0.1021 0.0303
vn 0.9994 0.0286 0.0199
vn 0.9856 0.1692 0.0012
vn 0.9865 0.1640 -0.0038
vn 0.9997 -0.0095 0.0226
vn 0.9999 0.0126 0.0093
vn 1.0000 -0.0098 -0.0012
vn 0.9999 -0.0111 -0.0011
vn 1.0000 -0.0063 -0.0036
vn 0.9989 -0.0379 -0.0280
vn 0.9191 0.3373 -0.2037
vn 0.9317 0.3047 -0.1975
vn 0.9999 -0.0157 0.0012
vn 0.9999 0.0017 -0.0112
vn 0.9999 -0.0025 -0.0113
vn -0.7251 0.4814 0.4924
vn -0.0847 0.7904 0.6068
vn 0.6509 0.7592 -0.0001
vn 0.5572 0.0920 0.8253
vn 0.0062 -0.8618 0.5072
vn 0.2803 -0.8251 0.4905
vn 0.0639 -0.8259 -0.5602
vn 0.3954 -0.7078 -0.5854
vn 0.3850 0.2662 -0.8837
vn 0.1551 0.3091 -0.9383
vn -0.0914 0.8265 -0.5555
vn -0.2353 0.8058 -0.5434
vn 0.1037 0.9106 -0.4000
vn 0.9998 -0.0150 0.0123
vn 0.0443 0.9562 -0.2894
vn 0.0525 0.9558 -0.2892
vn -0.0658 -0.1491 0.9866
vn -0.0287 -0.1416 0.9895
vn 0.0039 -0.1706 0.9853
vn -0.0097 -0.1724 0.9850
vn -0.0105 -0.1740 0.9847
vn 0.2650 -0.1853 0.9463
vn 0.9797 -0.0600 0.1914
vn -0.1841 -0.1908 0.9642
vn 0.1648 -0.7093 0.6854
vn -0.1254 -0.7268 0.6752
vn 0.7518 -0.5256 -0.3981
vn -0.1730 -0.7611 -0.6252
vn -0.0294 -0.1890 -0.9815
vn 0.3922 -0.0311 -0.9193
vn -0.6291 0.1619 -0.7603
vn 0.1982 0.8920 -0.4063
vn -0.6855 0.6655 -0.2955
vn -0.3255 0.8479 -0.4184
vn 0.4143 0.7453 -0.5224
vn -0.1190 0.7403 -0.6617
vn -0.0034 0.7514 -0.6598
vn 0.1648 -0.8711 -0.4627
vn 0.3388 -0.8366 -0.4305
vn -0.1835 -0.9761 0.1163
vn 0.2004 -0.9726 0.1176
vn 0.0078 -0.9903 0.1388
vn 0.0206 -0.9897 0.1419
vn -0.0134 -0.9900 0.1401
vn 0.3110 -0.9248 0.2190
vn -0.0671 -0.9856 0.1554
vn 0.0534 0.5705 0.8195
vn 0.0428 0.5709 0.8199
vn -0.0007 0.8597 0.5108
vn -0.1224 0.8579 0.4991
vn 0.9868 0.0466 0.1549
vn 0.9869 0.0468 0.1546
vn 0.9963 -0.0064 0.0862
vn 0.9332 0.2786 0.2269
vn 0.9319 0.2745 0.2370
vn 0.9175 0.3060 0.2542
vn 0.9999 -0.0020 -0.0123
vn 0.9965 0.0632 0.0555
vn 0.9999 -0.0050 0.0148
vn 1.0000 -0.0019 -0.0095
vn 0.9993 -0.0102 0.0356
vn 0.9993 -0.0105 0.0348
vn 0.9810 -0.1941 -0.0046
vn 0.9865 -0.1586 -0.0408
vn 1.0000 0.0013 -0.0071
vn 0.9999 -0.0037 -0.0137
vn 1.0000 -0.0006 -0.0073
vn -0.0438 0.3749 -0.9260
vn 0.2365 0.3723 -0.8975
vn -0.7791 0.1112 -0.6169
vn 0.7147 0.0821 -0.6946
vn -0.7737 -0.3030 -0.5564
vn 0.4129 0.7285 0.5467
vn -0.3058 0.6657 0.6807
vn -0.6871 0.4855 0.5406
vn 0.1951 0.6626 0.7231
vn -0.6278 0.7742 -0.0808
vn 0.3943 0.8636 -0.3143
vn 0.1879 0.8924 -0.4103
vn -0.0712 -0.7460 -0.6621
vn 0.2709 -0.7234 -0.6351
vn 0.0642 0.2773 -0.9586
vn 0.3975 0.3380 -0.8531
vn 0.9979 -0.0444 0.0468
vn 0.3921 0.9179 -0.0605
vn 0.0092 1.0000 0.0018
vn 0.0691 0.7845 0.6163
vn 0.3768 0.7339 0.5652
vn 0.8249 0.3647 -0.4318
vn -0.7435 -0.2482 0.6210
vn 0.7865 -0.3414 0.5146
vn 0.7403 -0.6433 0.1954
vn 0.9865 -0.0102 -0.1634
vn 0.9810 -0.0556 -0.1860
vn 1.0000 0.0071 -0.0009
vn 0.9999 0.0120 -0.0079
vn 1.0000 0.0084 -0.0047
vn 0.9999 -0.0156 -0.0001
vn 0.9993 -0.0363 0.0008
vn 0.9993 -0.0370 0.0013
vn 0.9963 -0.0839 0.0205
vn 0.9869 -0.1326 0.0923
vn 0.9868 -0.1329 0.0921
vn 0.0520 -0.6032 0.7959
vn 0.0432 -0.6034 0.7962
vn -0.0648 -0.4529 -0.8892
vn 0.3148 -0.4942 -0.8104
vn -0.0023 -0.2201 0.9755
vn -0.1191 -0.2100 0.9704
vn 0.9332 -0.1296 0.3351
vn 0.4144 -0.2958 0.8607
vn -0.3268 -0.4398 0.8365
vn -0.6864 -0.3643 0.6294
vn 0.9174 -0.1472 0.3696
vn 0.9319 -0.1406 0.3343
vn 0.1976 -0.4829 0.8531
vn 0.9999 0.0113 -0.0061
vn 0.9965 -0.0333 0.0773
vn 0.9979 -0.0581 -0.0278
vn 0.3791 -0.3103 0.8718
vn 0.3668 -0.3124 0.8763
vn 0.3210 0.2867 0.9027
vn 0.3843 0.2902 0.8764
vn 0.3950 0.9170 0.0564
vn -0.2886 0.9572 -0.0205
vn -0.0662 0.3918 -0.9177
vn 0.5013 0.3374 -0.7968
vn -0.2737 -0.9527 -0.1321
vn 0.7877 -0.5933 -0.1658
vn 0.8276 0.5194 0.2130
vn 1.0000 0.0065 -0.0030
vn -0.6275 0.3146 0.7122
vn 0.3956 0.5652 0.7239
vn 0.1877 0.6662 0.7218
vn -0.0440 0.9965 0.0707
vn 0.2385 0.9681 0.0771
vn -0.7806 0.6193 -0.0846
vn 0.7152 0.6854 -0.1364
vn -0.7737 0.4362 -0.4595
vn -0.0148 -0.4388 -0.8985
vn 0.0126 -0.4401 -0.8979
vn 0.0051 -0.4385 -0.8987
vn 0.2016 -0.4124 -0.8884
vn -0.1869 -0.4121 -0.8918
vn 0.1677 0.1705 -0.9710
vn 0.3377 0.1511 -0.9291
vn 1.0000 0.0031 0.0065
vn 0.9999 0.0111 0.0088
vn 0.9865 0.1522 -0.0602
vn 0.9868 -0.1287 -0.0979
vn 0.9993 -0.0120 -0.0343
vn 0.9963 -0.0455 -0.0735
vn 0.9993 -0.0127 -0.0348
vn 0.9999 -0.0047 -0.0149
vn 1.0000 0.0070 0.0064
vn 1.0000 0.0048 0.0068
vn 0.9999 0.0071 0.0086
vn -0.6852 -0.7123 -0.1521
vn -0.3253 -0.9320 -0.1598
vn 0.9175 -0.3968 -0.0257
vn 0.9319 -0.3614 -0.0303
vn 0.9332 -0.3587 -0.0198
vn 0.9869 -0.1287 -0.0976
vn -0.0023 -0.9957 0.0921
vn -0.1203 -0.9877 0.1003
vn 0.4142 -0.9101 -0.0156
vn -0.0123 0.4910 0.8711
vn -0.2198 0.4746 0.8523
vn -0.1946 0.2472 0.9492
vn -0.0459 0.2476 0.9678
vn 0.1892 -0.4826 0.8551
vn 0.3935 -0.5152 0.7614
vn -0.6281 -0.5787 0.5202
vn 0.1988 -0.9603 -0.1955
vn 0.1630 0.9770 -0.1377
vn -0.1254 0.9849 -0.1192
vn -0.1838 0.7213 -0.6678
vn 0.2015 0.7176 -0.6667
vn 0.0079 0.7194 -0.6945
vn 0.0196 0.7173 -0.6965
vn -0.0132 0.7187 -0.6952
vn 0.3130 0.6187 -0.7206
vn -0.0675 0.7061 -0.7049
vn 0.0537 -0.9433 -0.3277
vn 0.0433 -0.9437 -0.3278
vn 0.9979 0.0084 -0.0639
vn 0.9964 -0.0839 -0.0076
vn 0.7327 -0.0395 -0.6794
vn 0.8219 -0.0247 0.5690
vn 0.3798 -0.9247 -0.0259
vn 0.3649 -0.9307 -0.0266
vn 0.2709 -0.7817 0.5618
vn 0.3878 -0.7358 0.5552
vn 0.3964 0.2295 0.8889
vn 0.0649 0.3399 0.9382
vn 0.2715 0.9584 0.0886
vn -0.0700 0.9928 0.0972
vn 0.7415 0.4052 -0.5348
vn -0.7427 -0.1642 -0.6492
vn 0.9943 0.0604 -0.0877
vn 0.9994 0.0278 -0.0211
vn 1.0000 -0.0052 0.0050
vn 0.9999 -0.0049 0.0132
vn 1.0000 -0.0039 0.0086
vn 0.9999 0.0127 -0.0091
vn 0.9991 0.0297 -0.0291
vn 0.9862 0.0492 -0.1582
vn 1.0000 -0.0046 0.0064
vn 1.0000 -0.0053 0.0084
vn 0.2802 0.2116 0.9363
vn -0.0710 0.2144 0.9742
vn 0.7422 0.6335 0.2188
vn -0.7442 0.5649 -0.3564
vn 0.8188 -0.5531 0.1539
vn 0.7386 0.6279 -0.2454
vn 0.3720 -0.2618 -0.8905
vn 0.3665 -0.2623 -0.8927
vn 0.3186 -0.7628 -0.5627
vn 0.3823 -0.7503 -0.5393
vn 0.3988 -0.7737 0.4924
vn 0.0650 -0.7868 0.6138
vn 0.9983 0.0551 -0.0193
vn 0.9961 -0.0187 -0.0866
vn 0.9856 0.0534 -0.1605
vn 0.0441 0.0201 -0.9988
vn 0.0500 0.0202 -0.9985
vn -0.0028 -0.3954 -0.9185
vn -0.1188 -0.4005 -0.9085
vn 0.9334 -0.0919 -0.3469
vn 0.9319 -0.0837 -0.3528
vn 0.9188 -0.0978 -0.3823
vn -0.0127 -0.6768 0.7361
vn -0.2223 -0.6636 0.7143
vn -0.1921 -0.8267 0.5288
vn -0.0721 -0.8422 0.5344
vn 0.9797 0.1635 0.1162
vn 0.9865 0.1044 0.1262
vn 0.1658 0.4328 0.8861
vn -0.1260 0.4177 0.8998
vn -0.1862 0.8576 0.4794
vn 0.2691 0.8417 0.4681
vn -0.0090 0.8828 0.4697
vn -0.0078 0.8836 0.4683
vn 0.0030 0.8843 0.4669
vn -0.0294 0.8973 0.4404
vn -0.0648 0.8925 0.4464
vn 0.3930 -0.8836 -0.2547
vn 0.2644 -0.9395 -0.2179
vn -0.6289 -0.6728 -0.3897
vn 0.1955 -0.1107 -0.9744
vn -0.6880 -0.0749 -0.7218
vn -0.3276 -0.1358 -0.9350
vn 0.4143 -0.2664 -0.8703
vn 0.3096 0.0756 0.9479
vn 0.3430 0.0315 0.9388
vn 0.3185 0.0659 0.9456
vn 0.3052 0.2768 0.9112
vn 0.2622 0.0230 0.9647
vn 0.2842 0.0406 0.9579
vn 0.2846 0.0403 0.9578
vn 0.2851 0.0548 0.9569
vn 0.3033 0.0748 0.9499
vn 0.3232 0.0700 0.9437
vn 0.8592 0.4447 0.2531
vn 0.9744 0.2158 -0.0636
vn 0.9290 0.0368 0.3684
vn 0.9706 0.2266 0.0815
vn -0.0082 -0.7100 0.7041
vn -0.0384 -0.7685 0.6387
vn 0.0078 -0.1614 0.9869
vn -0.0072 -0.2034 0.9791
vn -0.7550 -0.6527 0.0629
vn -0.6038 -0.7521 0.2642
vn 0.6031 -0.7690 0.2120
vn 0.2283 -0.1341 0.9643
vn 0.9837 0.1794 0.0096
vn 0.9809 0.1944 -0.0072
vn 0.9819 0.1882 -0.0204
vn 0.9885 0.1506 0.0124
vn 0.9895 0.1444 0.0068
vn 0.9893 0.1455 -0.0082
vn 0.9950 0.0945 -0.0333
vn 0.9950 0.0945 -0.0335
vn 0.9366 0.2992 -0.1823
vn 0.9386 0.2921 -0.1836
vn 0.8889 0.2913 -0.3535
vn 0.4505 0.8713 -0.1944
vn 0.4660 0.8645 0.1884
vn 0.1292 0.8930 -0.4312
vn 0.1328 0.8931 -0.4297
vn 0.1462 0.8891 -0.4338
vn 0.1678 0.8797 -0.4449
vn 0.2135 0.7919 -0.5720
vn 0.1566 0.7375 -0.6569
vn 0.2094 0.6155 -0.7598
vn 0.2053 0.6165 -0.7601
vn 0.2030 0.6173 -0.7601
vn 0.1866 0.6271 -0.7563
vn 0.3481 0.3988 -0.8484
vn 0.4440 -0.1598 -0.8816
vn 0.6069 0.2348 -0.7593
vn 0.8727 0.1601 -0.4612
vn 0.7310 0.1974 -0.6531
vn 0.7945 0.0801 -0.6019
vn 0.5813 0.1647 -0.7969
vn 0.7297 0.2938 -0.6175
vn 0.7514 0.4180 -0.5105
vn 0.7008 0.5413 -0.4646
vn 0.6932 0.5488 -0.4673
vn 0.7621 0.5107 -0.3980
vn 0.7750 0.6009 -0.1957
vn 0.8366 0.5355 0.1155
vn 0.7377 0.6597 -0.1438
vn 0.7543 0.5910 0.2859
vn 0.8107 0.5355 0.2367
vn 0.8479 0.4564 0.2696
vn 0.8298 0.4608 0.3148
vn 0.5899 0.5643 0.5776
vn 0.7502 0.5590 0.3533
vn 0.7982 0.4165 0.4353
vn 0.7664 0.4883 0.4173
vn 0.6865 0.5697 0.4519
vn 0.9789 0.1856 0.0850
vn 0.9782 0.2046 0.0357
vn 0.9782 0.1868 0.0911
vn 0.9928 0.1200 0.0018
vn 0.9649 0.2463 0.0907
vn -0.0383 0.5163 0.8555
vn -0.0218 0.9658 0.2585
vn 0.0294 0.8527 0.5215
vn 0.0110 0.3712 0.9285
vn 0.0204 0.9991 -0.0360
vn 0.6424 0.6646 -0.3815
vn 0.7572 0.6444 -0.1066
vn 0.7747 0.6208 -0.1205
vn 0.7530 0.4178 0.5084
vn 0.5528 0.8180 -0.1592
vn 0.5155 0.8456 -0.1384
vn 0.5557 0.7963 -0.2391
vn 0.5374 0.8038 -0.2553
vn 0.6074 0.6446 0.4644
vn 0.6147 0.6506 0.4459
vn 0.7990 0.4688 0.3767
vn 0.7861 0.5781 -0.2187
vn 0.7771 0.5907 -0.2172
vn 0.9856 0.1175 0.1214
vn 0.9948 0.0960 0.0349
vn 0.9837 0.1703 0.0581
vn -0.0117 0.9720 0.2345
vn 0.5080 -0.5583 -0.6560
vn 0.4818 -0.6489 -0.5888
vn 0.4922 -0.6619 -0.5654
vn 0.2599 0.9104 -0.3220
vn 0.5088 -0.6302 0.5865
vn 0.4468 -0.4676 0.7627
vn 0.3990 -0.1083 0.9106
vn 0.3166 0.0684 0.9461
vn 0.3625 -0.9315 0.0309
vn 0.3126 -0.7882 -0.5301
vn 0.0013 -0.9992 -0.0401
vn 0.0007 -0.9967 -0.0808
vn 0.0029 -0.9966 -0.0818
vn 0.0060 -0.9928 0.1197
vn -0.2176 -0.9387 -0.2673
vn 0.3095 0.9473 0.0830
vn 0.4983 0.4535 -0.7389
vn 0.4058 0.9127 -0.0483
vn 0.4923 0.3327 -0.8043
vn 0.4714 0.3844 -0.7937
vn 0.9915 -0.0699 0.1097
vn 0.9915 -0.0701 0.1099
vn -0.9976 -0.0173 0.0664
vn 0.0016 -0.1933 0.9811
vn 0.8776 0.1405 0.4584
vn 0.9789 0.0710 0.1914
vn -0.0021 0.8228 0.5683
vn -0.0039 0.8187 0.5741
vn 0.9915 0.0255 0.1276
vn 0.0021 0.4159 0.9094
vn -0.0043 0.3963 0.9181
vn -0.0410 0.9978 -0.0529
vn 0.0064 -0.1775 0.9841
vn 0.9762 -0.0562 0.2093
vn 0.9726 0.0286 0.2308
vn 0.9704 0.0437 0.2375
vn 0.6323 0.7718 0.0671
vn 0.7023 0.7102 0.0492
vn 0.9847 0.0514 0.1666
vn 0.1928 0.9109 0.3647
vn 0.2092 0.9119 0.3532
vn 0.2131 0.9115 0.3517
vn 0.1744 0.9167 0.3596
vn 0.1966 0.7930 0.5766
vn 0.1679 0.7771 0.6066
vn 0.1825 0.6920 0.6984
vn 0.1437 0.6801 0.7189
vn 0.1366 0.6825 0.7180
vn 0.4654 0.0895 0.8806
vn 0.4598 0.4431 0.7696
vn 0.9347 0.2698 0.2313
vn 0.9001 0.3903 0.1935
vn 0.9348 0.2698 0.2312
vn 0.9914 0.0840 0.1008
vn 0.9916 0.0886 0.0944
vn 0.9927 0.0755 0.0938
vn 0.9909 0.0247 0.1322
vn 0.9892 0.0266 0.1444
vn 0.9823 0.0740 0.1718
vn 0.9811 0.0661 0.1820
vn 0.9837 0.0467 0.1735
vn 0.2220 -0.9602 0.1698
vn 0.6180 0.7862 -0.0085
vn 0.8272 0.5618 -0.0051
vn 0.7331 0.6799 -0.0177
vn 0.7953 0.5961 -0.1100
vn 0.5805 0.8093 -0.0897
vn 0.9587 0.0425 0.2812
vn 0.9655 0.0131 0.2599
vn 0.9806 -0.0227 0.1946
vn 0.9657 0.0883 0.2442
vn 0.9611 0.0303 0.2744
vn 0.5595 0.4795 0.6760
vn 0.5658 -0.3454 0.7487
vn 0.6117 -0.3507 0.7091
vn 0.6103 -0.7318 0.3033
vn 0.8791 -0.4145 0.2355
vn 0.6763 -0.6999 0.2297
vn 0.9165 -0.3883 0.0960
vn 0.7135 -0.6839 0.1523
vn 0.9993 -0.0238 0.0272
vn 0.9950 0.0122 0.0993
vn 0.9806 -0.0794 0.1794
vn 1.0000 0.0046 -0.0046
vn 0.9997 -0.0018 -0.0231
vn 0.9984 0.0530 -0.0220
vn 0.7058 -0.2513 0.6624
vn 0.3559 0.9205 -0.1612
vn 0.9995 -0.0242 -0.0182
vn 0.7660 0.6229 -0.1590
vn -0.0172 0.3007 -0.9536
vn -0.6311 0.2556 -0.7323
vn 0.6028 0.3601 -0.7120
vn 0.3550 -0.8779 0.3214
vn 0.3181 -0.8718 0.3725
vn 0.3018 -0.7814 0.5462
vn 0.2636 -0.9098 0.3205
vn 0.2839 -0.8987 0.3343
vn 0.2846 -0.8986 0.3338
vn 0.2852 -0.8932 0.3477
vn 0.3036 -0.8802 0.3647
vn 0.3230 -0.8759 0.3583
vn 0.9790 0.1145 0.1687
vn 0.9847 -0.1597 0.0690
vn 0.9738 0.0076 0.2272
vn -0.0067 -0.9866 0.1632
vn -0.0059 -0.9863 0.1651
vn 0.0079 -0.8818 -0.4715
vn -0.0020 -0.8947 -0.4466
vn 0.7981 -0.2858 0.5304
vn 0.7657 -0.2461 0.5942
vn 0.6870 -0.2538 0.6809
vn 0.8318 -0.1555 0.5328
vn 0.8494 -0.1158 0.5149
vn 0.7545 -0.0894 0.6502
vn 0.8110 -0.0597 0.5820
vn 0.8368 0.0560 0.5447
vn 0.7374 0.3403 0.5835
vn 0.7749 0.3719 0.5111
vn 0.7445 -0.2421 0.6222
vn -0.6031 -0.4839 -0.6341
vn 0.6020 -0.4398 -0.6665
vn -0.7547 -0.2616 -0.6017
vn 0.9779 -0.0238 0.2076
vn 0.9787 -0.0191 0.2045
vn 0.9783 0.0337 0.2046
vn 0.9935 0.0379 0.1077
vn 0.9939 0.0508 0.0976
vn 0.9630 -0.0128 0.2692
vn -0.0011 0.2966 0.9550
vn 0.0030 0.3132 0.9497
vn 0.0017 -0.6516 0.7586
vn 0.0106 -0.6301 0.7765
vn 0.5901 -0.3744 0.7152
vn 0.7502 -0.1624 0.6409
vn 0.2614 0.5881 0.7654
vn 0.5775 0.0630 0.8140
vn 0.6370 -0.2403 0.7324
vn 0.5638 0.4078 0.7182
vn 0.5151 0.3933 0.7615
vn 0.5554 0.4735 0.6837
vn 0.5370 0.4912 0.6858
vn 0.7861 0.3037 0.5383
vn 0.7656 0.3920 0.5101
vn 0.7860 0.3868 0.4822
vn 0.7589 0.2805 0.5876
vn 0.8165 0.0532 0.5749
vn 0.8158 0.1072 0.5684
vn 0.5088 -0.7523 -0.4184
vn 0.4470 -0.8697 -0.2096
vn 0.3995 -0.8995 0.1769
vn 0.3166 -0.8788 0.3571
vn 0.3090 -0.8782 0.3651
vn 0.3614 -0.3175 -0.8767
vn 0.3205 0.2688 -0.9083
vn 0.0003 -0.2725 -0.9622
vn -0.0001 -0.2306 -0.9730
vn 0.0023 -0.2295 -0.9733
vn 0.0021 -0.1902 -0.9818
vn 0.0456 -0.2637 -0.9635
vn 0.0426 -0.2028 -0.9783
vn -0.2964 -0.1712 -0.9396
vn 0.5311 -0.0359 -0.8465
vn -0.6836 0.0421 -0.7287
vn 0.3396 0.1102 -0.9341
vn 0.3095 -0.6183 -0.7224
vn 0.9950 -0.0907 0.0423
vn 0.9806 -0.1951 -0.0201
vn 0.9994 -0.0330 -0.0144
vn 0.3543 -0.5768 -0.7360
vn 0.3172 -0.6236 -0.7145
vn 0.3006 -0.7609 -0.5750
vn 0.2629 -0.5857 -0.7667
vn 0.2841 -0.5958 -0.7512
vn 0.2848 -0.5953 -0.7513
vn 0.2853 -0.6071 -0.7416
vn 0.3032 -0.6189 -0.7246
vn 0.3232 -0.6113 -0.7224
vn 0.7626 0.3451 0.5471
vn 0.3567 0.4374 0.8255
vn 0.2824 0.7571 -0.5891
vn 0.2726 0.9041 -0.3290
vn -0.0022 0.9304 -0.3665
vn 0.0002 0.8555 -0.5178
vn 0.0005 0.8556 -0.5177
vn 0.0007 0.8728 -0.4880
vn 0.0457 0.8314 -0.5538
vn 0.0422 0.8681 -0.4946
vn -0.2953 0.8412 -0.4530
vn 0.5303 0.7945 -0.2959
vn -0.6837 0.7059 -0.1852
vn 0.3408 0.9220 -0.1836
vn -0.0177 0.9998 -0.0086
vn -0.6318 0.7749 0.0169
vn 0.6024 0.7888 0.1223
vn 0.7448 -0.6662 -0.0381
vn 0.8211 -0.3856 -0.4208
vn 0.6330 -0.5090 -0.5833
vn 0.6166 -0.5097 -0.6001
vn 0.6314 -0.5126 -0.5819
vn 0.6769 -0.4345 -0.5941
vn 0.9162 -0.2117 -0.3403
vn 1.0000 0.0053 0.0025
vn 0.7151 -0.3554 -0.6019
vn 0.9996 0.0121 -0.0245
vn 0.9982 0.0389 0.0458
vn 0.9998 0.0204 -0.0090
vn 0.7064 -0.7070 -0.0345
vn 0.9674 -0.1955 0.1610
vn 0.9526 -0.2861 0.1037
vn 0.5755 -0.8124 -0.0937
vn 0.5650 -0.8202 -0.0899
vn 0.5489 -0.4970 0.6721
vn 0.9491 -0.2713 0.1596
vn 0.9527 -0.2698 0.1401
vn 0.9740 -0.2260 0.0167
vn -0.1918 0.7696 0.6090
vn 0.9956 -0.0591 0.0721
vn 0.9378 -0.1984 -0.2848
vn -0.7647 0.4838 -0.4257
vn 0.6027 0.4977 -0.6237
vn -0.6032 0.4534 -0.6562
vn 0.8499 -0.5151 0.1112
vn 0.8192 -0.5709 0.0539
vn 0.8538 -0.5204 0.0168
vn 0.6135 -0.7785 -0.1322
vn 0.7303 -0.6746 -0.1076
vn 0.7879 -0.6021 -0.1292
vn 0.5650 -0.8153 -0.1270
vn 0.7995 -0.5989 -0.0468
vn 0.7144 -0.6935 0.0933
vn 0.4812 -0.8764 0.0195
vn 0.9809 -0.1530 0.1200
vn 0.9783 -0.2008 0.0503
vn 0.9783 -0.1737 0.1126
vn 0.9776 -0.2050 0.0475
vn 0.5089 0.1660 -0.8447
vn 0.4467 -0.0694 -0.8920
vn 0.3980 -0.4502 -0.7993
vn 0.5371 -0.5001 0.6792
vn 0.5559 -0.5037 0.6612
vn 0.5152 -0.6028 0.6092
vn 0.7862 -0.3389 0.5168
vn 0.7655 -0.3641 0.5305
vn 0.5644 -0.5568 0.6095
vn 0.7864 -0.4178 0.4550
vn 0.7590 -0.4723 0.4481
vn 0.5772 -0.7552 0.3105
vn 0.6367 -0.7711 -0.0072
vn 0.8151 -0.5032 0.2871
vn 0.8163 -0.5300 0.2297
vn -0.0292 -0.9969 0.0731
vn -0.0307 -0.9971 0.0695
vn 0.9924 -0.0962 0.0766
vn 0.0278 -0.7685 0.6393
vn 0.0277 -0.8460 -0.5325
vn 0.9655 -0.2460 0.0848
vn -0.0278 -0.6949 -0.7186
vn 0.2595 -0.5472 0.7958
vn 0.3170 -0.6110 -0.7254
vn 0.6446 -0.1959 0.7390
vn 0.9926 -0.1066 -0.0577
vn 0.9925 -0.0998 -0.0703
vn 0.9649 -0.1526 -0.2139
vn 0.0040 -0.4268 -0.9044
vn -0.0019 -0.4125 -0.9110
vn 0.0027 0.2396 -0.9709
vn -0.0019 0.2540 -0.9672
vn 0.9603 -0.2573 -0.1074
vn 0.7715 0.6199 -0.1434
vn 0.9709 -0.1229 -0.2054
vn 0.9645 -0.2096 -0.1607
vn 0.0019 0.7346 -0.6785
vn 0.0026 0.9947 -0.1032
vn -0.0088 0.9970 -0.0774
vn 0.0080 0.7469 -0.6649
vn 0.9716 -0.2006 -0.1256
vn 0.9624 -0.1761 -0.2069
vn 0.9748 -0.0994 -0.1996
vn 0.9623 -0.1835 -0.2008
vn 0.9619 -0.1864 -0.2001
vn 0.4939 -0.2153 -0.8424
vn 0.5750 -0.1278 -0.8081
vn 0.5985 0.0998 -0.7949
vn 0.3869 -0.0854 -0.9182
vn 0.6520 -0.7101 -0.2657
vn 0.6941 -0.7003 -0.1667
vn 0.0062 -0.3675 0.9300
vn -0.0003 -0.3812 0.9245
vn 0.0309 -0.3963 -0.9176
vn -0.0222 -0.7122 -0.7016
vn 0.0275 -0.8700 -0.4923
vn 0.0062 -0.9993 0.0377
vn -0.0236 -0.9960 -0.0856
vn -0.0224 -0.1637 -0.9863
vn -0.0067 -0.8581 0.5135
vn -0.0046 -0.8549 0.5188
vn 0.9881 -0.0118 -0.1531
vn 0.9862 -0.0094 -0.1651
vn -0.9847 -0.1472 -0.0932
vn 0.9943 -0.0714 -0.0791
vn 0.9785 -0.1689 -0.1184
vn 0.9805 -0.1885 -0.0554
vn 0.9704 -0.1771 -0.1644
vn 0.9743 -0.1467 -0.1711
vn 0.5685 -0.6911 0.4463
vn 0.6746 -0.6015 0.4278
vn 0.7304 -0.5629 0.3868
vn 0.6908 -0.5603 0.4570
vn 0.8770 -0.3257 0.3532
vn 0.5893 -0.5954 0.5461
vn 0.2260 0.6759 -0.7015
vn 0.9837 -0.1394 -0.1132
vn 0.9810 -0.1610 -0.1085
vn 0.2096 -0.9452 0.2505
vn 0.2121 -0.9444 0.2511
vn 0.2087 -0.9453 0.2508
vn 0.1926 -0.9514 0.2401
vn 0.4068 -0.7088 0.5763
vn 0.3093 -0.8153 0.4895
vn 0.1566 -0.9828 0.0978
vn 0.2133 -0.9770 -0.0024
vn 0.1671 -0.9732 -0.1581
vn 0.1268 -0.9759 -0.1777
vn 0.1345 -0.9744 -0.1800
vn 0.9823 -0.1615 -0.0944
vn 0.9885 -0.1146 -0.0985
vn 0.9895 -0.1129 -0.0905
vn 0.9893 -0.1228 -0.0787
vn 0.9950 -0.0961 -0.0287
vn 0.9949 -0.0972 -0.0272
vn 0.9393 -0.3419 -0.0271
vn 0.9397 -0.3411 -0.0262
vn 0.9183 -0.3934 0.0443
vn 0.5087 -0.8213 -0.2584
vn 0.4703 -0.5748 -0.6697
vn 0.6797 0.3634 -0.6371
vn 0.7385 0.3044 -0.6017
vn 0.9950 -0.0683 -0.0731
vn 0.9806 -0.0412 -0.1918
vn 0.9993 0.0033 -0.0360
vn 1.0000 -0.0010 0.0064
vn 0.9997 0.0151 0.0176
vn 0.7060 -0.1858 -0.6834
vn 0.7530 -0.4224 0.5045
vn 0.3563 -0.6498 0.6714
vn 0.9944 -0.0569 0.0887
vn 0.9997 0.0225 -0.0120
vn 0.7495 0.4389 -0.4957
vn 0.6887 0.4820 -0.5416
vn 0.7833 0.4082 -0.4689
vn 0.8438 0.3238 -0.4279
vn 0.7460 0.3837 -0.5442
vn 0.7014 0.4134 -0.5806
vn 0.7448 -0.1696 -0.6454
vn 0.2796 0.6834 0.6744
vn -0.0562 0.7222 0.6895
vn 0.0050 0.5487 0.8360
vn -0.3157 0.5129 0.7983
vn 0.2744 0.3162 0.9081
vn -0.6361 0.2227 0.7388
vn 0.6035 0.1278 0.7871
vn -0.0018 0.7576 0.6527
vn 0.0002 0.7570 0.6534
vn 0.0033 0.9845 0.1752
vn 0.5721 0.0197 0.8199
vn 0.7322 0.5494 0.4026
vn -0.0000 0.7865 0.6176
vn -0.0559 0.7247 0.6868
vn -0.6027 0.7645 0.2288
vn 0.4126 0.8571 0.3086
vn -0.6155 0.6638 0.4249
vn 0.1098 0.8564 0.5045
vn 0.3161 0.5005 -0.8059
vn 0.9785 -0.1485 -0.1432
vn 0.9785 -0.1073 -0.1760
vn 0.9778 -0.1057 -0.1810
vn 0.5088 0.8546 -0.1040
vn 0.4468 0.8269 -0.3414
vn 0.3990 0.6233 -0.6725
vn 0.9847 -0.1395 -0.1046
vn 0.4714 0.1557 0.8680
vn 0.4924 0.2037 0.8462
vn 0.4983 0.0676 0.8644
vn 0.6744 -0.5468 -0.4962
vn 0.8108 -0.0871 -0.5788
vn 0.7510 -0.1540 -0.6421
vn 0.6047 -0.2207 -0.7653
vn 0.7525 -0.2117 -0.6237
vn 0.8908 -0.2864 -0.3529
vn 0.8205 -0.2487 -0.5147
vn 0.7415 -0.2749 -0.6121
vn 0.8578 -0.2585 -0.4442
vn 0.6139 -0.1150 -0.7810
vn 0.7084 -0.6159 -0.3447
vn 0.7771 -0.5987 -0.1943
vn 0.8490 -0.3522 -0.3940
vn 0.2597 -0.9259 -0.2743
vn 0.5777 -0.5291 -0.6215
vn 0.6373 -0.2381 -0.7329
vn 0.8164 -0.3819 -0.4331
vn 0.8158 -0.4179 -0.3997
vn 0.7497 -0.5923 -0.2952
vn 0.7786 -0.5708 -0.2608
vn 0.8118 -0.5601 -0.1649
vn 0.5637 -0.7521 -0.3415
vn 0.5155 -0.7657 -0.3846
vn 0.5558 -0.7846 -0.2748
vn 0.4926 -0.8352 -0.2445
vn 0.3092 0.4959 -0.8115
vn 0.3553 0.5213 -0.7759
vn 0.2635 0.5476 -0.7941
vn 0.3018 0.3113 -0.9011
vn 0.3180 0.4859 -0.8141
vn 0.2847 0.5310 -0.7981
vn 0.2837 0.5306 -0.7987
vn 0.2852 0.5181 -0.8063
vn 0.3036 0.4977 -0.8125
vn 0.3229 0.4980 -0.8048
vn 0.6332 0.7495 0.1929
vn 0.7013 0.7004 0.1325
vn 0.6041 0.7886 0.1148
vn 0.5738 0.6929 -0.4366
vn 0.6010 0.6842 -0.4131
vn 0.5320 0.0019 -0.8467
vn 0.9514 0.1266 -0.2807
vn 0.9582 0.1553 -0.2404
vn 0.9674 0.0674 -0.2440
vn 0.9661 0.1610 -0.2019
vn 0.9957 0.0722 -0.0577
vn -0.0035 -0.9954 -0.0953
vn -0.0267 -0.9881 -0.1512
vn -0.9745 -0.1431 0.1729
vn 0.9756 0.1105 -0.1896
vn 0.9699 0.0870 -0.2274
vn 0.5618 -0.6433 -0.5201
vn 0.6538 -0.5985 -0.4629
vn 0.6295 -0.6316 -0.4525
vn 0.6690 -0.6020 -0.4359
vn 0.2301 0.8755 0.4249
vn 0.7888 -0.5064 -0.3484
vn 0.7789 -0.5170 -0.3550
vn 0.7796 -0.5450 -0.3085
vn 0.7288 -0.6153 -0.3004
vn 0.6700 -0.6536 -0.3520
vn 0.6785 -0.2854 -0.6769
vn 0.7618 -0.2210 -0.6090
vn 0.6762 -0.2855 -0.6791
vn 0.7530 -0.3542 -0.5546
vn 0.7633 -0.4686 -0.4448
vn 0.7740 0.0011 -0.6332
vn 0.8367 0.2758 -0.4731
vn 0.9817 0.0110 -0.1900
vn 0.9720 0.0871 -0.2182
vn 0.9914 0.0633 -0.1143
vn -0.9971 0.0553 -0.0513
vn 0.9900 0.1307 -0.0525
vn 0.9917 0.1178 -0.0510
vn 0.9695 0.0880 -0.2287
vn 0.9915 0.0543 -0.1183
vn -0.0324 0.1135 -0.9930
vn 0.0215 0.8376 -0.5458
vn -0.0175 0.7143 -0.6996
vn 0.0088 0.2407 -0.9706
vn -0.0123 0.9565 -0.2916
vn 0.0330 -0.3360 -0.9413
vn -0.0276 -0.7575 -0.6522
vn 0.0030 -0.7075 -0.7067
vn 0.0241 -0.9625 0.2704
vn -0.7560 -0.1417 0.6390
vn 0.6030 -0.0358 0.7970
vn -0.6019 0.0188 0.7983
vn 0.7187 -0.6104 0.3330
vn -0.7945 -0.4989 0.3463
vn 0.7057 -0.5194 0.4819
vn -0.6818 -0.4633 0.5661
vn 0.0467 -0.5995 0.7990
vn 0.9995 -0.0194 0.0260
vn 0.9996 -0.0126 0.0234
vn 0.2703 -0.4445 0.8540
vn -0.2246 -0.4221 0.8783
vn 0.0369 -0.3890 0.9205
vn 0.0401 -0.3534 0.9346
vn -0.0011 -0.4183 0.9083
vn 0.7153 0.6411 0.2782
vn -0.0008 -0.3886 0.9214
vn 0.0004 -0.3891 0.9212
vn 0.0009 -0.3434 0.9392
vn 0.3092 -0.7447 0.5914
vn 0.3659 -0.2583 0.8941
vn 0.7630 -0.6003 -0.2396
vn 0.3558 -0.8395 -0.4108
vn 0.9942 -0.1036 -0.0276
vn 0.9998 0.0104 0.0146
vn 0.7055 0.5930 -0.3882
vn 0.9997 -0.0118 0.0196
vn 1.0000 -0.0059 0.0009
vn 0.9994 0.0347 -0.0078
vn 0.9961 0.0458 -0.0753
vn 0.9823 0.1566 -0.1028
vn 0.9822 0.1164 -0.1477
vn 0.9122 0.3796 0.1544
vn 0.7257 0.6556 0.2086
vn 0.8167 0.5626 0.1279
vn 0.3158 0.9213 0.2271
vn 0.7444 0.5617 -0.3610
vn 0.3538 0.8993 0.2570
vn 0.3177 0.9244 0.2111
vn 0.3046 0.9523 0.0179
vn 0.2620 0.9247 0.2761
vn 0.2839 0.9237 0.2574
vn 0.2847 0.9233 0.2578
vn 0.2852 0.9270 0.2437
vn 0.3035 0.9265 0.2226
vn 0.3225 0.9194 0.2251
vn 0.3091 0.9249 0.2212
vn 0.3991 0.8315 0.3865
vn 0.4459 0.5836 0.6786
vn 0.5089 0.3625 0.7808
vn 0.9934 0.0341 -0.1098
vn 0.9795 0.1689 -0.1093
vn 0.9848 0.0997 -0.1421
vn 0.9498 0.1780 -0.2575
vn 0.9665 0.1012 -0.2360
vn 0.9691 0.1669 -0.1817
vn -0.0250 0.9983 -0.0531
vn -0.0296 0.7798 -0.6253
vn 0.0142 0.3255 -0.9454
vn 0.0326 0.9530 -0.3011
vn 0.0466 0.4297 -0.9018
vn 0.9007 -0.2001 -0.3856
vn 0.9345 -0.0828 -0.3461
vn 0.4600 0.0948 -0.8828
vn 0.9342 -0.0823 -0.3471
vn 0.9911 -0.0086 -0.1325
vn 0.4664 0.4478 -0.7629
vn 0.1366 -0.1301 -0.9820
vn 0.1438 -0.1277 -0.9813
vn 0.1826 -0.1494 -0.9718
vn 0.1674 -0.2757 -0.9466
vn 0.1949 -0.3025 -0.9330
vn 0.1881 -0.5362 -0.8229
vn 0.1970 -0.5286 -0.8257
vn 0.9913 -0.0136 -0.1309
vn 0.9920 -0.0079 -0.1261
vn 0.9910 0.0576 -0.1211
vn 0.9892 0.0639 -0.1316
vn 0.9820 0.0403 -0.1845
vn 0.9808 0.0526 -0.1880
vn 0.9837 0.0644 -0.1677
vn 0.2092 -0.5303 -0.8216
vn 0.1926 -0.5227 -0.8305
vn 0.4069 -0.7671 -0.4959
vn 0.3102 -0.7179 -0.6232
vn 0.9854 0.0561 -0.1609
vn 0.4985 -0.8014 0.3307
vn 0.4923 -0.7421 0.4549
vn 0.4714 -0.7776 0.4161
vn 0.8291 0.4428 -0.3412
vn 0.7500 0.5084 -0.4231
vn 0.5898 0.7236 -0.3586
vn 0.7981 0.5429 -0.2612
vn 0.7657 0.5484 -0.3360
vn 0.6871 0.6055 -0.4016
vn 0.7537 0.4551 -0.4742
vn 0.8474 0.3980 -0.3515
vn 0.8108 0.3904 -0.4361
vn 0.2614 -0.0259 -0.9649
vn 0.4929 -0.0255 -0.8697
vn 0.5558 0.0188 -0.8311
vn 0.5153 0.1292 -0.8472
vn 0.5639 0.0922 -0.8207
vn 0.5778 0.4292 -0.6942
vn 0.6371 0.6253 -0.4506
vn 0.8147 0.2337 -0.5307
vn 0.7452 0.0884 -0.6610
vn 0.7608 0.0739 -0.6448
vn 0.7963 -0.0503 -0.6028
vn 0.7856 -0.0149 -0.6186
vn 0.7888 -0.0172 -0.6145
vn 0.8162 0.2944 -0.4971
vn 0.9631 0.1589 0.2173
vn -0.0007 0.7597 0.6503
vn 0.0076 0.7716 0.6361
vn 0.0061 -0.2725 0.9621
vn -0.0019 -0.3048 0.9524
vn 0.0021 -0.7351 0.6779
vn -0.0023 -0.7451 0.6669
vn 0.0186 -0.9371 -0.3485
vn 0.0021 -0.9802 0.1979
vn -0.0026 -0.9077 -0.4197
vn -0.0170 -0.9935 0.1122
vn -0.0114 0.3553 0.9347
vn 0.0170 0.4214 0.9067
vn -0.0165 0.8411 0.5407
vn 0.0203 0.9029 0.4293
vn 0.0021 -0.1940 0.9810
vn -0.0002 -0.2034 0.9791
vn 0.0216 0.9341 -0.3564
vn -0.0096 0.6451 -0.7640
vn -0.0035 0.6336 -0.7736
vn 0.0040 0.9930 0.1184
vn -0.0155 -0.6471 0.7622
vn 0.0213 0.1316 -0.9911
vn -0.0358 -0.0704 -0.9969
vn 0.0252 -0.4229 -0.9058
vn 0.1677 -0.9604 0.2226
vn 0.6898 -0.2922 0.6624
vn 0.7539 -0.2595 0.6035
vn 0.6860 -0.0108 0.7275
vn 0.5602 0.8272 0.0436
vn 0.6498 0.2687 -0.7110
vn 0.7734 0.2183 -0.5952
vn 0.7737 0.6259 0.0979
vn 0.9981 0.0420 -0.0450
vn 0.9910 0.0097 -0.1336
vn 0.7605 -0.2245 -0.6092
vn 0.6660 -0.3179 -0.6749
vn 0.7244 -0.6865 -0.0630
vn 0.7144 -0.6967 -0.0649
vn 0.5083 -0.4996 0.7015
vn 0.7924 0.1464 0.5921
vn 0.7586 0.1777 0.6269
vn 0.7708 0.6367 0.0231
vn 0.6385 0.7688 0.0360
vn 0.6703 0.5408 -0.5083
vn 0.7603 0.5101 -0.4022
vn 0.4404 -0.2258 -0.8690
vn 0.5076 -0.8219 -0.2587
vn 0.7150 -0.1535 -0.6821
vn 0.7244 -0.1522 -0.6723
vn 0.7583 -0.5415 0.3630
vn 0.7916 -0.5185 0.3233
vn 0.6503 0.2004 0.7328
vn 0.7738 0.1731 0.6093
vn 0.6630 0.6568 0.3592
vn 0.7615 0.5382 0.3611
vn 0.4406 0.7566 -0.4832
vn 0.8555 -0.0769 0.5121
vn 0.8693 -0.4109 0.2749
vn 0.2967 -0.4884 0.8206
vn 0.7558 0.0963 0.6477
vn 0.5686 0.6347 0.5233
vn 0.8087 0.5043 -0.3028
vn 0.6946 0.6230 -0.3598
vn 0.6418 -0.0394 -0.7658
vn 0.6822 -0.5367 -0.4965
vn 0.6532 -0.5455 -0.5251
vn 0.6707 -0.7384 -0.0704
vn 0.6465 -0.7624 -0.0280
vn 0.7733 -0.5315 0.3457
vn 0.9634 0.2101 0.1667
vn 0.7923 -0.6078 0.0538
vn 0.7923 0.2295 -0.5653
vn 0.6472 0.5725 0.5033
vn 0.7156 0.5282 0.4571
vn 0.5093 0.8158 -0.2740
vn 0.7581 0.2246 -0.6123
vn 0.7746 -0.4950 -0.3936
vn 0.7446 -0.5212 -0.4170
vn 0.6398 -0.7670 -0.0482
vn 0.6302 -0.2845 0.7224
vn 0.6656 -0.2368 0.7077
vn -0.9953 0.0972 -0.0006
vn -0.4115 -0.9114 0.0032
vn 0.3022 -0.9357 0.1820
vn 0.2184 -0.9589 0.1814
vn -0.9971 0.0745 -0.0122
vn -0.9965 0.0818 -0.0157
vn -0.1871 -0.8959 0.4029
vn -0.0000 -0.9064 0.4225
vn -0.9970 0.0700 -0.0317
vn -0.9965 0.0755 -0.0356
vn -0.4222 0.8197 -0.3871
vn -0.8071 0.5556 -0.1999
vn -0.8386 0.4477 -0.3102
vn -0.0000 -0.8190 0.5739
vn -0.9956 0.0771 -0.0537
vn 0.1873 -0.7967 0.5746
vn -0.9976 0.0524 -0.0460
vn -0.4213 0.6816 -0.5983
vn -0.9947 0.0671 -0.0780
vn -0.2181 -0.6365 0.7398
vn 0.2186 -0.6180 0.7552
vn -0.8033 0.3907 -0.4495
vn -0.9976 0.0377 -0.0587
vn -0.9947 0.0429 -0.0934
vn -0.2184 -0.4076 0.8866
vn -0.5536 0.4500 -0.7007
vn 0.2184 -0.3857 0.8964
vn -0.7559 0.3295 -0.5657
vn -0.9920 0.0586 -0.1115
vn -0.2182 -0.1476 0.9647
vn 0.2185 -0.1238 0.9680
vn -0.6296 0.2186 -0.7455
vn -0.9791 0.0092 -0.2032
vn -0.9965 0.0126 -0.0826
vn -0.9965 -0.0106 -0.0828
vn -0.2182 0.1240 0.9680
vn -0.9965 -0.0106 -0.0829
vn 0.2183 0.1478 0.9646
vn -0.1870 0.3713 0.9095
vn -0.0000 0.3905 0.9206
vn -0.7690 0.0935 -0.6324
vn -0.6338 -0.0980 -0.7672
vn -0.9970 -0.0292 -0.0710
vn -0.9965 -0.0330 -0.0767
vn -0.0000 0.5448 0.8386
vn 0.1877 0.5462 0.8164
vn -0.5981 -0.0976 -0.7954
vn -0.9956 -0.0510 -0.0789
vn -0.9976 -0.0441 -0.0540
vn -0.2182 0.7172 0.6619
vn -0.9947 -0.0755 -0.0697
vn 0.2184 0.7332 0.6440
vn -0.4215 -0.3585 -0.8330
vn -0.8071 -0.1803 -0.5621
vn -0.9976 -0.0573 -0.0397
vn -0.8387 -0.2943 -0.4582
vn -0.1870 0.8690 0.4581
vn -0.9953 -0.0861 -0.0451
vn -0.0000 0.8909 0.4542
vn -0.6190 -0.7489 -0.2364
vn -0.6509 -0.7248 -0.2257
vn -0.9973 -0.0701 -0.0222
vn -0.0000 0.9564 0.2921
vn -0.9971 -0.0727 -0.0225
vn 0.1874 0.9433 0.2741
vn -0.2181 0.9748 0.0460
vn 0.2185 0.9756 0.0220
vn -0.9943 -0.1064 -0.0050
vn -0.9981 -0.0619 0.0054
vn -0.1872 0.9601 -0.2078
vn -0.0000 0.9744 -0.2249
vn -0.1103 -0.9771 -0.1818
vn -0.0936 -0.9506 -0.2960
vn -0.8321 -0.5545 -0.0124
vn 0.0039 -0.9962 0.0870
vn -0.8674 -0.4813 0.1263
vn -0.9950 -0.0975 0.0213
vn -0.0000 0.9204 -0.3910
vn 0.1874 0.8988 -0.3963
vn -0.9957 -0.0857 0.0361
vn -0.9978 -0.0584 0.0309
vn -0.3988 -0.8113 0.4274
vn -0.7620 -0.5568 0.3307
vn -0.2181 0.7763 -0.5914
vn 0.2186 0.7615 -0.6102
vn -0.9947 -0.0818 0.0623
vn -0.9978 -0.0461 0.0484
vn -0.6193 -0.5405 0.5695
vn -0.2949 -0.6758 0.6755
vn -0.8538 -0.2928 0.4305
vn -0.2185 0.5830 -0.7825
vn -0.9941 -0.0649 0.0871
vn 0.2182 0.5636 -0.7967
vn -0.9973 -0.0277 0.0680
vn -0.3999 -0.3466 0.8485
vn -0.7625 -0.2137 0.6107
vn -0.1870 0.3646 -0.9122
vn -0.9970 -0.0283 0.0714
vn -0.0000 0.3585 -0.9335
vn -0.0000 0.1906 -0.9817
vn -0.9956 -0.0182 0.0922
vn 0.1875 0.1742 -0.9667
vn -0.9976 -0.0057 0.0695
vn -0.2182 -0.0562 -0.9743
vn -0.9947 0.0059 0.1026
vn 0.2185 -0.0801 -0.9725
vn -0.9978 0.0143 0.0653
vn -0.2183 -0.3227 -0.9210
vn 0.2182 -0.3452 -0.9128
vn -0.9941 0.0359 0.1024
vn -0.1869 -0.5522 -0.8125
vn -0.0000 -0.5733 -0.8193
vn -0.0000 -0.7074 -0.7068
vn 0.1874 -0.7042 -0.6848
vn -0.2182 -0.8391 -0.4982
vn -0.3049 -0.8163 -0.4906
vn 0.4135 -0.8545 -0.3145
vn -0.5591 -0.8020 -0.2105
vn -0.9947 0.0883 0.0525
vn -0.9976 0.0643 0.0269
vn -0.9976 0.0544 0.0436
vn -0.9956 0.0663 0.0666
vn -0.9970 0.0433 0.0634
vn -0.9973 0.0409 0.0610
vn -0.9947 0.0994 0.0261
vn -0.9976 0.0692 0.0082
vn 0.5592 -0.8255 -0.0763
vn -0.8033 0.5753 0.1541
vn -0.5537 0.8270 0.0974
vn -0.7560 0.6528 0.0482
vn -0.0964 0.9927 0.0731
vn -0.1044 0.9881 0.1131
vn -0.1022 0.9608 0.2577
vn -0.4219 0.8363 0.3501
vn -0.8388 0.4748 0.2663
vn -0.4217 0.7075 0.5671
vn -0.0998 0.9632 0.2496
vn -0.8389 0.3830 0.3868
vn -0.2782 0.5340 0.7984
vn -0.8323 0.2663 0.4862
vn -0.1103 0.9180 0.3809
vn -0.0936 0.8684 0.4870
vn -0.0998 0.8571 0.5054
vn -0.1103 0.7774 0.6192
vn -0.0935 0.7005 0.7075
vn -0.0998 0.6845 0.7221
vn -0.1103 0.5767 0.8095
vn -0.0935 0.4783 0.8732
vn -0.0998 0.4590 0.8828
vn -0.1103 0.3312 0.9371
vn -0.0297 0.9931 0.1136
vn -0.0201 0.9944 0.1039
vn -0.0297 0.9676 0.2508
vn -0.0200 0.9703 0.2412
vn -0.0296 0.9232 0.3832
vn -0.0200 0.9271 0.3742
vn -0.0296 0.8611 0.5076
vn -0.0200 0.8662 0.4993
vn -0.0295 0.7819 0.6227
vn -0.0296 0.6877 0.7254
vn -0.0200 0.7881 0.6152
vn -0.0296 0.5800 0.8141
vn -0.0200 0.6949 0.7188
vn -0.0295 0.4611 0.8869
vn -0.0201 0.4697 0.8826
vn -0.0200 0.5881 0.8085
vn 0.5125 0.6769 0.5283
vn 0.5122 0.6769 0.5287
vn 0.5120 0.7439 0.4295
vn 0.5127 0.7438 0.4288
vn 0.5122 0.7963 0.3217
vn 0.5127 0.7962 0.3212
vn 0.5122 0.8334 0.2078
vn 0.5128 0.8331 0.2072
vn 0.5123 0.8541 0.0898
vn 0.5126 0.8540 0.0895
vn 0.5128 0.5967 0.6173
vn 0.5123 0.5966 0.6178
vn 0.5128 0.5050 0.6942
vn 0.5121 0.5048 0.6950
vn 0.5126 0.4035 0.7579
vn 0.5121 0.4033 0.7583
vn 0.5126 0.2941 0.8067
vn 0.5120 0.2937 0.8072
vn -0.0201 0.3424 0.9393
vn -0.0297 0.3331 0.9424
vn -0.0298 0.1987 0.9796
vn -0.0200 0.2086 0.9778
vn -0.0296 0.0604 0.9977
vn 0.5125 0.1789 0.8398
vn 0.5120 0.1786 0.8402
vn 0.5126 0.0605 0.8565
vn 0.5118 0.0599 0.8570
vn -0.0201 0.0702 0.9973
vn 0.5124 -0.0596 0.8567
vn 0.5121 -0.0599 0.8569
vn -0.0296 -0.0789 0.9964
vn 0.5125 -0.1781 0.8400
vn 0.5121 -0.1786 0.8402
vn -0.0200 -0.0691 0.9974
vn 0.5126 -0.2932 0.8070
vn 0.5121 -0.2936 0.8072
vn -0.0295 -0.2169 0.9757
vn -0.0202 -0.2076 0.9780
vn -0.0297 -0.3505 0.9361
vn -0.0201 -0.3413 0.9397
vn -0.0297 -0.4774 0.8782
vn -0.1103 -0.2157 0.9702
vn -0.0998 -0.0786 0.9919
vn -0.0935 -0.0569 0.9940
vn -0.1103 0.0601 0.9921
vn -0.0998 0.1978 0.9751
vn -0.0935 0.2193 0.9712
vn -0.6518 0.1670 0.7398
vn -0.6175 0.1701 0.7680
vn -0.7632 -0.0369 0.6451
vn -0.6331 -0.0636 0.7715
vn -0.0935 -0.3289 0.9397
vn -0.0998 -0.3490 0.9318
vn -0.1103 -0.4747 0.8732
vn -0.0296 -0.5950 0.8032
vn -0.0200 -0.4688 0.8831
vn -0.0201 -0.5873 0.8092
vn -0.0296 -0.7010 0.7125
vn -0.0202 -0.6943 0.7194
vn -0.0297 -0.7934 0.6080
vn -0.0998 -0.6978 0.7093
vn -0.1022 -0.7036 0.7032
vn -0.1044 -0.5920 0.7992
vn -0.0963 -0.5594 0.8233
vn -0.1103 -0.7889 0.6046
vn -0.0936 -0.8560 0.5084
vn -0.0998 -0.8663 0.4895
vn -0.1103 -0.9249 0.3638
vn -0.0935 -0.9630 0.2527
vn -0.0997 -0.9676 0.2318
vn -0.1103 -0.9894 0.0947
vn -0.0935 -0.9954 -0.0223
vn -0.0998 -0.9940 -0.0439
vn -0.0296 -0.8702 0.4918
vn -0.0200 -0.7874 0.6161
vn -0.0297 -0.9302 0.3658
vn -0.0200 -0.8656 0.5004
vn -0.0298 -0.9720 0.2329
vn -0.0201 -0.9269 0.3749
vn -0.0202 -0.9699 0.2425
vn -0.0297 -0.9950 0.0953
vn -0.0201 -0.9943 0.1050
vn -0.0297 -0.9986 -0.0441
vn -0.0201 -0.9992 -0.0343
vn 0.5126 -0.8581 -0.0297
vn 0.5120 -0.8584 -0.0302
vn 0.5121 -0.8542 0.0898
vn 0.5128 -0.8538 0.0903
vn 0.5123 -0.8333 0.2078
vn 0.5127 -0.8330 0.2081
vn 0.5121 -0.7963 0.3219
vn 0.5125 -0.7960 0.3221
vn 0.5119 -0.7440 0.4294
vn 0.5128 -0.7432 0.4298
vn 0.5123 -0.6767 0.5288
vn 0.5128 -0.6762 0.5290
vn 0.5123 -0.5966 0.6178
vn 0.5126 -0.5962 0.6179
vn 0.5121 -0.5048 0.6950
vn 0.5124 -0.5044 0.6950
vn 0.5119 -0.4035 0.7584
vn 0.5127 -0.4027 0.7583
vn -0.1103 0.8973 -0.4274
vn -0.0963 0.9365 -0.3372
vn -0.1044 0.9486 -0.2986
vn -0.1022 0.9826 -0.1554
vn -0.0998 0.8300 -0.5488
vn -0.0935 0.8184 -0.5670
vn -0.1103 0.7448 -0.6581
vn -0.0998 0.6466 -0.7563
vn -0.1022 0.6528 -0.7506
vn -0.1044 0.5348 -0.8385
vn -0.0963 0.5007 -0.8602
vn -0.1103 0.4126 -0.9042
vn -0.0998 0.2832 -0.9539
vn -0.1114 0.3215 -0.9403
vn -0.1112 0.1473 -0.9828
vn -0.0988 0.0906 -0.9910
vn -0.1103 0.0092 -0.9939
vn -0.0998 -0.1292 -0.9866
vn -0.1022 -0.1210 -0.9874
vn -0.1044 -0.2653 -0.9585
vn -0.0963 -0.3042 -0.9477
vn -0.1103 -0.3957 -0.9117
vn -0.0998 -0.5195 -0.8486
vn -0.0936 -0.5381 -0.8377
vn -0.1103 -0.6318 -0.7673
vn -0.0297 -0.5219 -0.8525
vn -0.0202 -0.5303 -0.8476
vn -0.0297 -0.3980 -0.9169
vn -0.0998 -0.7332 -0.6726
vn -0.1022 -0.7273 -0.6786
vn -0.1044 -0.8193 -0.5638
vn -0.0296 -0.6353 -0.7717
vn -0.0200 -0.6430 -0.7656
vn -0.0296 -0.7366 -0.6757
vn -0.0200 -0.7433 -0.6686
vn -0.0963 -0.8421 -0.5306
vn -0.1103 -0.8892 -0.4440
vn -0.0997 -0.9435 -0.3161
vn -0.0296 -0.9827 -0.1828
vn -0.0297 -0.9478 -0.3175
vn -0.0201 -0.9847 -0.1734
vn -0.0201 -0.9511 -0.3083
vn -0.0297 -0.8943 -0.4466
vn 0.5125 -0.8457 -0.1487
vn 0.5121 -0.8459 -0.1492
vn -0.0200 -0.8989 -0.4378
vn 0.5126 -0.8168 -0.2647
vn 0.5120 -0.8170 -0.2653
vn 0.5125 -0.7719 -0.3762
vn 0.5122 -0.7719 -0.3765
vn 0.5127 -0.7121 -0.4796
vn 0.5121 -0.7121 -0.4802
vn -0.0296 -0.8235 -0.5666
vn -0.0200 -0.8292 -0.5586
vn 0.5126 -0.6385 -0.5741
vn 0.5120 -0.6384 -0.5747
vn 0.5125 -0.5523 -0.6575
vn 0.5119 -0.5521 -0.6581
vn 0.5124 -0.4555 -0.7280
vn 0.5120 -0.4553 -0.7284
vn 0.5125 -0.3496 -0.7843
vn 0.5120 -0.3493 -0.7848
vn 0.5125 -0.2372 -0.8253
vn 0.5119 -0.2368 -0.8257
vn -0.0201 -0.4071 -0.9132
vn -0.0297 -0.2666 -0.9633
vn -0.0201 -0.2761 -0.9609
vn 0.5124 -0.1200 -0.8503
vn 0.5117 -0.1195 -0.8508
vn -0.0296 -0.1298 -0.9911
vn 0.5123 -0.0004 -0.8588
vn 0.5118 -0.0000 -0.8591
vn -0.0201 -0.1395 -0.9900
vn -0.0297 0.0092 -0.9995
vn 0.5123 0.1191 -0.8505
vn 0.5119 0.1195 -0.8507
vn -0.0201 -0.0005 -0.9998
vn -0.0201 0.1385 -0.9902
vn -0.0297 0.1482 -0.9885
vn -0.0297 0.2845 -0.9582
vn -0.0201 0.2751 -0.9612
vn -0.0297 0.4149 -0.9094
vn 0.5123 0.2365 -0.8256
vn 0.5120 0.2368 -0.8257
vn -0.0202 0.4061 -0.9136
vn -0.0297 0.5375 -0.8427
vn -0.0201 0.5294 -0.8481
vn -0.0297 0.6495 -0.7598
vn -0.0297 0.7490 -0.6619
vn -0.0201 0.6422 -0.7663
vn -0.0297 0.8338 -0.5512
vn -0.0201 0.7426 -0.6694
vn -0.0202 0.8286 -0.5595
vn 0.5126 0.7115 -0.4806
vn 0.5119 0.7122 -0.4803
vn 0.5124 0.7717 -0.3768
vn 0.5120 0.7721 -0.3766
vn 0.5125 0.8165 -0.2658
vn 0.5121 0.8169 -0.2655
vn 0.5125 0.6379 -0.5748
vn 0.5121 0.6383 -0.5747
vn 0.5120 0.5522 -0.6580
vn 0.5126 0.5515 -0.6581
vn 0.5121 0.4551 -0.7284
vn 0.5125 0.4547 -0.7284
vn 0.5120 0.3493 -0.7848
vn 0.5125 0.3488 -0.7847
vn -0.0202 0.8984 -0.4387
vn -0.0297 0.9024 -0.4298
vn -0.0297 0.9534 -0.3001
vn -0.0202 0.9507 -0.3095
vn 0.5126 0.8455 -0.1496
vn 0.5120 0.8460 -0.1492
vn -0.0201 0.9845 -0.1741
vn -0.0297 0.9859 -0.1644
vn -0.0998 0.9815 -0.1636
vn -0.0297 0.9992 -0.0255
vn -0.0201 0.9992 -0.0353
vn 0.5125 0.8581 -0.0303
vn 0.5121 0.8584 -0.0299
vn -0.1103 0.9936 -0.0254
vn -0.6343 0.7629 -0.1248
vn -0.5976 0.7919 -0.1254
vn -0.7563 -0.5535 -0.3489
vn -0.5537 -0.6844 -0.4743
vn -0.8032 -0.4357 -0.4062
vn -0.4214 -0.5742 -0.7019
vn -0.0163 -0.9174 -0.3975
vn -0.6392 -0.6977 -0.3235
vn 0.9810 0.1597 -0.1103
vn 0.7634 0.6164 -0.1931
vn 0.7130 0.6918 -0.1142
vn 0.5479 0.8363 -0.0211
vn 0.5862 0.8094 -0.0345
vn 0.7045 0.7049 0.0816
vn 0.7142 0.6773 0.1766
vn 0.6408 0.7080 0.2967
vn 0.5875 0.7335 0.3419
vn 0.6931 0.6210 0.3660
vn 0.7428 0.5228 0.4182
vn 0.7255 0.4730 0.5000
vn 0.6232 0.4528 0.6377
vn 0.5223 0.4529 0.7225
vn 0.6609 0.3445 0.6668
vn 0.7472 0.2211 0.6268
vn 0.7571 0.1293 0.6403
vn 0.7007 0.0426 0.7122
vn 0.5064 -0.0713 0.8594
vn 0.5233 -0.0650 0.8497
vn 0.6957 -0.1567 0.7010
vn 0.7447 -0.2348 0.6248
vn 0.7282 -0.3277 0.6019
vn 0.6287 -0.4638 0.6242
vn 0.4237 -0.6144 0.6656
vn 0.5289 -0.5962 0.6040
vn 0.7327 -0.5411 0.4128
vn 0.7972 -0.5263 0.2958
vn 0.8039 -0.5538 0.2169
vn 0.7601 -0.6320 0.1509
vn 0.6134 -0.7863 0.0745
vn 0.1762 -0.9833 -0.0452
vn 0.6156 -0.7866 0.0484
vn 0.7511 -0.6489 -0.1213
vn 0.7456 -0.6316 -0.2126
vn 0.6630 -0.6693 -0.3355
vn 0.4017 -0.7528 -0.5215
vn 0.5587 -0.7051 -0.4366
vn 0.7058 -0.5216 -0.4794
vn 0.7148 -0.4439 -0.5404
vn 0.6410 -0.3986 -0.6559
vn 0.5873 -0.3926 -0.7077
vn 0.6943 -0.2863 -0.6603
vn 0.7437 -0.1780 -0.6444
vn 0.7272 -0.0883 -0.6807
vn 0.6276 0.0090 -0.7785
vn 0.4778 0.0824 -0.8746
vn 0.6079 0.1187 -0.7851
vn 0.7456 0.1909 -0.6384
vn 0.7830 0.2591 -0.5655
vn 0.7644 0.3476 -0.5429
vn 0.6696 0.4835 -0.5638
vn 0.3794 0.6943 -0.6116
vn 0.4023 0.6834 -0.6092
vn 0.6667 0.6217 -0.4111
vn 0.7526 0.5954 -0.2811
vn 1.0000 -0.0002 -0.0000
vn 1.0000 0.0001 -0.0000
vn 1.0000 -0.0001 -0.0000
vn -1.0000 -0.0000 -0.0000
vn -1.0000 -0.0001 -0.0000
vn -1.0000 0.0001 -0.0000
vn -1.0000 -0.0002 -0.0000
vn 0.0116 0.9824 -0.1862
vn 0.0092 0.9808 -0.1950
vn 0.0116 0.9497 -0.3129
vn 0.0092 0.9469 -0.3214
vn -0.2323 0.9540 -0.1897
vn -0.1946 0.9653 -0.1744
vn -0.1949 0.9288 -0.3153
vn -0.2370 0.9109 -0.3378
vn -0.8370 0.5383 -0.0983
vn -0.8656 0.4836 -0.1295
vn -0.8320 0.5203 -0.1926
vn 0.4095 0.8963 -0.1699
vn 0.4907 0.8276 -0.2725
vn 0.8072 0.5629 -0.1777
vn 0.4712 0.8402 -0.2685
vn 0.8436 0.5071 -0.1765
vn 0.0116 0.9972 0.0744
vn 0.0092 0.9978 0.0655
vn 0.0116 0.9983 -0.0564
vn 0.0092 0.9978 -0.0653
vn -0.1947 0.9788 0.0642
vn -0.2370 0.9708 0.0365
vn -0.1470 0.9870 -0.0646
vn -0.8427 0.5379 0.0211
vn -0.8645 0.5026 -0.0000
vn 0.4873 0.8708 0.0650
vn 0.4708 0.8793 0.0724
vn 0.4554 0.8889 -0.0502
vn 0.7631 0.6441 0.0527
vn 0.8401 0.5416 -0.0312
vn 0.7897 0.6107 -0.0587
vn 0.5101 0.8564 -0.0800
vn 0.0116 0.9439 0.3299
vn 0.0092 0.9469 0.3215
vn 0.0116 0.9789 0.2040
vn 0.0092 0.9807 0.1952
vn -0.1469 0.9366 0.3180
vn -0.2323 0.9539 0.1898
vn -0.1945 0.9585 0.2083
vn -0.8669 0.4814 0.1291
vn -0.8429 0.5258 0.1139
vn 0.4554 0.8404 0.2937
vn 0.5123 0.8210 0.2521
vn 0.4123 0.8919 0.1859
vn 0.7696 0.6104 0.1877
vn 0.8566 0.5053 0.1050
vn 0.0116 0.1862 0.9824
vn 0.0092 0.1950 0.9808
vn 0.0116 0.3128 0.9497
vn 0.0092 0.3214 0.9469
vn -0.2323 0.1897 0.9540
vn -0.1945 0.1743 0.9653
vn -0.1947 0.3152 0.9288
vn -0.2371 0.3379 0.9108
vn -0.8371 0.0982 0.5381
vn -0.8657 0.1294 0.4836
vn -0.8319 0.1927 0.5203
vn 0.4099 0.1700 0.8962
vn 0.4905 0.2726 0.8277
vn 0.8073 0.1778 0.5628
vn 0.4710 0.2686 0.8402
vn 0.8436 0.1765 0.5071
vn 0.0116 -0.0744 0.9972
vn 0.0092 -0.0655 0.9978
vn 0.0116 0.0563 0.9983
vn 0.0092 0.0652 0.9978
vn -0.2320 -0.0637 0.9706
vn -0.2526 -0.0539 0.9661
vn -0.1473 0.0645 0.9870
vn -0.8319 -0.0309 0.5540
vn -0.8645 -0.0000 0.5027
vn 0.4874 -0.0652 0.8707
vn 0.4710 -0.0725 0.8791
vn 0.4556 0.0502 0.8888
vn 0.7632 -0.0528 0.6440
vn 0.8401 0.0313 0.5415
vn 0.7895 0.0589 0.6109
vn 0.5105 0.0802 0.8561
vn 0.0116 -0.3299 0.9439
vn 0.0092 -0.3214 0.9469
vn 0.0116 -0.2040 0.9789
vn 0.0092 -0.1952 0.9807
vn -0.2326 -0.3126 0.9210
vn -0.2520 -0.3026 0.9192
vn -0.1467 -0.1931 0.9702
vn -0.8318 -0.1736 0.5273
vn -0.8646 -0.1300 0.4854
vn 0.4557 -0.2938 0.8402
vn 0.5124 -0.2523 0.8209
vn 0.4121 -0.1858 0.8920
vn 0.7696 -0.1879 0.6103
vn 0.8567 -0.1048 0.5051
vn 0.0116 -0.7577 0.6524
vn 0.0092 -0.7519 0.6592
vn 0.0116 -0.6660 0.7458
vn 0.0092 -0.6593 0.7518
vn -0.1948 -0.7375 0.6466
vn -0.2369 -0.7124 0.6606
vn -0.1469 -0.6522 0.7437
vn -0.8427 -0.3954 0.3654
vn -0.8645 -0.3554 0.3554
vn 0.4873 -0.6617 0.5698
vn 0.4706 -0.6730 0.5706
vn 0.4553 -0.5931 0.6641
vn 0.8327 -0.4222 0.3584
vn 0.8241 -0.4297 0.3691
vn 0.7588 -0.4146 0.5023
vn 0.5099 -0.5491 0.6622
vn 0.0116 -0.9008 0.4342
vn 0.0092 -0.8969 0.4422
vn 0.0116 -0.8364 0.5480
vn 0.0092 -0.8315 0.5555
vn -0.1471 -0.8871 0.4374
vn -0.2327 -0.8087 0.5403
vn -0.1945 -0.8251 0.5304
vn -0.8669 -0.4317 0.2492
vn -0.8429 -0.4524 0.2912
vn 0.4556 -0.8019 0.3865
vn 0.5125 -0.7587 0.4022
vn 0.4124 -0.7620 0.4993
vn 0.7938 -0.5374 0.2846
vn 0.8138 -0.5175 0.2646
vn 0.0116 -0.8264 -0.5630
vn 0.0092 -0.8314 -0.5556
vn 0.0116 -0.8928 -0.4503
vn 0.0092 -0.8968 -0.4423
vn -0.2323 -0.8087 -0.5404
vn -0.2524 -0.8096 -0.5300
vn -0.1471 -0.8871 -0.4375
vn -0.8318 -0.4644 -0.3040
vn -0.8645 -0.4353 -0.2513
vn 0.4095 -0.7540 -0.5137
vn 0.4909 -0.7779 -0.3924
vn 0.8071 -0.5238 -0.2725
vn 0.4708 -0.7841 -0.4044
vn 0.8437 -0.4833 -0.2338
vn 0.0116 -0.1864 -0.9824
vn 0.0092 -0.1952 -0.9807
vn 0.0116 -0.3127 -0.9498
vn 0.0092 -0.3212 -0.9470
vn -0.2328 -0.1899 -0.9538
vn -0.2523 -0.1977 -0.9472
vn -0.1470 -0.3177 -0.9367
vn -0.8319 -0.1134 -0.5433
vn -0.8644 -0.1300 -0.4856
vn 0.4098 -0.1702 -0.8961
vn 0.4906 -0.2725 -0.8277
vn 0.8070 -0.1778 -0.5631
vn 0.4710 -0.2684 -0.8403
vn 0.8436 -0.1765 -0.5071
vn 0.0116 0.5630 -0.8264
vn 0.0092 0.5556 -0.8314
vn 0.0116 0.4505 -0.8927
vn 0.0092 0.4425 -0.8967
vn -0.1945 0.5450 -0.8156
vn -0.2368 0.5170 -0.8226
vn -0.1470 0.4377 -0.8870
vn -0.8428 0.2871 -0.4552
vn -0.8645 0.2514 -0.4353
vn 0.4095 0.5137 -0.7539
vn 0.4909 0.3924 -0.7779
vn 0.8071 0.2724 -0.5238
vn 0.4711 0.4043 -0.7840
vn 0.8435 0.2339 -0.4836
vn -0.9994 0.0151 -0.0296
vn -0.9994 0.0175 -0.0304
vn -0.9994 0.0092 -0.0344
vn -0.9995 0.0051 -0.0324
vn -0.9994 -0.0000 -0.0359
vn -0.9995 -0.0051 -0.0324
vn -0.9994 -0.0092 -0.0344
vn -0.9994 -0.0151 -0.0296
vn -0.9994 -0.0175 -0.0304
vn -0.9994 -0.0241 -0.0241
vn -0.9994 -0.0304 -0.0175
vn -0.9994 -0.0296 -0.0151
vn -0.9994 -0.0344 -0.0092
vn -0.9995 -0.0324 -0.0051
vn -0.9994 -0.0358 -0.0000
vn -0.9995 -0.0324 0.0051
vn -0.9994 -0.0344 0.0092
vn -0.9994 -0.0296 0.0151
vn -0.9994 -0.0304 0.0175
vn -0.9994 -0.0241 0.0241
vn -0.9994 -0.0175 0.0304
vn -0.9994 -0.0151 0.0296
vn -0.9994 -0.0092 0.0344
vn -0.9995 -0.0051 0.0324
vn -0.9994 -0.0000 0.0359
vn -0.9995 0.0051 0.0324
vn -0.9994 0.0092 0.0344
vn -0.9994 0.0151 0.0296
vn -0.9994 0.0175 0.0304
vn -0.9994 0.0241 0.0241
vn -0.9994 0.0304 0.0175
vn -0.9994 0.0296 0.0151
vn -0.9994 0.0344 0.0092
vn -0.9995 0.0324 0.0051
vn -0.9994 0.0358 -0.0000
vn -0.9995 0.0324 -0.0051
vn -0.9994 0.0344 -0.0092
vn -0.9994 0.0296 -0.0151
vn -0.9994 0.0304 -0.0175
vn -0.9994 0.0241 -0.0241
vn -0.7152 -0.4942 -0.4942
vn -0.7153 -0.3172 -0.6226
vn -0.7145 -0.3175 -0.6234
vn -0.7144 -0.1094 -0.6911
vn -0.7151 -0.1093 -0.6904
vn -0.7151 0.1093 -0.6904
vn -0.7144 0.1095 -0.6911
vn -0.7145 0.3178 -0.6233
vn -0.7154 0.3172 -0.6225
vn -0.7153 0.4941 -0.4941
vn -0.7148 0.4946 -0.4944
vn -0.7150 0.6230 -0.3174
vn -0.7152 0.6228 -0.3173
vn -0.7151 0.6904 -0.1093
vn -0.7151 0.6904 0.1094
vn -0.7152 0.6227 0.3173
vn -0.7152 0.6228 0.3174
vn -0.7152 0.4942 0.4942
vn -0.7148 0.4944 0.4946
vn -0.7147 0.3174 0.6232
vn -0.7151 0.3173 0.6229
vn -0.7151 0.1093 0.6904
vn -0.7152 0.1093 0.6903
vn -0.7152 -0.1094 0.6903
vn -0.7151 -0.1094 0.6904
vn -0.7151 -0.3174 0.6228
vn -0.7147 -0.3176 0.6231
vn -0.7148 -0.4946 0.4945
vn -0.7147 -0.4946 0.4945
vn -0.7148 -0.6231 0.3174
vn -0.7152 -0.6228 0.3173
vn -0.7151 -0.6904 0.1093
vn -0.7150 -0.6905 0.1093
vn -0.7150 -0.6905 -0.1094
vn -0.7151 -0.6904 -0.1094
vn -0.7152 -0.6228 -0.3174
vn -0.7151 -0.6228 -0.3174
vn 0.0116 0.7578 -0.6524
vn 0.0092 0.7519 -0.6592
vn 0.0116 0.6660 -0.7458
vn 0.0092 0.6593 -0.7518
vn -0.1469 0.7438 -0.6521
vn -0.2326 0.6412 -0.7312
vn -0.1943 0.6598 -0.7259
vn -0.8670 0.3524 -0.3524
vn -0.8430 0.3615 -0.3983
vn 0.4869 0.6619 -0.5699
vn 0.4705 0.6731 -0.5706
vn 0.4552 0.5931 -0.6641
vn 0.7631 0.4927 -0.4181
vn 0.8401 0.3608 -0.4050
vn 0.7898 0.3903 -0.4732
vn 0.5099 0.5491 -0.6622
vn 0.0116 0.9008 -0.4341
vn 0.0092 0.8969 -0.4421
vn 0.0116 0.8364 -0.5480
vn 0.0092 0.8315 -0.5555
vn -0.1470 0.8872 -0.4373
vn -0.2327 0.8087 -0.5403
vn -0.2524 0.7995 -0.5450
vn -0.8669 0.4317 -0.2492
vn -0.8271 0.4644 -0.3165
vn 0.4557 0.8018 -0.3866
vn 0.5124 0.7587 -0.4022
vn 0.4122 0.7620 -0.4994
vn 0.7694 0.5645 -0.2989
vn 0.8565 0.4315 -0.2831
vn 0.0116 0.8264 0.5630
vn 0.0092 0.8314 0.5556
vn 0.0116 0.8928 0.4503
vn 0.0092 0.8968 0.4423
vn -0.2324 0.8087 0.5404
vn -0.1943 0.8058 0.5593
vn -0.1946 0.8797 0.4339
vn -0.2370 0.8830 0.4052
vn -0.8369 0.4502 0.3113
vn -0.8657 0.4336 0.2503
vn -0.8320 0.5041 0.2316
vn 0.4095 0.7540 0.5137
vn 0.4909 0.7779 0.3924
vn 0.8071 0.5237 0.2724
vn 0.4708 0.7841 0.4044
vn 0.8437 0.4833 0.2338
vn 0.0116 0.6525 0.7577
vn 0.0092 0.6593 0.7518
vn 0.0116 0.7458 0.6661
vn 0.0092 0.7517 0.6594
vn -0.1946 0.6467 0.7375
vn -0.2368 0.6607 0.7123
vn -0.1470 0.7436 0.6523
vn -0.8427 0.3654 0.3953
vn -0.8645 0.3554 0.3555
vn 0.4873 0.5698 0.6618
vn 0.4710 0.5705 0.6728
vn 0.4556 0.6640 0.5929
vn 0.7631 0.4182 0.4927
vn 0.8401 0.4050 0.3609
vn 0.7896 0.4734 0.3904
vn 0.5100 0.6621 0.5491
vn 0.0116 0.4342 0.9007
vn 0.0092 0.4423 0.8968
vn 0.0116 0.5480 0.8364
vn 0.0092 0.5555 0.8314
vn -0.1470 0.4375 0.8871
vn -0.2326 0.5403 0.8087
vn -0.1943 0.5304 0.8252
vn -0.8669 0.2492 0.4318
vn -0.8429 0.2912 0.4524
vn 0.4556 0.3864 0.8019
vn 0.5126 0.4021 0.7587
vn 0.4123 0.4993 0.7620
vn 0.7695 0.2989 0.5644
vn 0.8565 0.2831 0.4316
vn 0.0116 -0.5631 0.8263
vn 0.0092 -0.5557 0.8313
vn 0.0116 -0.4503 0.8928
vn 0.0092 -0.4423 0.8968
vn -0.2322 -0.5406 0.8086
vn -0.2524 -0.5300 0.8096
vn -0.1472 -0.4375 0.8871
vn -0.8318 -0.3040 0.4644
vn -0.8645 -0.2514 0.4353
vn 0.4914 -0.3921 0.7777
vn 0.4712 -0.4042 0.7840
vn 0.7894 -0.2830 0.5447
vn 0.4097 -0.5138 0.7538
vn 0.8408 -0.3124 0.4421
vn 0.8355 -0.2283 0.4998
vn 0.0116 -0.9824 0.1862
vn 0.0092 -0.9808 0.1950
vn 0.0116 -0.9497 0.3128
vn 0.0092 -0.9469 0.3214
vn -0.2323 -0.9540 0.1896
vn -0.1945 -0.9653 0.1744
vn -0.1948 -0.9288 0.3152
vn -0.2371 -0.9109 0.3378
vn -0.8370 -0.5384 0.0983
vn -0.8656 -0.4836 0.1296
vn -0.8320 -0.5203 0.1927
vn 0.4095 -0.8963 0.1699
vn 0.4907 -0.8276 0.2725
vn 0.7913 -0.5830 0.1843
vn 0.4710 -0.8403 0.2685
vn 0.8140 -0.5505 0.1853
vn 0.0116 -0.9972 -0.0744
vn 0.0092 -0.9978 -0.0655
vn 0.0116 -0.9983 0.0564
vn 0.0092 -0.9978 0.0653
vn -0.2323 -0.9706 -0.0637
vn -0.2523 -0.9661 -0.0542
vn -0.1470 -0.9870 0.0646
vn -0.8318 -0.5541 -0.0311
vn -0.8645 -0.5026 -0.0000
vn 0.4874 -0.8708 -0.0649
vn 0.4708 -0.8793 -0.0724
vn 0.4554 -0.8889 0.0502
vn 0.7631 -0.6441 -0.0527
vn 0.8448 -0.5339 0.0371
vn 0.8106 -0.5828 0.0562
vn 0.5101 -0.8564 0.0800
vn 0.0116 -0.9439 -0.3299
vn 0.0092 -0.9469 -0.3215
vn 0.0116 -0.9789 -0.2040
vn 0.0092 -0.9807 -0.1952
vn -0.2323 -0.9210 -0.3127
vn -0.2524 -0.9192 -0.3024
vn -0.1471 -0.9701 -0.1931
vn -0.8319 -0.5272 -0.1734
vn -0.8645 -0.4855 -0.1302
vn 0.4554 -0.8404 -0.2937
vn 0.5123 -0.8210 -0.2521
vn 0.4123 -0.8919 -0.1859
vn 0.7696 -0.6103 -0.1877
vn 0.8566 -0.5052 -0.1050
vn 0.0116 -0.6525 -0.7577
vn 0.0092 -0.6593 -0.7519
vn 0.0116 -0.7458 -0.6661
vn 0.0092 -0.7517 -0.6594
vn -0.2320 -0.6413 -0.7314
vn -0.2525 -0.6450 -0.7213
vn -0.1472 -0.7436 -0.6523
vn -0.8318 -0.3700 -0.4137
vn -0.8644 -0.3555 -0.3556
vn 0.4872 -0.5698 -0.6618
vn 0.4710 -0.5705 -0.6728
vn 0.4556 -0.6640 -0.5929
vn 0.7632 -0.4181 -0.4926
vn 0.8401 -0.4050 -0.3609
vn 0.7896 -0.4733 -0.3904
vn 0.5100 -0.6621 -0.5491
vn 0.0116 -0.4343 -0.9007
vn 0.0092 -0.4425 -0.8967
vn 0.0116 -0.5479 -0.8364
vn 0.0092 -0.5554 -0.8315
vn -0.2325 -0.4304 -0.8722
vn -0.2522 -0.4363 -0.8638
vn -0.1469 -0.5494 -0.8226
vn -0.8318 -0.2502 -0.4955
vn -0.8644 -0.2513 -0.4354
vn 0.4557 -0.3864 -0.8019
vn 0.5127 -0.4021 -0.7586
vn 0.4123 -0.4994 -0.7620
vn 0.7697 -0.2988 -0.5642
vn 0.8567 -0.2829 -0.4314
vn 0.0116 0.0744 -0.9972
vn 0.0092 0.0655 -0.9978
vn 0.0116 -0.0563 -0.9983
vn 0.0092 -0.0652 -0.9978
vn -0.2324 0.0637 -0.9705
vn -0.2526 0.0541 -0.9661
vn -0.1474 -0.0645 -0.9870
vn -0.8318 0.0310 -0.5541
vn -0.8645 -0.0000 -0.5027
vn 0.4873 0.0652 -0.8708
vn 0.4710 0.0725 -0.8791
vn 0.4556 -0.0502 -0.8888
vn 0.7634 0.0528 -0.6437
vn 0.8403 -0.0312 -0.5412
vn 0.7895 -0.0588 -0.6109
vn 0.5105 -0.0801 -0.8562
vn 0.0116 0.3299 -0.9440
vn 0.0092 0.3214 -0.9469
vn 0.0116 0.2040 -0.9789
vn 0.0092 0.1952 -0.9807
vn -0.2325 0.3126 -0.9210
vn -0.2523 0.3024 -0.9192
vn -0.1471 0.1931 -0.9701
vn -0.8318 0.1735 -0.5273
vn -0.8645 0.1301 -0.4855
vn 0.4556 0.2936 -0.8404
vn 0.5122 0.2521 -0.8210
vn 0.4123 0.1860 -0.8919
vn 0.7694 0.1878 -0.6106
vn 0.8565 0.1050 -0.5053
vn 0.9848 0.0668 0.1601
vn 0.9844 0.0686 0.1618
vn 0.8764 0.2541 0.4091
vn 0.8434 0.3365 0.4189
vn 0.9866 0.1012 0.1278
vn 0.9833 0.1245 0.1325
vn 0.9879 0.1208 0.0973
vn 0.9847 0.1609 0.0668
vn 0.9840 0.1650 0.0668
vn 0.8337 0.5482 0.0664
vn 0.9869 0.1604 0.0198
vn 0.9835 0.1808 0.0062
vn 0.8811 0.4051 0.2442
vn 0.8458 0.4154 0.3349
vn 0.8675 0.3748 0.3272
vn 0.8679 0.3280 0.3732
vn 0.8696 0.4929 0.0288
vn 0.8364 0.2061 0.5078
vn 0.8790 0.1150 0.4628
vn 0.8435 0.0561 0.5342
vn 0.9879 0.0159 0.1542
vn 0.8570 0.0420 0.5135
vn 0.8310 0.2119 0.5143
vn 0.9835 -0.0057 0.1810
vn 0.9863 -0.0171 0.1638
vn 0.8731 -0.1111 0.4748
vn 0.8568 -0.0405 0.5140
vn 0.8407 -0.0570 0.5386
vn 0.8296 -0.2021 0.5205
vn 0.8167 -0.1997 0.5413
vn 0.8167 -0.3195 0.4805
vn 0.8224 -0.3115 0.4760
vn 0.9884 -0.0844 0.1262
vn 0.9838 -0.1305 0.1226
vn 0.9855 -0.1272 0.1120
vn 0.9870 -0.1390 0.0811
vn 0.9834 -0.1649 0.0752
vn 0.8241 -0.4242 0.3755
vn 0.8241 -0.4892 0.2857
vn 0.8076 -0.5048 0.3048
vn 0.8537 -0.4811 0.1993
vn 0.8024 -0.5753 0.1590
vn 0.9880 -0.1488 0.0412
vn 0.8281 -0.5449 0.1318
vn 0.8277 -0.5603 0.0323
vn 0.9847 -0.1738 0.0115
vn 0.9833 -0.1818 0.0082
vn 0.8411 -0.3987 0.3656
vn 0.8693 -0.3215 0.3753
vn 0.7950 -0.6044 0.0520
vn 0.8482 -0.5277 -0.0460
vn 0.7729 -0.6168 -0.1492
vn 0.7811 -0.6077 -0.1438
vn 0.9889 -0.1445 -0.0353
vn 0.8537 -0.4810 -0.1994
vn 0.9805 -0.1791 -0.0815
vn 0.9877 -0.1321 -0.0837
vn 0.9841 -0.1201 -0.1309
vn 0.9867 -0.1029 -0.1261
vn 0.8017 -0.3863 -0.4562
vn 0.8576 -0.2679 -0.4390
vn 0.8076 -0.5048 -0.3049
vn 0.7590 -0.5452 -0.3560
vn 0.7975 -0.3882 -0.4618
vn 0.8381 -0.4159 -0.3531
vn 0.9844 -0.0685 -0.1618
vn 0.8151 -0.2266 -0.5331
vn 0.8158 -0.1334 -0.5627
vn 0.7963 -0.1260 -0.5916
vn 0.9883 -0.0311 -0.1493
vn 0.8474 -0.0393 -0.5295
vn 0.7853 0.0488 -0.6172
vn 0.9861 0.0133 -0.1657
vn 0.9839 0.0081 -0.1788
vn 0.7792 0.0469 -0.6250
vn 0.8484 0.1221 -0.5152
vn 0.7877 0.2408 -0.5671
vn 0.8576 0.2680 -0.4390
vn 0.8017 0.2279 -0.5525
vn 0.8095 0.3719 -0.4543
vn 0.9877 0.0978 -0.1223
vn 0.9820 0.1473 -0.1181
vn 0.9814 0.1492 -0.1212
vn 0.9886 0.1366 -0.0632
vn 0.8229 0.5240 -0.2195
vn 0.8794 0.4638 -0.1074
vn 0.8442 0.5333 -0.0529
vn 0.9857 0.1681 -0.0092
vn 0.8558 0.4477 -0.2590
vn 0.7971 0.4682 -0.3814
vn 0.8170 0.4385 -0.3745
vn 0.8198 0.3685 -0.4384
vn 0.8058 0.5495 -0.2208
vn 0.8699 0.4926 -0.0254
vn 0.9690 -0.2468 0.0135
vn 0.9837 -0.1798 -0.0096
vn 0.9713 -0.2332 -0.0474
vn 0.9858 -0.1556 -0.0628
vn 0.9737 -0.2047 -0.1001
vn 0.9689 -0.1846 -0.1645
vn 0.9847 -0.1192 -0.1273
vn 0.9713 -0.1314 -0.1984
vn 0.9858 -0.0656 -0.1544
vn 0.9737 -0.0740 -0.2156
vn 0.9689 -0.0142 -0.2470
vn 0.9847 0.0057 -0.1743
vn 0.9713 0.0474 -0.2330
vn 0.9844 -0.0661 0.1633
vn 0.9824 -0.0661 0.1746
vn 0.9858 0.0627 -0.1555
vn 0.9737 0.1002 -0.2047
vn 0.9689 0.1645 -0.1846
vn 0.9847 0.1272 -0.1192
vn 0.9713 0.1984 -0.1313
vn 0.9850 0.1576 -0.0703
vn 0.9724 0.2208 -0.0758
vn 0.9826 0.1855 -0.0097
vn 0.9835 0.1805 -0.0104
vn 0.9611 0.2705 0.0553
vn 0.9863 0.1505 0.0675
vn 0.9812 0.1732 0.0850
vn 0.9669 0.1904 0.1696
vn 0.9837 0.1203 0.1336
vn 0.9713 0.1313 0.1984
vn 0.9858 0.0657 0.1545
vn 0.9737 0.0740 0.2156
vn 0.9689 0.0143 0.2470
vn 0.9865 -0.0087 0.1633
vn 0.9712 -0.0475 0.2337
vn 0.9864 0.0639 -0.1514
vn 0.9830 0.0805 -0.1649
vn 0.9839 -0.0762 0.1618
vn 0.9845 -0.0740 0.1590
vn 0.9678 -0.1454 0.2054
vn 0.9816 -0.1442 0.1248
vn 0.9877 -0.1229 0.0968
vn 0.9640 -0.2369 0.1203
vn 0.9265 -0.2778 -0.2540
vn 0.9974 0.0716 -0.0120
vn 0.9850 0.0968 0.1428
vn 0.8412 0.4983 0.2101
vn 0.8373 0.5046 0.2104
vn 0.8730 0.4740 0.1145
vn 0.8097 -0.2331 -0.5386
vn 0.9826 -0.0762 -0.1695
s 0
f 12//1 2//1 9//1
f 9//2 2//2 1//2
f 1//3 2//3 3//3
f 1//4 3//4 4//4
f 1//5 4//5 7//5
f 4//6 5//6 7//6
f 7//7 5//7 6//7
f 7//8 6//8 9//8
f 9//9 6//9 10//9
f 1//10 7//10 9//10
f 10//11 12//11 9//11
f 10//12 6//12 11//12
f 11//13 6//13 8//13
f 11//14 13//14 14//14
f 11//15 8//15 13//15
f 11//16 14//16 15//16
f 11//17 15//17 16//17
f 11//18 17//18 10//18
f 11//19 16//19 17//19
f 25//20 18//20 28//20
f 18//21 19//21 28//21
f 19//22 31//22 28//22
f 24//23 23//23 25//23
f 22//24 20//24 21//24
f 26//25 23//25 22//25
f 25//26 23//26 26//26
f 26//27 22//27 21//27
f 25//28 26//28 18//28
f 28//29 27//29 25//29
f 19//30 29//30 31//30
f 18//31 30//31 19//31
f 5//32 8//32 6//32
f 34//33 35//33 36//33
f 125//34 41//34 42//34
f 44//35 46//35 45//35
f 47//36 44//36 45//36
f 48//37 47//37 45//37
f 49//38 47//38 48//38
f 51//39 50//39 48//39
f 52//40 50//40 53//40
f 54//41 50//41 52//41
f 55//42 50//42 54//42
f 50//43 55//43 48//43
f 48//44 55//44 49//44
f 56//45 52//45 53//45
f 56//46 53//46 57//46
f 58//47 56//47 57//47
f 58//48 57//48 59//48
f 60//49 61//49 62//49
f 61//50 63//50 62//50
f 66//51 141//51 65//51
f 67//52 66//52 65//52
f 68//53 66//53 67//53
f 69//54 68//54 67//54
f 67//55 70//55 69//55
f 71//56 69//56 70//56
f 72//57 73//57 74//57
f 75//58 72//58 74//58
f 72//59 76//59 73//59
f 76//60 77//60 73//60
f 78//61 77//61 76//61
f 79//62 77//62 78//62
f 77//63 79//63 32//63
f 82//64 80//64 81//64
f 80//65 82//65 83//65
f 81//66 80//66 32//66
f 79//67 81//67 32//67
f 84//68 82//68 33//68
f 85//69 82//69 84//69
f 83//70 82//70 85//70
f 75//71 74//71 86//71
f 87//72 75//72 86//72
f 88//73 87//73 86//73
f 35//74 87//74 88//74
f 36//75 35//75 88//75
f 90//76 91//76 89//76
f 90//77 92//77 91//77
f 92//78 93//78 91//78
f 93//79 92//79 94//79
f 92//80 95//80 94//80
f 96//81 94//81 95//81
f 97//82 96//82 95//82
f 98//83 96//83 97//83
f 96//84 98//84 37//84
f 101//85 99//85 100//85
f 99//86 101//86 102//86
f 100//87 99//87 37//87
f 98//88 100//88 37//88
f 102//89 101//89 38//89
f 103//90 90//90 89//90
f 104//91 103//91 89//91
f 105//92 103//92 104//92
f 105//93 104//93 106//93
f 107//94 105//94 106//94
f 109//95 110//95 108//95
f 110//96 111//96 108//96
f 110//97 112//97 111//97
f 110//98 113//98 112//98
f 112//99 113//99 114//99
f 113//100 115//100 114//100
f 116//101 114//101 115//101
f 117//102 116//102 115//102
f 116//103 117//103 39//103
f 120//104 118//104 119//104
f 118//105 120//105 121//105
f 119//106 118//106 39//106
f 117//107 119//107 39//107
f 120//108 40//108 122//108
f 121//109 120//109 122//109
f 123//110 109//110 108//110
f 41//111 109//111 123//111
f 123//112 42//112 41//112
f 123//113 124//113 42//113
f 46//114 44//114 43//114
f 126//115 58//115 59//115
f 63//116 126//116 59//116
f 61//117 126//117 63//117
f 128//118 127//118 64//118
f 129//119 64//119 127//119
f 129//120 127//120 131//120
f 129//121 131//121 130//121
f 132//122 130//122 131//122
f 133//123 130//123 132//123
f 135//124 134//124 132//124
f 134//125 136//125 137//125
f 138//126 134//126 137//126
f 133//127 134//127 138//127
f 134//128 133//128 132//128
f 139//129 137//129 136//129
f 139//130 136//130 140//130
f 141//131 139//131 140//131
f 141//132 140//132 65//132
f 143//133 144//133 142//133
f 144//134 145//134 142//134
f 146//135 147//135 148//135
f 148//136 149//136 146//136
f 149//137 148//137 150//137
f 151//138 149//138 150//138
f 151//139 150//139 152//139
f 151//140 152//140 153//140
f 155//141 156//141 154//141
f 156//142 157//142 154//142
f 156//143 158//143 157//143
f 158//144 159//144 157//144
f 160//145 162//145 161//145
f 162//146 163//146 161//146
f 165//147 167//147 164//147
f 167//148 166//148 164//148
f 171//149 170//149 172//149
f 170//150 173//150 172//150
f 82//151 171//151 33//151
f 171//152 172//152 33//152
f 174//153 175//153 170//153
f 176//154 170//154 171//154
f 176//155 174//155 170//155
f 513//156 176//156 171//156
f 170//157 177//157 173//157
f 177//158 178//158 173//158
f 170//159 175//159 177//159
f 181//160 179//160 180//160
f 512//161 181//161 180//161
f 175//162 174//162 182//162
f 175//162 182//162 177//162
f 179//163 174//163 176//163
f 181//162 174//162 179//162
f 597//162 174//162 181//162
f 182//162 174//162 584//162
f 177//162 182//162 178//162
f 173//164 178//164 182//164
f 173//165 182//165 183//165
f 173//166 183//166 184//166
f 185//167 172//167 173//167
f 185//168 173//168 184//168
f 454//169 187//169 185//169
f 187//170 186//170 185//170
f 186//171 172//171 185//171
f 172//172 186//172 33//172
f 33//173 186//173 187//173
f 84//174 33//174 187//174
f 84//175 187//175 83//175
f 187//176 188//176 83//176
f 188//177 80//177 83//177
f 188//178 190//178 80//178
f 32//179 80//179 190//179
f 191//180 32//180 190//180
f 190//181 188//181 192//181
f 188//182 189//182 192//182
f 190//183 192//183 169//183
f 191//184 190//184 193//184
f 194//185 191//185 193//185
f 193//186 71//186 194//186
f 193//187 190//187 169//187
f 169//188 168//188 193//188
f 193//189 168//189 69//189
f 71//190 193//190 69//190
f 71//191 70//191 194//191
f 196//192 195//192 32//192
f 32//193 195//193 77//193
f 77//194 195//194 73//194
f 195//195 197//195 73//195
f 73//196 197//196 74//196
f 197//197 198//197 74//197
f 74//198 198//198 86//198
f 199//199 98//199 200//199
f 98//200 201//200 200//200
f 201//201 98//201 202//201
f 98//202 97//202 202//202
f 97//203 203//203 202//203
f 204//204 205//204 115//204
f 206//205 205//205 204//205
f 207//206 115//206 205//206
f 115//207 207//207 208//207
f 209//208 117//208 208//208
f 117//209 209//209 210//209
f 211//210 117//210 210//210
f 117//211 211//211 119//211
f 211//212 212//212 119//212
f 119//213 212//213 120//213
f 212//214 213//214 120//214
f 213//215 214//215 120//215
f 213//216 215//216 214//216
f 216//217 214//217 215//217
f 120//218 214//218 40//218
f 214//219 218//219 40//219
f 214//220 219//220 218//220
f 219//221 220//221 218//221
f 214//222 221//222 219//222
f 214//223 217//223 222//223
f 222//224 223//224 214//224
f 223//225 221//225 214//225
f 219//226 224//226 220//226
f 224//227 225//227 220//227
f 226//228 223//228 222//228
f 222//229 227//229 226//229
f 227//230 222//230 228//230
f 227//231 228//231 229//231
f 228//232 222//232 230//232
f 222//233 217//233 230//233
f 230//234 217//234 231//234
f 231//235 217//235 232//235
f 232//236 217//236 233//236
f 233//237 217//237 234//237
f 217//238 235//238 234//238
f 235//239 217//239 216//239
f 236//240 235//240 216//240
f 236//241 237//241 235//241
f 237//242 238//242 235//242
f 237//243 239//243 238//243
f 238//244 239//244 240//244
f 240//245 241//245 238//245
f 240//246 242//246 241//246
f 234//247 238//247 243//247
f 235//248 238//248 234//248
f 243//249 238//249 244//249
f 244//250 238//250 245//250
f 238//251 241//251 245//251
f 245//252 241//252 246//252
f 247//253 241//253 242//253
f 241//254 247//254 248//254
f 248//255 249//255 241//255
f 250//256 49//256 251//256
f 49//257 252//257 251//257
f 252//258 49//258 253//258
f 253//259 49//259 254//259
f 254//260 54//260 253//260
f 54//261 255//261 253//261
f 137//262 256//262 138//262
f 258//263 285//263 257//263
f 270//264 261//264 260//264
f 258//265 262//265 260//265
f 264//266 263//266 261//266
f 264//267 261//267 270//267
f 260//268 262//268 270//268
f 258//269 265//269 262//269
f 265//270 258//270 259//270
f 259//271 258//271 266//271
f 258//272 257//272 266//272
f 259//273 266//273 267//273
f 267//274 269//274 270//274
f 271//275 270//275 269//275
f 270//276 272//276 268//276
f 268//277 267//277 270//277
f 259//278 267//278 268//278
f 268//279 273//279 259//279
f 273//280 274//280 259//280
f 274//281 275//281 259//281
f 276//282 273//282 268//282
f 277//283 276//283 268//283
f 272//284 277//284 268//284
f 262//285 277//285 272//285
f 278//286 277//286 262//286
f 279//287 278//287 262//287
f 265//288 279//288 262//288
f 259//289 279//289 265//289
f 280//290 279//290 259//290
f 275//291 280//291 259//291
f 272//292 270//292 262//292
f 270//275 271//275 264//275
f 264//293 295//293 263//293
f 295//294 281//294 263//294
f 263//295 281//295 261//295
f 281//296 282//296 261//296
f 261//297 282//297 260//297
f 282//298 283//298 260//298
f 283//299 284//299 260//299
f 260//300 284//300 285//300
f 285//301 258//301 260//301
f 284//302 286//302 285//302
f 285//303 286//303 257//303
f 286//304 287//304 257//304
f 266//305 288//305 267//305
f 288//306 289//306 267//306
f 267//307 289//307 269//307
f 289//308 290//308 269//308
f 290//309 291//309 269//309
f 291//310 292//310 269//310
f 269//311 292//311 271//311
f 292//312 293//312 271//312
f 293//313 294//313 271//313
f 294//314 295//314 271//314
f 271//315 295//315 264//315
f 297//316 299//316 296//316
f 299//317 298//317 296//317
f 300//318 299//318 297//318
f 301//319 300//319 297//319
f 302//320 300//320 301//320
f 303//321 302//321 301//321
f 304//322 302//322 303//322
f 305//323 304//323 303//323
f 306//324 305//324 303//324
f 308//325 305//325 306//325
f 307//326 308//326 306//326
f 311//327 308//327 307//327
f 309//328 308//328 311//328
f 307//329 306//329 303//329
f 310//330 307//330 303//330
f 310//331 303//331 301//331
f 310//332 311//332 307//332
f 310//333 313//333 311//333
f 311//334 313//334 314//334
f 313//335 316//335 315//335
f 316//336 313//336 310//336
f 319//337 317//337 312//337
f 317//338 319//338 318//338
f 301//339 312//339 310//339
f 319//340 312//340 301//340
f 297//341 319//341 301//341
f 319//342 297//342 296//342
f 319//343 296//343 320//343
f 318//344 319//344 320//344
f 320//345 313//345 315//345
f 320//346 321//346 313//346
f 322//347 321//347 320//347
f 323//348 322//348 320//348
f 296//349 323//349 320//349
f 298//350 323//350 296//350
f 324//351 309//351 311//351
f 325//352 324//352 311//352
f 314//353 325//353 311//353
f 326//354 325//354 314//354
f 327//355 326//355 314//355
f 321//356 327//356 314//356
f 313//357 321//357 314//357
f 329//358 328//358 315//358
f 316//359 329//359 315//359
f 312//360 329//360 316//360
f 330//361 329//361 312//361
f 316//362 310//362 312//362
f 331//363 330//363 312//363
f 317//364 331//364 312//364
f 332//365 331//365 317//365
f 318//366 332//366 317//366
f 332//367 318//367 320//367
f 315//368 333//368 332//368
f 332//369 320//369 315//369
f 328//370 333//370 315//370
f 335//371 336//371 334//371
f 336//372 335//372 337//372
f 335//373 334//373 338//373
f 339//374 335//374 338//374
f 340//375 335//375 339//375
f 335//376 340//376 341//376
f 335//377 341//377 337//377
f 337//378 341//378 342//378
f 342//379 343//379 337//379
f 342//380 344//380 343//380
f 344//381 345//381 343//381
f 347//382 346//382 345//382
f 344//383 347//383 345//383
f 345//384 346//384 343//384
f 346//385 348//385 343//385
f 349//386 347//386 344//386
f 350//387 347//387 349//387
f 342//388 349//388 344//388
f 351//389 350//389 349//389
f 352//390 351//390 349//390
f 353//391 352//391 349//391
f 349//392 354//392 353//392
f 342//393 354//393 349//393
f 355//394 352//394 353//394
f 354//395 357//395 356//395
f 357//396 354//396 342//396
f 357//397 342//397 341//397
f 339//398 358//398 340//398
f 358//399 359//399 340//399
f 340//400 359//400 341//400
f 359//401 360//401 341//401
f 360//402 361//402 341//402
f 341//403 361//403 357//403
f 357//404 361//404 356//404
f 361//405 362//405 356//405
f 356//406 362//406 358//406
f 358//407 338//407 356//407
f 358//408 339//408 338//408
f 338//409 354//409 356//409
f 363//410 355//410 353//410
f 364//411 363//411 353//411
f 354//412 364//412 353//412
f 338//413 364//413 354//413
f 365//414 364//414 338//414
f 366//415 365//415 338//415
f 334//416 366//416 338//416
f 370//417 366//417 334//417
f 348//418 367//418 343//418
f 343//419 367//419 337//419
f 367//420 368//420 337//420
f 337//421 368//421 336//421
f 368//422 369//422 336//422
f 336//423 369//423 334//423
f 369//424 370//424 334//424
f 372//425 371//425 373//425
f 374//426 372//426 373//426
f 372//427 375//427 371//427
f 387//428 377//428 376//428
f 372//429 378//429 396//429
f 379//430 376//430 396//430
f 396//431 378//431 379//431
f 372//432 380//432 378//432
f 380//433 372//433 374//433
f 382//434 373//434 381//434
f 381//435 401//435 382//435
f 383//436 384//436 385//436
f 384//437 386//437 385//437
f 385//438 381//438 383//438
f 379//439 381//439 385//439
f 379//440 385//440 387//440
f 379//441 387//441 376//441
f 385//442 400//442 387//442
f 388//443 400//443 385//443
f 386//444 388//444 385//444
f 371//445 389//445 373//445
f 389//446 390//446 373//446
f 390//447 391//447 373//447
f 373//448 391//448 381//448
f 381//449 391//449 383//449
f 391//450 392//450 383//450
f 392//451 393//451 383//451
f 393//452 384//452 383//452
f 375//453 394//453 371//453
f 394//454 389//454 371//454
f 395//455 394//455 375//455
f 396//456 395//456 375//456
f 397//457 395//457 396//457
f 376//458 397//458 396//458
f 398//459 397//459 376//459
f 399//460 398//460 376//460
f 377//461 399//461 376//461
f 400//462 399//462 377//462
f 387//463 400//463 377//463
f 401//464 379//464 378//464
f 401//465 381//465 379//465
f 402//466 373//466 382//466
f 402//467 374//467 373//467
f 374//468 402//468 380//468
f 402//469 403//469 380//469
f 380//470 403//470 378//470
f 403//471 404//471 378//471
f 404//472 405//472 378//472
f 378//473 405//473 401//473
f 401//474 405//474 382//474
f 405//475 406//475 382//475
f 406//476 407//476 382//476
f 382//477 407//477 402//477
f 427//478 409//478 408//478
f 410//479 413//479 408//479
f 410//480 412//480 415//480
f 414//481 410//481 415//481
f 416//482 410//482 414//482
f 410//483 416//483 413//483
f 408//484 413//484 427//484
f 417//485 409//485 427//485
f 415//486 418//486 419//486
f 418//487 420//487 419//487
f 420//488 426//488 419//488
f 426//489 421//489 419//489
f 421//490 422//490 419//490
f 419//491 422//491 423//491
f 423//492 414//492 415//492
f 423//493 415//493 419//493
f 414//494 423//494 416//494
f 423//495 424//495 416//495
f 416//496 424//496 413//496
f 424//497 425//497 413//497
f 425//498 426//498 413//498
f 413//499 426//499 420//499
f 420//500 427//500 413//500
f 420//501 418//501 427//501
f 417//502 411//502 409//502
f 417//503 428//503 411//503
f 428//504 439//504 411//504
f 429//505 428//505 417//505
f 444//506 428//506 429//506
f 427//507 429//507 417//507
f 429//508 427//508 418//508
f 429//509 418//509 430//509
f 412//510 434//510 415//510
f 434//511 432//511 415//511
f 432//512 431//512 415//512
f 415//513 431//513 418//513
f 433//514 410//514 408//514
f 410//515 433//515 412//515
f 433//516 435//516 412//516
f 435//517 434//517 412//517
f 436//518 435//518 433//518
f 408//519 436//519 433//519
f 437//520 436//520 408//520
f 438//521 437//521 408//521
f 409//522 438//522 408//522
f 439//523 438//523 409//523
f 411//524 439//524 409//524
f 431//525 440//525 430//525
f 418//526 431//526 430//526
f 440//527 441//527 430//527
f 441//528 442//528 430//528
f 430//529 442//529 429//529
f 442//530 443//530 429//530
f 443//531 444//531 429//531
f 446//532 445//532 189//532
f 447//533 168//533 169//533
f 448//534 447//534 169//534
f 449//535 448//535 169//535
f 450//536 449//536 169//536
f 450//537 169//537 192//537
f 451//538 450//538 192//538
f 452//539 451//539 192//539
f 452//540 192//540 189//540
f 445//541 452//541 189//541
f 168//542 453//542 69//542
f 762//543 455//543 454//543
f 454//544 455//544 187//544
f 455//545 456//545 187//545
f 458//546 457//546 455//546
f 762//547 458//547 455//547
f 455//548 457//548 456//548
f 457//549 459//549 456//549
f 458//162 764//162 457//162
f 457//162 764//162 459//162
f 460//550 461//550 67//550
f 462//551 460//551 65//551
f 65//552 460//552 67//552
f 463//553 464//553 171//553
f 465//554 171//554 464//554
f 171//555 465//555 466//555
f 467//556 466//556 465//556
f 468//557 467//557 465//557
f 468//558 469//558 467//558
f 469//559 470//559 467//559
f 469//560 471//560 470//560
f 470//561 471//561 472//561
f 472//562 473//562 470//562
f 472//563 474//563 473//563
f 475//564 473//564 474//564
f 473//565 475//565 476//565
f 476//566 477//566 473//566
f 479//567 473//567 478//567
f 470//568 473//568 479//568
f 480//569 470//569 479//569
f 481//570 470//570 480//570
f 482//571 470//571 481//571
f 467//572 470//572 482//572
f 466//573 467//573 482//573
f 483//574 466//574 482//574
f 484//575 466//575 483//575
f 485//576 466//576 484//576
f 486//577 466//577 485//577
f 513//578 466//578 486//578
f 463//579 171//579 82//579
f 487//580 463//580 82//580
f 81//581 487//581 82//581
f 488//582 487//582 81//582
f 79//583 488//583 81//583
f 488//584 79//584 489//584
f 79//585 490//585 489//585
f 490//586 79//586 491//586
f 79//587 78//587 491//587
f 78//588 492//588 491//588
f 492//589 78//589 493//589
f 494//590 493//590 76//590
f 76//591 493//591 78//591
f 495//592 76//592 72//592
f 494//593 76//593 495//593
f 72//594 496//594 495//594
f 497//595 496//595 72//595
f 498//596 477//596 476//596
f 475//597 498//597 476//597
f 474//598 75//598 475//598
f 474//599 497//599 75//599
f 75//600 497//600 72//600
f 500//601 189//601 188//601
f 188//602 187//602 500//602
f 499//603 189//603 500//603
f 501//604 499//604 500//604
f 187//605 456//605 500//605
f 456//606 502//606 500//606
f 500//607 503//607 501//607
f 502//608 503//608 500//608
f 456//609 459//609 502//609
f 459//162 764//162 502//162
f 502//162 504//162 503//162
f 502//162 764//162 504//162
f 503//610 504//610 501//610
f 68//611 453//611 505//611
f 68//612 505//612 66//612
f 505//613 506//613 66//613
f 168//614 447//614 453//614
f 505//615 507//615 506//615
f 507//616 508//616 506//616
f 508//617 509//617 506//617
f 506//618 509//618 510//618
f 448//619 507//619 505//619
f 447//620 448//620 505//620
f 505//621 453//621 447//621
f 506//622 510//622 141//622
f 66//623 506//623 141//623
f 513//624 511//624 512//624
f 171//625 466//625 513//625
f 180//626 176//626 513//626
f 180//627 179//627 176//627
f 514//628 513//628 486//628
f 511//629 513//629 514//629
f 511//630 514//630 515//630
f 477//631 478//631 473//631
f 518//632 517//632 499//632
f 517//633 189//633 499//633
f 517//634 516//634 189//634
f 446//635 189//635 516//635
f 67//636 461//636 70//636
f 461//637 519//637 70//637
f 70//638 519//638 194//638
f 519//639 520//639 194//639
f 194//640 520//640 191//640
f 191//641 520//641 32//641
f 520//642 196//642 32//642
f 523//643 521//643 524//643
f 525//644 521//644 523//644
f 521//645 522//645 524//645
f 527//646 525//646 526//646
f 527//647 521//647 525//647
f 528//648 521//648 529//648
f 521//649 527//649 529//649
f 529//650 530//650 528//650
f 530//651 532//651 528//651
f 528//652 533//652 531//652
f 531//653 533//653 534//653
f 533//654 535//654 534//654
f 535//655 657//655 534//655
f 531//656 521//656 528//656
f 537//657 535//657 533//657
f 528//658 537//658 533//658
f 534//659 536//659 538//659
f 532//660 537//660 528//660
f 538//661 539//661 540//661
f 534//662 538//662 541//662
f 531//663 534//663 541//663
f 531//664 541//664 38//664
f 101//665 531//665 38//665
f 531//666 522//666 521//666
f 524//667 522//667 542//667
f 542//668 522//668 543//668
f 543//669 522//669 544//669
f 522//670 545//670 544//670
f 544//671 545//671 546//671
f 545//672 547//672 546//672
f 546//673 547//673 548//673
f 547//674 549//674 548//674
f 548//675 549//675 550//675
f 551//676 552//676 549//676
f 549//677 553//677 551//677
f 554//678 555//678 549//678
f 553//679 549//679 555//679
f 554//680 549//680 547//680
f 556//681 554//681 547//681
f 556//682 547//682 545//682
f 557//683 556//683 545//683
f 558//684 557//684 545//684
f 558//685 545//685 559//685
f 545//686 522//686 559//686
f 531//687 559//687 522//687
f 559//688 531//688 560//688
f 561//689 560//689 531//689
f 561//690 531//690 101//690
f 562//691 561//691 101//691
f 100//692 562//692 101//692
f 199//693 562//693 100//693
f 98//694 199//694 100//694
f 563//695 541//695 564//695
f 564//696 541//696 538//696
f 564//697 538//697 540//697
f 583//698 565//698 564//698
f 565//699 563//699 564//699
f 541//700 563//700 38//700
f 38//701 563//701 565//701
f 102//702 38//702 565//702
f 565//703 566//703 102//703
f 566//704 99//704 102//704
f 566//705 567//705 99//705
f 37//706 99//706 567//706
f 568//707 37//707 567//707
f 567//708 569//708 570//708
f 567//709 566//709 569//709
f 566//710 593//710 569//710
f 567//711 570//711 571//711
f 570//712 572//712 571//712
f 568//713 567//713 571//713
f 34//714 571//714 572//714
f 571//715 34//715 573//715
f 573//716 568//716 571//716
f 36//717 573//717 34//717
f 93//718 574//718 91//718
f 574//719 575//719 91//719
f 91//720 575//720 89//720
f 576//721 572//721 570//721
f 577//722 576//722 570//722
f 578//723 577//723 570//723
f 578//724 570//724 579//724
f 579//725 570//725 569//725
f 580//726 579//726 569//726
f 581//727 580//727 569//727
f 581//728 569//728 593//728
f 582//729 581//729 593//729
f 184//730 583//730 564//730
f 184//731 183//731 583//731
f 583//732 596//732 565//732
f 583//733 584//733 596//733
f 584//734 585//734 596//734
f 183//735 584//735 583//735
f 183//736 182//736 584//736
f 584//162 174//162 585//162
f 555//737 90//737 553//737
f 555//738 586//738 90//738
f 90//739 586//739 92//739
f 586//740 587//740 92//740
f 92//741 587//741 588//741
f 588//742 95//742 92//742
f 589//743 95//743 588//743
f 589//744 590//744 95//744
f 95//745 590//745 97//745
f 203//746 97//746 590//746
f 572//747 35//747 34//747
f 198//748 591//748 86//748
f 86//749 591//749 88//749
f 591//750 592//750 88//750
f 511//751 593//751 595//751
f 595//752 593//752 566//752
f 566//753 565//753 595//753
f 512//754 511//754 594//754
f 595//755 594//755 511//755
f 565//756 596//756 595//756
f 594//757 597//757 512//757
f 597//758 181//758 512//758
f 585//759 598//759 595//759
f 596//760 585//760 595//760
f 585//162 174//162 598//162
f 598//162 174//162 597//162
f 599//761 552//761 551//761
f 553//762 599//762 551//762
f 552//763 550//763 549//763
f 576//764 600//764 601//764
f 577//765 600//765 576//765
f 601//766 600//766 602//766
f 600//767 603//767 602//767
f 603//768 498//768 602//768
f 602//769 498//769 475//769
f 601//770 602//770 87//770
f 87//771 602//771 75//771
f 602//772 475//772 75//772
f 35//773 601//773 87//773
f 35//774 576//774 601//774
f 576//775 35//775 572//775
f 515//776 604//776 511//776
f 604//777 593//777 511//777
f 604//778 605//778 593//778
f 606//779 593//779 605//779
f 606//780 582//780 593//780
f 88//781 592//781 36//781
f 592//782 607//782 36//782
f 36//783 607//783 573//783
f 607//784 608//784 573//784
f 573//785 608//785 568//785
f 568//786 608//786 37//786
f 608//787 609//787 37//787
f 37//788 609//788 96//788
f 609//789 610//789 96//789
f 96//790 610//790 94//790
f 610//791 574//791 94//791
f 94//792 574//792 93//792
f 613//793 612//793 611//793
f 615//794 614//794 616//794
f 614//795 611//795 616//795
f 615//796 616//796 617//796
f 619//797 618//797 617//797
f 620//798 619//798 617//798
f 621//799 620//799 617//799
f 622//800 621//800 617//800
f 622//801 617//801 616//801
f 623//802 622//802 616//802
f 624//803 623//803 616//803
f 624//804 616//804 611//804
f 612//805 624//805 611//805
f 107//806 106//806 626//806
f 625//807 107//807 626//807
f 104//808 627//808 106//808
f 106//809 627//809 626//809
f 627//810 628//810 626//810
f 628//811 629//811 626//811
f 626//812 629//812 630//812
f 630//813 629//813 39//813
f 629//814 631//814 39//814
f 39//815 631//815 116//815
f 631//816 632//816 116//816
f 116//817 632//817 114//817
f 632//818 633//818 114//818
f 114//819 633//819 112//819
f 112//820 633//820 111//820
f 633//821 634//821 111//821
f 111//822 634//822 108//822
f 618//823 105//823 107//823
f 614//824 118//824 121//824
f 635//825 614//825 121//825
f 636//826 635//826 121//826
f 122//827 635//827 636//827
f 614//828 615//828 118//828
f 39//829 118//829 615//829
f 625//830 615//830 617//830
f 630//831 39//831 615//831
f 626//832 630//832 625//832
f 630//833 615//833 625//833
f 617//834 618//834 625//834
f 107//835 625//835 618//835
f 539//836 635//836 637//836
f 635//837 638//837 637//837
f 40//838 638//838 635//838
f 122//839 40//839 635//839
f 218//840 638//840 40//840
f 638//841 218//841 637//841
f 637//842 218//842 220//842
f 637//843 220//843 639//843
f 220//844 640//844 639//844
f 540//845 539//845 637//845
f 539//846 641//846 635//846
f 642//847 627//847 104//847
f 89//848 642//848 104//848
f 575//849 642//849 89//849
f 206//850 204//850 643//850
f 110//851 644//851 643//851
f 645//852 644//852 110//852
f 646//853 249//853 248//853
f 109//854 248//854 247//854
f 242//855 109//855 247//855
f 109//856 242//856 110//856
f 242//857 645//857 110//857
f 110//858 643//858 113//858
f 643//859 204//859 113//859
f 214//860 216//860 217//860
f 647//861 611//861 614//861
f 614//862 635//862 647//862
f 527//863 611//863 647//863
f 526//864 649//864 527//864
f 649//865 611//865 527//865
f 649//866 648//866 611//866
f 650//867 599//867 553//867
f 651//868 599//868 650//868
f 652//869 651//869 650//869
f 650//870 553//870 90//870
f 103//871 650//871 90//871
f 653//872 652//872 650//872
f 653//873 650//873 103//873
f 105//874 653//874 103//874
f 619//875 652//875 653//875
f 620//876 652//876 619//876
f 619//877 105//877 618//877
f 105//878 619//878 653//878
f 647//879 654//879 529//879
f 654//880 655//880 529//880
f 647//881 529//881 527//881
f 655//882 532//882 529//882
f 647//883 656//883 654//883
f 656//162 657//162 654//162
f 654//162 657//162 655//162
f 641//884 647//884 635//884
f 641//885 656//885 647//885
f 249//886 246//886 241//886
f 613//887 611//887 648//887
f 117//888 115//888 208//888
f 226//889 227//889 659//889
f 660//890 659//890 227//890
f 712//891 661//891 660//891
f 663//892 662//892 659//892
f 660//893 663//893 659//893
f 664//894 663//894 660//894
f 661//895 664//895 660//895
f 662//162 667//162 849//162
f 663//162 667//162 662//162
f 664//162 667//162 663//162
f 639//896 640//896 665//896
f 640//897 666//897 665//897
f 666//898 661//898 712//898
f 665//899 666//899 712//899
f 666//900 664//900 661//900
f 640//901 846//901 666//901
f 846//902 667//902 666//902
f 666//903 667//903 664//903
f 639//904 665//904 668//904
f 665//905 669//905 668//905
f 668//906 673//906 670//906
f 668//907 671//907 673//907
f 669//908 671//908 668//908
f 43//909 669//909 665//909
f 672//910 43//910 665//910
f 672//911 665//911 712//911
f 46//912 672//912 712//912
f 671//913 669//913 43//913
f 44//914 671//914 43//914
f 673//915 675//915 674//915
f 675//916 676//916 674//916
f 677//162 815//162 675//162
f 679//162 815//162 677//162
f 675//162 815//162 676//162
f 680//162 815//162 679//162
f 681//162 815//162 680//162
f 681//917 680//917 682//917
f 682//918 680//918 683//918
f 683//919 680//919 679//919
f 679//920 677//920 678//920
f 683//921 679//921 678//921
f 684//922 681//922 682//922
f 678//923 677//923 673//923
f 677//924 675//924 673//924
f 686//925 685//925 684//925
f 682//926 686//926 684//926
f 682//927 683//927 687//927
f 687//928 686//928 682//928
f 687//929 683//929 678//929
f 673//930 674//930 670//930
f 687//931 678//931 671//931
f 678//932 673//932 671//932
f 687//933 671//933 44//933
f 688//934 687//934 44//934
f 47//935 688//935 44//935
f 689//936 688//936 47//936
f 250//937 689//937 47//937
f 49//938 250//938 47//938
f 688//939 690//939 687//939
f 691//940 687//940 690//940
f 687//941 691//941 692//941
f 693//942 692//942 694//942
f 694//943 692//943 695//943
f 692//944 696//944 695//944
f 697//945 692//945 693//945
f 686//946 692//946 697//946
f 698//947 686//947 697//947
f 696//948 699//948 695//948
f 695//949 699//949 700//949
f 700//950 699//950 701//950
f 699//951 702//951 701//951
f 701//952 702//952 703//952
f 696//953 692//953 691//953
f 704//954 696//954 691//954
f 704//955 705//955 696//955
f 705//956 699//956 696//956
f 705//957 706//957 699//957
f 699//958 706//958 707//958
f 707//959 702//959 699//959
f 707//960 708//960 702//960
f 709//961 702//961 708//961
f 702//962 709//962 736//962
f 736//963 710//963 702//963
f 712//964 711//964 45//964
f 46//965 712//965 45//965
f 713//966 711//966 714//966
f 711//967 658//967 714//967
f 713//968 714//968 715//968
f 713//969 715//969 716//969
f 715//970 717//970 716//970
f 125//971 716//971 717//971
f 42//972 718//972 125//972
f 716//973 125//973 718//973
f 718//974 713//974 716//974
f 718//975 719//975 713//975
f 719//976 51//976 713//976
f 51//977 720//977 713//977
f 720//978 48//978 713//978
f 48//979 721//979 713//979
f 713//980 721//980 45//980
f 711//981 713//981 45//981
f 717//982 41//982 125//982
f 51//983 722//983 50//983
f 723//984 722//984 51//984
f 50//985 722//985 53//985
f 722//986 724//986 53//986
f 53//987 724//987 57//987
f 724//988 725//988 57//988
f 57//989 725//989 59//989
f 718//990 727//990 719//990
f 728//991 727//991 718//991
f 42//992 728//992 718//992
f 729//993 728//993 42//993
f 726//994 729//994 42//994
f 719//995 727//995 51//995
f 727//996 723//996 51//996
f 634//997 730//997 108//997
f 108//998 730//998 123//998
f 123//999 730//999 726//999
f 730//1000 729//1000 726//1000
f 732//1001 658//1001 731//1001
f 711//1002 712//1002 660//1002
f 660//1003 658//1003 711//1003
f 227//1004 658//1004 660//1004
f 229//1005 733//1005 227//1005
f 733//1006 658//1006 227//1006
f 733//1007 731//1007 658//1007
f 687//1008 692//1008 686//1008
f 685//1009 686//1009 734//1009
f 685//1010 734//1010 735//1010
f 734//1011 686//1011 698//1011
f 58//1012 736//1012 709//1012
f 708//1013 58//1013 709//1013
f 708//1014 737//1014 58//1014
f 58//1015 737//1015 56//1015
f 737//1016 738//1016 56//1016
f 738//1017 739//1017 56//1017
f 739//1018 738//1018 52//1018
f 738//1019 740//1019 52//1019
f 741//1020 52//1020 740//1020
f 742//1021 710//1021 736//1021
f 52//1022 743//1022 54//1022
f 255//1023 54//1023 743//1023
f 741//1024 743//1024 52//1024
f 710//1025 703//1025 702//1025
f 746//1026 744//1026 745//1026
f 747//1027 744//1027 746//1027
f 41//1028 746//1028 745//1028
f 746//1029 41//1029 717//1029
f 41//1030 745//1030 109//1030
f 745//1031 748//1031 109//1031
f 748//1032 248//1032 109//1032
f 745//1033 744//1033 748//1033
f 744//1034 749//1034 748//1034
f 749//1035 646//1035 748//1035
f 748//1036 646//1036 248//1036
f 732//1037 750//1037 658//1037
f 746//1038 717//1038 715//1038
f 752//1039 715//1039 751//1039
f 752//1040 747//1040 715//1040
f 747//1041 746//1041 715//1041
f 753//1042 751//1042 714//1042
f 751//1043 715//1043 714//1043
f 754//1044 753//1044 714//1044
f 754//1045 714//1045 658//1045
f 750//1046 754//1046 658//1046
f 756//1047 755//1047 127//1047
f 128//1048 756//1048 127//1048
f 128//1049 757//1049 756//1049
f 128//1050 64//1050 757//1050
f 64//1051 758//1051 757//1051
f 759//1052 758//1052 64//1052
f 758//1053 759//1053 760//1053
f 757//1054 758//1054 760//1054
f 761//1055 757//1055 760//1055
f 760//1056 759//1056 762//1056
f 762//1057 454//1057 760//1057
f 763//1058 764//1058 762//1058
f 764//1059 765//1059 762//1059
f 766//1060 763//1060 762//1060
f 766//1061 762//1061 759//1061
f 767//1062 766//1062 759//1062
f 767//1063 759//1063 64//1063
f 768//1064 767//1064 64//1064
f 769//1065 767//1065 768//1065
f 129//1066 769//1066 768//1066
f 769//1067 770//1067 767//1067
f 771//1068 769//1068 129//1068
f 130//1069 771//1069 129//1069
f 772//1070 771//1070 130//1070
f 773//1071 771//1071 772//1071
f 133//1072 773//1072 772//1072
f 133//1073 138//1073 775//1073
f 138//1074 776//1074 775//1074
f 777//1075 133//1075 775//1075
f 133//1076 777//1076 774//1076
f 773//1077 133//1077 774//1077
f 776//1078 138//1078 256//1078
f 778//1079 256//1079 137//1079
f 670//1080 761//1080 760//1080
f 761//1081 779//1081 757//1081
f 670//1082 674//1082 761//1082
f 501//1083 781//1083 780//1083
f 782//1084 499//1084 501//1084
f 780//1085 782//1085 501//1085
f 780//1086 766//1086 767//1086
f 767//1087 782//1087 780//1087
f 780//1088 783//1088 766//1088
f 504//1089 784//1089 781//1089
f 781//1090 784//1090 780//1090
f 780//1091 784//1091 783//1091
f 501//1092 504//1092 781//1092
f 783//1093 785//1093 766//1093
f 766//1094 785//1094 764//1094
f 766//1095 764//1095 763//1095
f 762//1096 765//1096 458//1096
f 764//162 458//162 765//162
f 783//162 764//162 785//162
f 784//162 764//162 783//162
f 504//162 764//162 784//162
f 786//1097 796//1097 63//1097
f 59//1098 786//1098 63//1098
f 725//1099 786//1099 59//1099
f 140//1100 462//1100 65//1100
f 787//1101 462//1101 140//1101
f 136//1102 787//1102 140//1102
f 788//1103 787//1103 136//1103
f 789//1104 788//1104 136//1104
f 789//1105 136//1105 790//1105
f 789//1106 790//1106 135//1106
f 135//1107 788//1107 789//1107
f 791//1108 788//1108 135//1108
f 132//1109 791//1109 135//1109
f 792//1110 791//1110 132//1110
f 793//1111 792//1111 132//1111
f 793//1112 132//1112 800//1112
f 794//1113 792//1113 793//1113
f 795//1114 792//1114 794//1114
f 62//1115 795//1115 794//1115
f 796//1116 795//1116 62//1116
f 63//1117 796//1117 62//1117
f 60//1118 62//1118 794//1118
f 797//1119 60//1119 794//1119
f 794//1120 800//1120 797//1120
f 794//1121 793//1121 800//1121
f 60//1122 797//1122 798//1122
f 799//1123 798//1123 797//1123
f 797//1124 800//1124 799//1124
f 800//1125 801//1125 799//1125
f 800//1126 755//1126 801//1126
f 755//1127 802//1127 801//1127
f 756//1128 802//1128 755//1128
f 132//1129 131//1129 800//1129
f 755//1130 800//1130 131//1130
f 131//1131 127//1131 755//1131
f 804//1132 803//1132 802//1132
f 798//1133 61//1133 60//1133
f 805//1134 798//1134 799//1134
f 806//1135 805//1135 799//1135
f 807//1136 806//1136 799//1136
f 808//1137 807//1137 799//1137
f 808//1138 799//1138 801//1138
f 809//1139 808//1139 801//1139
f 810//1140 809//1140 801//1140
f 810//1141 801//1141 802//1141
f 811//1142 810//1142 802//1142
f 803//1143 811//1143 802//1143
f 812//1144 804//1144 802//1144
f 812//1145 802//1145 685//1145
f 735//1146 812//1146 685//1146
f 684//1147 685//1147 813//1147
f 802//1148 813//1148 685//1148
f 756//1149 813//1149 802//1149
f 756//1150 814//1150 813//1150
f 757//1151 779//1151 756//1151
f 779//1152 814//1152 756//1152
f 779//1153 815//1153 814//1153
f 814//1154 816//1154 813//1154
f 813//1155 681//1155 684//1155
f 815//1156 816//1156 814//1156
f 816//1157 681//1157 813//1157
f 816//162 815//162 681//162
f 510//1158 817//1158 818//1158
f 819//1159 818//1159 817//1159
f 817//1160 510//1160 820//1160
f 819//1161 817//1161 821//1161
f 822//1162 819//1162 821//1162
f 820//1163 823//1163 817//1163
f 825//1164 817//1164 824//1164
f 821//1165 817//1165 825//1165
f 826//1166 821//1166 825//1166
f 827//1167 821//1167 826//1167
f 828//1168 827//1168 826//1168
f 829//1169 827//1169 828//1169
f 830//1170 827//1170 829//1170
f 822//1171 821//1171 827//1171
f 831//1172 822//1172 827//1172
f 832//1173 831//1173 827//1173
f 832//1174 827//1174 833//1174
f 833//1175 827//1175 830//1175
f 767//1176 833//1176 830//1176
f 833//1177 767//1177 770//1177
f 834//1178 830//1178 829//1178
f 835//1179 830//1179 834//1179
f 782//1180 830//1180 835//1180
f 836//1181 782//1181 835//1181
f 767//1182 830//1182 782//1182
f 837//1183 782//1183 836//1183
f 499//1184 837//1184 518//1184
f 499//1185 782//1185 837//1185
f 838//1186 839//1186 139//1186
f 510//1187 509//1187 820//1187
f 509//1188 823//1188 820//1188
f 818//1189 141//1189 510//1189
f 818//1190 838//1190 141//1190
f 141//1191 838//1191 139//1191
f 840//1192 137//1192 139//1192
f 139//1193 839//1193 840//1193
f 778//1194 137//1194 840//1194
f 823//1195 824//1195 817//1195
f 841//1196 742//1196 736//1196
f 842//1197 742//1197 841//1197
f 843//1198 842//1198 841//1198
f 844//1199 843//1199 841//1199
f 805//1200 843//1200 844//1200
f 806//1201 843//1201 805//1201
f 805//1202 61//1202 798//1202
f 61//1203 844//1203 126//1203
f 844//1204 841//1204 126//1204
f 126//1205 841//1205 845//1205
f 845//1206 841//1206 58//1206
f 841//1207 736//1207 58//1207
f 61//1208 805//1208 844//1208
f 512//1209 180//1209 513//1209
f 220//1210 225//1210 640//1210
f 225//1211 846//1211 640//1211
f 225//162 667//162 846//162
f 847//162 667//162 225//162
f 224//162 847//162 225//162
f 847//1212 224//1212 219//1212
f 221//1213 847//1213 219//1213
f 848//1214 847//1214 221//1214
f 223//1215 848//1215 221//1215
f 849//162 847//162 848//162
f 849//162 667//162 847//162
f 662//1216 849//1216 226//1216
f 849//1217 848//1217 223//1217
f 659//1218 662//1218 226//1218
f 226//1219 849//1219 223//1219
f 674//1220 676//1220 761//1220
f 676//1221 850//1221 761//1221
f 761//1222 850//1222 779//1222
f 850//1223 815//1223 779//1223
f 598//1224 597//1224 594//1224
f 595//1225 598//1225 594//1225
f 536//1226 852//1226 538//1226
f 538//1227 852//1227 539//1227
f 852//1228 851//1228 539//1228
f 534//1229 657//1229 536//1229
f 536//162 657//162 852//162
f 537//162 657//162 535//162
f 532//162 657//162 537//162
f 655//162 657//162 532//162
f 529//1230 532//1230 530//1230
f 851//1231 853//1231 539//1231
f 539//1232 853//1232 641//1232
f 853//1233 656//1233 641//1233
f 851//162 852//162 853//162
f 852//162 657//162 656//162
f 852//162 656//162 853//162
f 676//162 815//162 850//162
f 854//1234 360//1234 162//1234
f 855//1235 854//1235 162//1235
f 160//1236 855//1236 162//1236
f 362//1237 855//1237 160//1237
f 161//1238 362//1238 160//1238
f 163//1239 359//1239 161//1239
f 161//1240 359//1240 358//1240
f 362//1241 161//1241 358//1241
f 854//1242 855//1242 361//1242
f 360//1243 854//1243 361//1243
f 162//1244 360//1244 359//1244
f 163//1245 162//1245 359//1245
f 406//1246 405//1246 167//1246
f 165//1247 406//1247 167//1247
f 407//1248 406//1248 165//1248
f 407//1249 164//1249 402//1249
f 164//1250 407//1250 165//1250
f 164//1251 403//1251 402//1251
f 166//1252 403//1252 164//1252
f 166//1253 167//1253 403//1253
f 167//1254 404//1254 403//1254
f 405//1255 404//1255 167//1255
f 422//1256 421//1256 143//1256
f 143//1257 421//1257 144//1257
f 421//1258 426//1258 144//1258
f 142//1259 422//1259 143//1259
f 422//1260 142//1260 423//1260
f 145//1261 424//1261 142//1261
f 142//1262 424//1262 423//1262
f 145//1263 144//1263 424//1263
f 144//1264 425//1264 424//1264
f 426//1265 425//1265 144//1265
f 148//1266 278//1266 279//1266
f 150//1267 148//1267 279//1267
f 147//1268 278//1268 148//1268
f 147//1269 149//1269 278//1269
f 277//1270 278//1270 149//1270
f 276//1271 277//1271 149//1271
f 151//1272 276//1272 149//1272
f 856//1273 276//1273 151//1273
f 274//1274 856//1274 151//1274
f 153//1275 274//1275 151//1275
f 150//1276 274//1276 153//1276
f 150//1277 275//1277 274//1277
f 150//1278 279//1278 275//1278
f 273//1279 856//1279 274//1279
f 157//1280 330//1280 331//1280
f 333//1281 154//1281 332//1281
f 328//1282 329//1282 156//1282
f 155//1283 328//1283 156//1283
f 333//1284 328//1284 155//1284
f 154//1285 333//1285 155//1285
f 154//1286 331//1286 332//1286
f 154//1287 157//1287 331//1287
f 159//1288 330//1288 157//1288
f 329//1289 330//1289 159//1289
f 156//1290 329//1290 159//1290
f 859//1291 857//1291 858//1291
f 858//1292 860//1292 859//1292
f 859//1293 860//1293 861//1293
f 860//1294 862//1294 861//1294
f 863//1295 857//1295 859//1295
f 861//1296 863//1296 859//1296
f 861//1297 862//1297 864//1297
f 862//1298 865//1298 864//1298
f 864//1299 866//1299 861//1299
f 866//1300 863//1300 861//1300
f 867//1301 863//1301 866//1301
f 867//1302 868//1302 863//1302
f 869//1303 867//1303 866//1303
f 864//1304 865//1304 870//1304
f 870//1305 866//1305 864//1305
f 865//1306 871//1306 870//1306
f 872//1307 866//1307 870//1307
f 869//1308 866//1308 872//1308
f 873//1309 872//1309 870//1309
f 870//1310 871//1310 873//1310
f 871//1311 874//1311 873//1311
f 875//1312 869//1312 872//1312
f 876//1313 872//1313 873//1313
f 877//1314 876//1314 873//1314
f 873//1315 874//1315 877//1315
f 875//1316 872//1316 876//1316
f 874//1317 878//1317 877//1317
f 879//1318 875//1318 876//1318
f 880//1319 876//1319 877//1319
f 877//1320 878//1320 881//1320
f 878//1321 882//1321 881//1321
f 879//1322 876//1322 880//1322
f 883//1323 880//1323 877//1323
f 881//1324 883//1324 877//1324
f 884//1325 883//1325 881//1325
f 881//1326 882//1326 885//1326
f 885//1327 884//1327 881//1327
f 882//1328 886//1328 885//1328
f 885//1329 886//1329 887//1329
f 886//1330 888//1330 887//1330
f 889//1331 880//1331 883//1331
f 889//1332 883//1332 884//1332
f 887//1333 890//1333 885//1333
f 890//1334 884//1334 885//1334
f 887//1335 888//1335 891//1335
f 888//1336 892//1336 891//1336
f 893//1337 889//1337 884//1337
f 891//1338 890//1338 887//1338
f 894//1339 890//1339 891//1339
f 891//1340 892//1340 895//1340
f 895//1341 894//1341 891//1341
f 892//1342 896//1342 895//1342
f 897//1343 884//1343 890//1343
f 897//1344 893//1344 884//1344
f 898//1345 894//1345 895//1345
f 899//1346 897//1346 890//1346
f 895//1347 896//1347 901//1347
f 901//1348 898//1348 895//1348
f 896//1349 902//1349 901//1349
f 900//1350 898//1350 903//1350
f 904//1351 900//1351 903//1351
f 903//1352 898//1352 901//1352
f 901//1353 902//1353 905//1353
f 905//1354 903//1354 901//1354
f 902//1355 906//1355 905//1355
f 905//1356 906//1356 907//1356
f 906//1357 908//1357 907//1357
f 907//1358 903//1358 905//1358
f 909//1359 903//1359 907//1359
f 907//1360 908//1360 910//1360
f 908//1361 911//1361 910//1361
f 912//1362 913//1362 904//1362
f 904//1363 913//1363 900//1363
f 914//1364 904//1364 903//1364
f 914//1365 903//1365 909//1365
f 915//1366 914//1366 909//1366
f 910//1367 909//1367 907//1367
f 910//1368 911//1368 916//1368
f 911//1369 917//1369 916//1369
f 916//1370 909//1370 910//1370
f 918//1371 909//1371 916//1371
f 915//1372 909//1372 918//1372
f 919//1373 915//1373 918//1373
f 916//1374 917//1374 920//1374
f 917//1375 921//1375 920//1375
f 920//1376 918//1376 916//1376
f 922//1377 918//1377 920//1377
f 919//1378 918//1378 922//1378
f 923//1379 919//1379 922//1379
f 924//1380 923//1380 922//1380
f 920//1381 921//1381 925//1381
f 925//1382 922//1382 920//1382
f 921//1383 926//1383 925//1383
f 927//1384 922//1384 925//1384
f 924//1385 922//1385 927//1385
f 928//1386 924//1386 927//1386
f 925//1387 926//1387 929//1387
f 929//1388 927//1388 925//1388
f 926//1389 930//1389 929//1389
f 929//1390 930//1390 931//1390
f 931//1391 927//1391 929//1391
f 930//1392 932//1392 931//1392
f 933//1393 927//1393 931//1393
f 931//1394 932//1394 934//1394
f 934//1395 933//1395 931//1395
f 932//1396 935//1396 934//1396
f 936//1397 933//1397 934//1397
f 934//1398 935//1398 937//1398
f 935//1399 938//1399 937//1399
f 937//1400 936//1400 934//1400
f 937//1401 938//1401 940//1401
f 938//1402 941//1402 940//1402
f 940//1403 941//1403 942//1403
f 941//1404 943//1404 942//1404
f 942//1405 943//1405 944//1405
f 943//1406 945//1406 944//1406
f 945//1407 946//1407 944//1407
f 944//1408 946//1408 858//1408
f 944//1409 947//1409 942//1409
f 948//1410 947//1410 944//1410
f 947//1411 949//1411 942//1411
f 942//1412 949//1412 940//1412
f 940//1413 949//1413 937//1413
f 949//1414 936//1414 937//1414
f 858//1415 948//1415 944//1415
f 857//1416 948//1416 858//1416
f 946//1417 860//1417 858//1417
f 951//1418 950//1418 948//1418
f 951//1419 948//1419 857//1419
f 952//1420 951//1420 857//1420
f 952//1421 953//1421 951//1421
f 953//1422 954//1422 951//1422
f 951//1423 954//1423 950//1423
f 950//1424 947//1424 948//1424
f 950//1425 955//1425 947//1425
f 955//1426 949//1426 947//1426
f 954//1427 956//1427 950//1427
f 955//1428 957//1428 949//1428
f 957//1429 936//1429 949//1429
f 957//1430 939//1430 936//1430
f 956//1431 958//1431 950//1431
f 950//1432 958//1432 955//1432
f 958//1433 959//1433 955//1433
f 959//1434 960//1434 955//1434
f 955//1435 960//1435 957//1435
f 960//1436 961//1436 957//1436
f 961//1437 962//1437 957//1437
f 957//1438 962//1438 939//1438
f 962//1439 963//1439 939//1439
f 963//1440 964//1440 939//1440
f 953//1441 965//1441 954//1441
f 965//1442 966//1442 954//1442
f 954//1443 966//1443 956//1443
f 966//1444 967//1444 956//1444
f 956//1445 967//1445 958//1445
f 967//1446 968//1446 958//1446
f 958//1447 968//1447 959//1447
f 968//1448 969//1448 959//1448
f 959//1449 969//1449 960//1449
f 960//1450 970//1450 961//1450
f 969//1451 970//1451 960//1451
f 961//1452 971//1452 962//1452
f 970//1453 971//1453 961//1453
f 962//1454 972//1454 963//1454
f 972//1455 973//1455 963//1455
f 971//1456 972//1456 962//1456
f 969//1457 974//1457 970//1457
f 974//1458 975//1458 970//1458
f 976//1459 974//1459 969//1459
f 968//1460 976//1460 969//1460
f 977//1461 976//1461 968//1461
f 967//1462 977//1462 968//1462
f 978//1463 977//1463 967//1463
f 966//1464 978//1464 967//1464
f 979//1465 978//1465 966//1465
f 965//1466 979//1466 966//1466
f 970//1467 975//1467 971//1467
f 975//1468 980//1468 971//1468
f 971//1469 980//1469 972//1469
f 980//1470 981//1470 972//1470
f 972//1471 981//1471 973//1471
f 981//1472 982//1472 973//1472
f 973//1473 982//1473 983//1473
f 982//1474 984//1474 983//1474
f 973//1475 983//1475 964//1475
f 963//1476 973//1476 964//1476
f 964//1477 983//1477 985//1477
f 983//1478 987//1478 985//1478
f 985//1479 987//1479 986//1479
f 983//1480 984//1480 987//1480
f 984//1481 989//1481 987//1481
f 987//1482 989//1482 990//1482
f 989//1483 991//1483 990//1483
f 987//1484 990//1484 986//1484
f 990//1485 991//1485 992//1485
f 991//1486 993//1486 992//1486
f 986//1487 990//1487 988//1487
f 992//1488 993//1488 994//1488
f 993//1489 995//1489 994//1489
f 990//1490 992//1490 988//1490
f 994//1491 995//1491 996//1491
f 995//1492 997//1492 996//1492
f 988//1493 992//1493 998//1493
f 992//1494 994//1494 998//1494
f 998//1495 994//1495 999//1495
f 994//1496 996//1496 999//1496
f 999//1497 996//1497 1000//1497
f 988//1498 998//1498 928//1498
f 986//1499 988//1499 928//1499
f 1001//1500 986//1500 928//1500
f 985//1501 986//1501 1001//1501
f 964//1502 985//1502 1001//1502
f 939//1503 964//1503 1001//1503
f 939//1504 1001//1504 936//1504
f 1001//1505 933//1505 936//1505
f 1001//1506 928//1506 933//1506
f 928//1507 927//1507 933//1507
f 928//1508 998//1508 924//1508
f 998//1509 999//1509 924//1509
f 999//1510 1000//1510 924//1510
f 1000//1511 1003//1511 1002//1511
f 996//1512 1003//1512 1000//1512
f 1003//1513 1004//1513 1002//1513
f 1002//1514 1004//1514 1005//1514
f 1004//1515 1007//1515 1005//1515
f 1005//1516 1007//1516 1006//1516
f 1002//1517 1005//1517 919//1517
f 923//1518 1002//1518 919//1518
f 1000//1519 1002//1519 923//1519
f 924//1520 1000//1520 923//1520
f 1005//1521 1006//1521 919//1521
f 919//1522 1006//1522 915//1522
f 1006//1523 1008//1523 915//1523
f 1008//1524 1009//1524 915//1524
f 915//1525 1009//1525 914//1525
f 1009//1526 1010//1526 914//1526
f 1010//1527 1011//1527 914//1527
f 914//1528 1011//1528 904//1528
f 1011//1529 912//1529 904//1529
f 1006//1530 1012//1530 1008//1530
f 1007//1531 1012//1531 1006//1531
f 1008//1532 1013//1532 1009//1532
f 1012//1533 1013//1533 1008//1533
f 1009//1534 1014//1534 1010//1534
f 1013//1535 1014//1535 1009//1535
f 1014//1536 1015//1536 1010//1536
f 1010//1537 1015//1537 1011//1537
f 1015//1538 1016//1538 1011//1538
f 1011//1539 1016//1539 912//1539
f 1016//1540 1017//1540 912//1540
f 1016//1541 1018//1541 1017//1541
f 1018//1542 1019//1542 1017//1542
f 1020//1543 1018//1543 1016//1543
f 1015//1544 1020//1544 1016//1544
f 1021//1545 1020//1545 1015//1545
f 1014//1546 1021//1546 1015//1546
f 1022//1547 1021//1547 1014//1547
f 1013//1548 1022//1548 1014//1548
f 1023//1549 1022//1549 1013//1549
f 1012//1550 1023//1550 1013//1550
f 1024//1551 1023//1551 1012//1551
f 1007//1552 1024//1552 1012//1552
f 1025//1553 1024//1553 1007//1553
f 1004//1554 1025//1554 1007//1554
f 1026//1555 1025//1555 1004//1555
f 1003//1556 1026//1556 1004//1556
f 997//1557 1026//1557 1003//1557
f 996//1558 997//1558 1003//1558
f 1027//1559 1028//1559 867//1559
f 867//1560 1028//1560 868//1560
f 1028//1561 1029//1561 868//1561
f 868//1562 1029//1562 952//1562
f 1030//1563 1027//1563 867//1563
f 869//1564 1030//1564 867//1564
f 1031//1565 1030//1565 869//1565
f 1032//1566 1031//1566 869//1566
f 875//1567 1032//1567 869//1567
f 1033//1568 1032//1568 875//1568
f 879//1569 1033//1569 875//1569
f 1034//1570 1033//1570 879//1570
f 1035//1571 1034//1571 879//1571
f 880//1572 1035//1572 879//1572
f 1036//1573 1035//1573 880//1573
f 889//1574 1036//1574 880//1574
f 1037//1575 1036//1575 889//1575
f 1038//1576 1037//1576 889//1576
f 893//1577 1038//1577 889//1577
f 1039//1578 1038//1578 893//1578
f 897//1579 1039//1579 893//1579
f 1040//1580 1039//1580 897//1580
f 1041//1581 1040//1581 897//1581
f 899//1582 1041//1582 897//1582
f 1042//1583 1041//1583 899//1583
f 1041//1584 1043//1584 1040//1584
f 1043//1585 1044//1585 1040//1585
f 1040//1586 1044//1586 1039//1586
f 1046//1587 1042//1587 899//1587
f 1045//1588 1046//1588 899//1588
f 1048//1589 1046//1589 1045//1589
f 1042//1590 1047//1590 1041//1590
f 1047//1591 1043//1591 1041//1591
f 1046//1592 1049//1592 1042//1592
f 1049//1593 1047//1593 1042//1593
f 900//1594 1048//1594 1045//1594
f 1050//1595 1048//1595 900//1595
f 913//1596 1050//1596 900//1596
f 912//1597 1017//1597 913//1597
f 913//1598 1051//1598 1050//1598
f 1017//1599 1051//1599 913//1599
f 1051//1600 1052//1600 1050//1600
f 1050//1601 1052//1601 1048//1601
f 1017//1602 1019//1602 1051//1602
f 1019//1603 1053//1603 1051//1603
f 1052//1604 1054//1604 1048//1604
f 1051//1605 1053//1605 1052//1605
f 1053//1606 1055//1606 1052//1606
f 1052//1607 1055//1607 1054//1607
f 1055//1608 1056//1608 1054//1608
f 1054//1609 1056//1609 1049//1609
f 1056//1610 1057//1610 1049//1610
f 1048//1611 1054//1611 1046//1611
f 1054//1612 1049//1612 1046//1612
f 1049//1613 1057//1613 1047//1613
f 1057//1614 1058//1614 1047//1614
f 1047//1615 1058//1615 1043//1615
f 1058//1616 1059//1616 1043//1616
f 1043//1617 1059//1617 1044//1617
f 1059//1618 1060//1618 1044//1618
f 1044//1619 1060//1619 1061//1619
f 1060//1620 1062//1620 1061//1620
f 1061//1621 1062//1621 1063//1621
f 1062//1622 1064//1622 1063//1622
f 1044//1623 1061//1623 1039//1623
f 1039//1624 1061//1624 1038//1624
f 1061//1625 1063//1625 1038//1625
f 1063//1626 1064//1626 1065//1626
f 1064//1627 1066//1627 1065//1627
f 1038//1628 1063//1628 1037//1628
f 1065//1629 1066//1629 1067//1629
f 1066//1630 1068//1630 1067//1630
f 1063//1631 1065//1631 1037//1631
f 1037//1632 1065//1632 1036//1632
f 1067//1633 1068//1633 1069//1633
f 1068//1634 1070//1634 1069//1634
f 1065//1635 1067//1635 1036//1635
f 1067//1636 1069//1636 1035//1636
f 1036//1637 1067//1637 1035//1637
f 1035//1638 1069//1638 1034//1638
f 1069//1639 1071//1639 1034//1639
f 1034//1640 1071//1640 1033//1640
f 1069//1641 1070//1641 1071//1641
f 1070//1642 1072//1642 1071//1642
f 1071//1643 1073//1643 1033//1643
f 1033//1644 1073//1644 1032//1644
f 1073//1645 1074//1645 1032//1645
f 1032//1646 1074//1646 1031//1646
f 1031//1647 1075//1647 1030//1647
f 1074//1648 1075//1648 1031//1648
f 1030//1649 1076//1649 1027//1649
f 1075//1650 1076//1650 1030//1650
f 1076//1651 1077//1651 1027//1651
f 1076//1652 1078//1652 1077//1652
f 1078//1653 1079//1653 1077//1653
f 1077//1654 1079//1654 1080//1654
f 1079//1655 1081//1655 1080//1655
f 1080//1656 1081//1656 1082//1656
f 1081//1657 1083//1657 1082//1657
f 1075//1658 1084//1658 1076//1658
f 1084//1659 1078//1659 1076//1659
f 1085//1660 1084//1660 1075//1660
f 1074//1661 1085//1661 1075//1661
f 1086//1662 1085//1662 1074//1662
f 1073//1663 1086//1663 1074//1663
f 1072//1664 1086//1664 1073//1664
f 1071//1665 1072//1665 1073//1665
f 1077//1666 1080//1666 1028//1666
f 1027//1667 1077//1667 1028//1667
f 1028//1668 1080//1668 1029//1668
f 1080//1669 1082//1669 1029//1669
f 1082//1670 1083//1670 1087//1670
f 1083//1671 1088//1671 1087//1671
f 1082//1672 1087//1672 1089//1672
f 1029//1673 1082//1673 1089//1673
f 1029//1674 1089//1674 952//1674
f 1089//1675 1087//1675 953//1675
f 1087//1676 965//1676 953//1676
f 1087//1677 1088//1677 965//1677
f 1088//1678 979//1678 965//1678
f 1089//1679 953//1679 952//1679
f 952//1680 857//1680 863//1680
f 868//1681 952//1681 863//1681
f 900//1682 1045//1682 898//1682
f 1045//1683 894//1683 898//1683
f 1045//1684 899//1684 894//1684
f 899//1685 890//1685 894//1685
f 257//1686 287//1686 266//1686
f 287//1687 288//1687 266//1687
f 375//1688 372//1688 396//1688
f 1090//1689 1091//1689 454//1689
f 1092//1690 1090//1690 454//1690
f 1093//1691 1092//1691 454//1691
f 185//1692 1093//1692 454//1692
f 1094//1693 1093//1693 185//1693
f 1095//1694 1094//1694 185//1694
f 1096//1695 1095//1695 185//1695
f 184//1696 1096//1696 185//1696
f 1097//1697 1096//1697 184//1697
f 1098//1698 1097//1698 184//1698
f 1099//1699 1098//1699 184//1699
f 1100//1700 1099//1700 184//1700
f 564//1701 1100//1701 184//1701
f 1101//1702 1100//1702 564//1702
f 1102//1703 1101//1703 564//1703
f 1103//1704 1102//1704 564//1704
f 1104//1705 1103//1705 564//1705
f 1105//1706 1104//1706 564//1706
f 540//1707 1105//1707 564//1707
f 1106//1708 1105//1708 540//1708
f 1107//1709 1106//1709 540//1709
f 1108//1710 1107//1710 540//1710
f 1109//1711 1108//1711 540//1711
f 637//1712 1109//1712 540//1712
f 1110//1713 1109//1713 637//1713
f 1111//1714 1110//1714 637//1714
f 1112//1715 1111//1715 637//1715
f 1113//1716 1112//1716 637//1716
f 1114//1717 1113//1717 637//1717
f 1115//1718 1114//1718 637//1718
f 1116//1719 1115//1719 637//1719
f 639//1720 1116//1720 637//1720
f 1117//1721 1116//1721 639//1721
f 1118//1722 1117//1722 639//1722
f 1119//1723 1118//1723 639//1723
f 1120//1724 1119//1724 639//1724
f 668//1725 1120//1725 639//1725
f 1121//1726 1120//1726 668//1726
f 1122//1727 1121//1727 668//1727
f 1123//1728 1122//1728 668//1728
f 670//1729 1123//1729 668//1729
f 1124//1730 1123//1730 670//1730
f 1125//1731 1124//1731 670//1731
f 1126//1732 1125//1732 670//1732
f 1127//1733 1126//1733 670//1733
f 760//1734 1127//1734 670//1734
f 1128//1735 1127//1735 760//1735
f 1129//1736 1128//1736 760//1736
f 1130//1737 1129//1737 760//1737
f 1131//1738 1130//1738 760//1738
f 1132//1739 1131//1739 760//1739
f 1133//1740 1132//1740 760//1740
f 454//1741 1133//1741 760//1741
f 1134//1742 1133//1742 454//1742
f 1091//1743 1134//1743 454//1743
f 1114//1744 1112//1744 1113//1744
f 1114//1745 1111//1745 1112//1745
f 1114//1746 1110//1746 1111//1746
f 1114//1745 1109//1745 1110//1745
f 1114//162 1108//162 1109//162
f 1114//162 1107//162 1108//162
f 1114//162 1106//162 1107//162
f 1114//162 1105//162 1106//162
f 1114//162 1104//162 1105//162
f 1114//162 1103//162 1104//162
f 1114//162 1102//162 1103//162
f 1114//162 1101//162 1102//162
f 1114//162 1100//162 1101//162
f 1114//162 1099//162 1100//162
f 1114//162 1098//162 1099//162
f 1114//162 1097//162 1098//162
f 1114//162 1096//162 1097//162
f 1114//162 1095//162 1096//162
f 1114//162 1094//162 1095//162
f 1114//162 1093//162 1094//162
f 1114//162 1092//162 1093//162
f 1114//162 1090//162 1092//162
f 1114//162 1091//162 1090//162
f 1114//162 1134//162 1091//162
f 1114//162 1133//162 1134//162
f 1114//162 1132//162 1133//162
f 1114//162 1131//162 1132//162
f 1114//162 1130//162 1131//162
f 1114//162 1129//162 1130//162
f 1114//162 1128//162 1129//162
f 1114//162 1127//162 1128//162
f 1114//162 1126//162 1127//162
f 1114//162 1125//162 1126//162
f 1114//162 1124//162 1125//162
f 1114//162 1123//162 1124//162
f 1114//162 1122//162 1123//162
f 1114//162 1121//162 1122//162
f 1114//162 1120//162 1121//162
f 1114//162 1119//162 1120//162
f 1114//162 1118//162 1119//162
f 1114//1746 1117//1746 1118//1746
f 1114//1745 1116//1745 1117//1745
f 1114//162 1115//162 1116//162
f 1115//1747 1117//1747 1116//1747
f 1115//1748 1118//1748 1117//1748
f 1115//1747 1119//1747 1118//1747
f 1115//1747 1120//1747 1119//1747
f 1115//1747 1121//1747 1120//1747
f 1115//1749 1122//1749 1121//1749
f 1115//1747 1123//1747 1122//1747
f 1115//1747 1124//1747 1123//1747
f 1115//1747 1125//1747 1124//1747
f 1115//1747 1126//1747 1125//1747
f 1115//1747 1127//1747 1126//1747
f 1115//1747 1128//1747 1127//1747
f 1115//1747 1129//1747 1128//1747
f 1115//1747 1130//1747 1129//1747
f 1115//1747 1131//1747 1130//1747
f 1115//1747 1132//1747 1131//1747
f 1115//1747 1133//1747 1132//1747
f 1115//1747 1134//1747 1133//1747
f 1115//1747 1091//1747 1134//1747
f 1115//1747 1090//1747 1091//1747
f 1115//1747 1092//1747 1090//1747
f 1115//1747 1093//1747 1092//1747
f 1115//1747 1094//1747 1093//1747
f 1115//1747 1095//1747 1094//1747
f 1115//1747 1096//1747 1095//1747
f 1115//1747 1097//1747 1096//1747
f 1115//1747 1098//1747 1097//1747
f 1115//1747 1099//1747 1098//1747
f 1115//1747 1100//1747 1099//1747
f 1115//1747 1101//1747 1100//1747
f 1115//1747 1102//1747 1101//1747
f 1115//1747 1103//1747 1102//1747
f 1115//1747 1104//1747 1103//1747
f 1115//1747 1105//1747 1104//1747
f 1115//1747 1106//1747 1105//1747
f 1115//1747 1107//1747 1106//1747
f 1115//1747 1108//1747 1107//1747
f 1115//1747 1109//1747 1108//1747
f 1115//1747 1110//1747 1109//1747
f 1115//1747 1111//1747 1110//1747
f 1115//1747 1112//1747 1111//1747
f 1115//1749 1113//1749 1112//1749
f 1115//1750 1114//1750 1113//1750
f 1135//1751 1136//1751 1137//1751
f 1137//1752 1136//1752 1138//1752
f 1136//1753 1139//1753 1138//1753
f 1138//1754 1139//1754 1140//1754
f 1137//1755 1138//1755 1141//1755
f 1141//1756 1138//1756 1142//1756
f 1138//1757 1140//1757 1142//1757
f 1142//1758 1140//1758 1143//1758
f 1142//1759 1144//1759 1141//1759
f 1144//1760 1142//1760 1145//1760
f 1142//1761 1143//1761 1145//1761
f 1146//1762 1136//1762 1135//1762
f 1146//1763 1139//1763 1136//1763
f 1146//1764 1147//1764 1148//1764
f 1148//1765 1139//1765 1146//1765
f 1148//1766 1147//1766 1149//1766
f 1150//1767 1151//1767 1152//1767
f 1152//1768 1151//1768 1153//1768
f 1151//1769 1135//1769 1153//1769
f 1153//1770 1135//1770 1137//1770
f 1152//1771 1153//1771 1154//1771
f 1154//1772 1153//1772 1141//1772
f 1153//1773 1137//1773 1141//1773
f 1141//1774 1155//1774 1154//1774
f 1155//1775 1141//1775 1144//1775
f 1156//1776 1151//1776 1150//1776
f 1157//1777 1151//1777 1156//1777
f 1157//1778 1135//1778 1151//1778
f 1157//1779 1156//1779 1158//1779
f 1147//1780 1157//1780 1158//1780
f 1146//1781 1157//1781 1147//1781
f 1146//1782 1135//1782 1157//1782
f 1159//1783 1160//1783 1161//1783
f 1161//1784 1160//1784 1162//1784
f 1160//1785 1150//1785 1162//1785
f 1162//1786 1150//1786 1152//1786
f 1161//1787 1162//1787 1163//1787
f 1162//1788 1152//1788 1163//1788
f 1163//1789 1152//1789 1154//1789
f 1164//1790 1163//1790 1155//1790
f 1163//1791 1154//1791 1155//1791
f 1165//1792 1160//1792 1159//1792
f 1156//1793 1160//1793 1165//1793
f 1156//1794 1150//1794 1160//1794
f 1156//1795 1165//1795 1166//1795
f 1158//1796 1156//1796 1166//1796
f 1167//1797 1168//1797 1169//1797
f 1169//1798 1168//1798 1170//1798
f 1168//1799 1171//1799 1170//1799
f 1170//1800 1171//1800 1172//1800
f 1169//1801 1170//1801 1173//1801
f 1173//1802 1170//1802 1174//1802
f 1170//1803 1172//1803 1174//1803
f 1174//1804 1172//1804 1175//1804
f 1174//1805 1176//1805 1173//1805
f 1176//1806 1174//1806 1177//1806
f 1174//1807 1175//1807 1177//1807
f 1178//1808 1168//1808 1167//1808
f 1178//1809 1171//1809 1168//1809
f 1178//1810 1179//1810 1180//1810
f 1180//1811 1171//1811 1178//1811
f 1180//1812 1179//1812 1181//1812
f 1182//1813 1183//1813 1184//1813
f 1184//1814 1183//1814 1185//1814
f 1183//1815 1167//1815 1185//1815
f 1185//1816 1167//1816 1169//1816
f 1184//1817 1185//1817 1186//1817
f 1186//1818 1185//1818 1173//1818
f 1185//1819 1169//1819 1173//1819
f 1173//1820 1187//1820 1186//1820
f 1187//1821 1173//1821 1176//1821
f 1188//1822 1183//1822 1182//1822
f 1189//1823 1183//1823 1188//1823
f 1189//1824 1167//1824 1183//1824
f 1189//1825 1188//1825 1190//1825
f 1179//1826 1189//1826 1190//1826
f 1178//1827 1189//1827 1179//1827
f 1178//1828 1167//1828 1189//1828
f 1191//1829 1192//1829 1193//1829
f 1193//1830 1192//1830 1194//1830
f 1192//1831 1182//1831 1194//1831
f 1194//1832 1182//1832 1184//1832
f 1193//1833 1194//1833 1195//1833
f 1195//1834 1194//1834 1186//1834
f 1194//1835 1184//1835 1186//1835
f 1186//1836 1196//1836 1195//1836
f 1196//1837 1186//1837 1187//1837
f 1197//1838 1192//1838 1191//1838
f 1188//1839 1192//1839 1197//1839
f 1188//1840 1182//1840 1192//1840
f 1188//1841 1197//1841 1198//1841
f 1190//1842 1188//1842 1198//1842
f 1199//1843 1200//1843 1201//1843
f 1201//1844 1200//1844 1202//1844
f 1200//1845 1203//1845 1202//1845
f 1202//1846 1203//1846 1204//1846
f 1201//1847 1202//1847 1205//1847
f 1205//1848 1202//1848 1206//1848
f 1202//1849 1204//1849 1206//1849
f 1206//1850 1207//1850 1205//1850
f 1207//1851 1206//1851 1208//1851
f 1209//1852 1200//1852 1199//1852
f 1210//1853 1200//1853 1209//1853
f 1210//1854 1203//1854 1200//1854
f 1210//1855 1209//1855 1211//1855
f 1211//1856 1209//1856 1212//1856
f 1213//1857 1210//1857 1211//1857
f 1213//1858 1203//1858 1210//1858
f 1214//1859 1215//1859 1216//1859
f 1216//1860 1215//1860 1217//1860
f 1215//1861 1199//1861 1217//1861
f 1217//1862 1199//1862 1201//1862
f 1216//1863 1217//1863 1218//1863
f 1217//1864 1201//1864 1218//1864
f 1218//1865 1201//1865 1205//1865
f 1219//1866 1218//1866 1207//1866
f 1218//1867 1205//1867 1207//1867
f 1220//1868 1215//1868 1214//1868
f 1209//1869 1215//1869 1220//1869
f 1209//1870 1199//1870 1215//1870
f 1209//1871 1220//1871 1212//1871
f 1212//1872 1220//1872 1221//1872
f 1222//1873 1223//1873 1224//1873
f 1224//1874 1223//1874 1225//1874
f 1223//1875 1226//1875 1225//1875
f 1225//1876 1226//1876 1227//1876
f 1224//1877 1225//1877 1228//1877
f 1228//1878 1225//1878 1229//1878
f 1225//1879 1227//1879 1229//1879
f 1229//1880 1230//1880 1228//1880
f 1230//1881 1229//1881 1231//1881
f 1232//1882 1223//1882 1222//1882
f 1232//1883 1226//1883 1223//1883
f 1232//1884 1233//1884 1234//1884
f 1234//1885 1226//1885 1232//1885
f 1234//1886 1233//1886 1235//1886
f 1236//1887 1237//1887 1238//1887
f 1238//1888 1237//1888 1239//1888
f 1237//1889 1240//1889 1239//1889
f 1239//1890 1240//1890 1241//1890
f 1238//1891 1239//1891 1242//1891
f 1242//1892 1239//1892 1243//1892
f 1239//1893 1241//1893 1243//1893
f 1243//1894 1244//1894 1242//1894
f 1244//1895 1243//1895 1245//1895
f 1246//1896 1237//1896 1236//1896
f 1246//1897 1240//1897 1237//1897
f 1246//1898 1247//1898 1248//1898
f 1248//1899 1240//1899 1246//1899
f 1248//1900 1247//1900 1249//1900
f 1250//1901 1251//1901 1252//1901
f 1252//1902 1251//1902 1253//1902
f 1251//1903 1254//1903 1253//1903
f 1253//1904 1254//1904 1255//1904
f 1252//1905 1253//1905 1256//1905
f 1256//1906 1253//1906 1257//1906
f 1253//1907 1255//1907 1257//1907
f 1257//1908 1258//1908 1256//1908
f 1258//1909 1257//1909 1259//1909
f 1260//1910 1251//1910 1250//1910
f 1260//1911 1254//1911 1251//1911
f 1260//1912 1261//1912 1262//1912
f 1262//1913 1254//1913 1260//1913
f 1262//1914 1261//1914 1263//1914
f 1264//1915 1265//1915 1259//1915
f 1259//1916 1265//1916 1258//1916
f 1266//1917 1264//1917 1259//1917
f 1267//1918 1264//1918 1266//1918
f 1267//1919 1266//1919 1244//1919
f 1267//1920 1244//1920 1268//1920
f 1268//1921 1244//1921 1245//1921
f 1268//1922 1245//1922 1269//1922
f 1269//1923 1245//1923 1270//1923
f 1230//1924 1269//1924 1270//1924
f 1271//1924 1269//1924 1230//1924
f 1231//1925 1271//1925 1230//1925
f 1272//1926 1271//1926 1231//1926
f 1273//1927 1272//1927 1231//1927
f 1274//1928 1272//1928 1273//1928
f 1274//1929 1273//1929 1275//1929
f 1274//1930 1275//1930 1276//1930
f 1276//1931 1275//1931 1219//1931
f 1276//1932 1219//1932 1277//1932
f 1277//1933 1219//1933 1207//1933
f 1208//1934 1277//1934 1207//1934
f 1278//1934 1277//1934 1208//1934
f 1196//1935 1278//1935 1208//1935
f 1279//1936 1278//1936 1196//1936
f 1187//1937 1279//1937 1196//1937
f 1280//1938 1279//1938 1187//1938
f 1280//1939 1187//1939 1176//1939
f 1280//1940 1176//1940 1281//1940
f 1281//1941 1176//1941 1177//1941
f 1281//1942 1177//1942 1282//1942
f 1282//1943 1177//1943 1283//1943
f 1284//1944 1282//1944 1283//1944
f 1285//1944 1282//1944 1284//1944
f 1164//1945 1285//1945 1284//1945
f 1286//1946 1285//1946 1164//1946
f 1155//1947 1286//1947 1164//1947
f 1287//1948 1286//1948 1155//1948
f 1287//1949 1155//1949 1144//1949
f 1287//1950 1144//1950 1288//1950
f 1288//1951 1144//1951 1145//1951
f 1288//1952 1145//1952 1289//1952
f 1289//1953 1145//1953 1290//1953
f 1258//1954 1289//1954 1290//1954
f 1265//1954 1289//1954 1258//1954
f 1282//1955 1285//1955 1291//1955
f 1292//1956 1282//1956 1291//1956
f 1281//1957 1282//1957 1292//1957
f 1293//1958 1281//1958 1292//1958
f 1280//1959 1281//1959 1293//1959
f 1294//1960 1280//1960 1293//1960
f 1279//1961 1280//1961 1294//1961
f 1295//1962 1279//1962 1294//1962
f 1278//1963 1279//1963 1295//1963
f 1296//1964 1278//1964 1295//1964
f 1277//1965 1278//1965 1296//1965
f 1297//1966 1277//1966 1296//1966
f 1276//1967 1277//1967 1297//1967
f 1298//1968 1276//1968 1297//1968
f 1274//1968 1276//1968 1298//1968
f 1299//1969 1274//1969 1298//1969
f 1272//1969 1274//1969 1299//1969
f 1300//1970 1272//1970 1299//1970
f 1271//1971 1272//1971 1300//1971
f 1301//1972 1271//1972 1300//1972
f 1269//1973 1271//1973 1301//1973
f 1302//1974 1269//1974 1301//1974
f 1268//1975 1269//1975 1302//1975
f 1303//1976 1268//1976 1302//1976
f 1267//1977 1268//1977 1303//1977
f 1304//1978 1267//1978 1303//1978
f 1264//1979 1267//1979 1304//1979
f 1305//1980 1264//1980 1304//1980
f 1265//1981 1264//1981 1305//1981
f 1306//1982 1265//1982 1305//1982
f 1289//1983 1265//1983 1306//1983
f 1307//1984 1289//1984 1306//1984
f 1288//1985 1289//1985 1307//1985
f 1308//1986 1288//1986 1307//1986
f 1287//1987 1288//1987 1308//1987
f 1309//1988 1287//1988 1308//1988
f 1286//1989 1287//1989 1309//1989
f 1310//1990 1286//1990 1309//1990
f 1285//1991 1286//1991 1310//1991
f 1291//1955 1285//1955 1310//1955
f 1311//1992 1312//1992 1313//1992
f 1313//1993 1312//1993 1314//1993
f 1312//1994 1250//1994 1314//1994
f 1314//1995 1250//1995 1252//1995
f 1313//1996 1314//1996 1315//1996
f 1314//1997 1252//1997 1315//1997
f 1315//1998 1252//1998 1256//1998
f 1290//1999 1315//1999 1258//1999
f 1315//2000 1256//2000 1258//2000
f 1316//2001 1312//2001 1311//2001
f 1317//2002 1312//2002 1316//2002
f 1317//2003 1250//2003 1312//2003
f 1317//2004 1316//2004 1318//2004
f 1261//2005 1317//2005 1318//2005
f 1260//2006 1317//2006 1261//2006
f 1260//2007 1250//2007 1317//2007
f 1139//2008 1319//2008 1140//2008
f 1140//2009 1319//2009 1320//2009
f 1319//2010 1311//2010 1320//2010
f 1320//2011 1311//2011 1313//2011
f 1140//2012 1320//2012 1143//2012
f 1320//2013 1313//2013 1143//2013
f 1143//2014 1313//2014 1315//2014
f 1145//2015 1143//2015 1290//2015
f 1143//2016 1315//2016 1290//2016
f 1148//2017 1319//2017 1139//2017
f 1316//2018 1319//2018 1148//2018
f 1316//2019 1311//2019 1319//2019
f 1316//2020 1148//2020 1149//2020
f 1318//2021 1316//2021 1149//2021
f 1321//2022 1322//2022 1323//2022
f 1323//2023 1322//2023 1324//2023
f 1322//2024 1159//2024 1324//2024
f 1324//2025 1159//2025 1161//2025
f 1323//2026 1324//2026 1325//2026
f 1325//2027 1324//2027 1326//2027
f 1324//2028 1161//2028 1326//2028
f 1326//2029 1161//2029 1163//2029
f 1326//2030 1284//2030 1325//2030
f 1284//2031 1326//2031 1164//2031
f 1326//2032 1163//2032 1164//2032
f 1327//2033 1322//2033 1321//2033
f 1327//2034 1159//2034 1322//2034
f 1327//2035 1328//2035 1165//2035
f 1165//2036 1159//2036 1327//2036
f 1165//2037 1328//2037 1166//2037
f 1329//2038 1330//2038 1331//2038
f 1331//2039 1330//2039 1332//2039
f 1330//2040 1321//2040 1332//2040
f 1332//2041 1321//2041 1323//2041
f 1331//2042 1332//2042 1333//2042
f 1333//2043 1332//2043 1325//2043
f 1332//2044 1323//2044 1325//2044
f 1325//2045 1283//2045 1333//2045
f 1283//2046 1325//2046 1284//2046
f 1334//2047 1330//2047 1329//2047
f 1335//2048 1330//2048 1334//2048
f 1335//2049 1321//2049 1330//2049
f 1335//2050 1334//2050 1336//2050
f 1328//2051 1335//2051 1336//2051
f 1327//2052 1335//2052 1328//2052
f 1327//2053 1321//2053 1335//2053
f 1171//2054 1337//2054 1172//2054
f 1172//2055 1337//2055 1338//2055
f 1337//2056 1329//2056 1338//2056
f 1338//2057 1329//2057 1331//2057
f 1172//2058 1338//2058 1175//2058
f 1338//2059 1331//2059 1175//2059
f 1175//2060 1331//2060 1333//2060
f 1177//2061 1175//2061 1283//2061
f 1175//2062 1333//2062 1283//2062
f 1180//2063 1337//2063 1171//2063
f 1334//2064 1337//2064 1180//2064
f 1334//2065 1329//2065 1337//2065
f 1334//2066 1180//2066 1181//2066
f 1336//2067 1334//2067 1181//2067
f 1203//2068 1339//2068 1204//2068
f 1204//2069 1339//2069 1340//2069
f 1339//2070 1191//2070 1340//2070
f 1340//2071 1191//2071 1193//2071
f 1204//2072 1340//2072 1206//2072
f 1206//2073 1340//2073 1195//2073
f 1340//2074 1193//2074 1195//2074
f 1195//2075 1208//2075 1206//2075
f 1208//2076 1195//2076 1196//2076
f 1213//2077 1191//2077 1339//2077
f 1197//2078 1191//2078 1213//2078
f 1213//2079 1341//2079 1197//2079
f 1213//2080 1339//2080 1203//2080
f 1341//2081 1213//2081 1211//2081
f 1197//2082 1341//2082 1198//2082
f 1342//2083 1343//2083 1344//2083
f 1344//2084 1343//2084 1345//2084
f 1343//2085 1214//2085 1345//2085
f 1345//2086 1214//2086 1216//2086
f 1344//2087 1345//2087 1346//2087
f 1346//2088 1345//2088 1347//2088
f 1345//2089 1216//2089 1347//2089
f 1347//2090 1216//2090 1218//2090
f 1347//2091 1275//2091 1346//2091
f 1275//2092 1347//2092 1219//2092
f 1347//2093 1218//2093 1219//2093
f 1348//2094 1343//2094 1342//2094
f 1348//2095 1214//2095 1343//2095
f 1348//2096 1349//2096 1220//2096
f 1220//2097 1214//2097 1348//2097
f 1220//2098 1349//2098 1221//2098
f 1350//2099 1351//2099 1352//2099
f 1352//2100 1351//2100 1353//2100
f 1351//2101 1342//2101 1353//2101
f 1353//2102 1342//2102 1344//2102
f 1352//2103 1353//2103 1354//2103
f 1354//2104 1353//2104 1346//2104
f 1353//2105 1344//2105 1346//2105
f 1346//2106 1273//2106 1354//2106
f 1273//2107 1346//2107 1275//2107
f 1355//2108 1351//2108 1350//2108
f 1356//2109 1351//2109 1355//2109
f 1356//2110 1342//2110 1351//2110
f 1356//2111 1355//2111 1357//2111
f 1349//2112 1356//2112 1357//2112
f 1348//2113 1356//2113 1349//2113
f 1348//2114 1342//2114 1356//2114
f 1226//2115 1358//2115 1227//2115
f 1227//2116 1358//2116 1359//2116
f 1358//2117 1350//2117 1359//2117
f 1359//2118 1350//2118 1352//2118
f 1227//2119 1359//2119 1229//2119
f 1229//2120 1359//2120 1354//2120
f 1359//2121 1352//2121 1354//2121
f 1354//2122 1231//2122 1229//2122
f 1231//2123 1354//2123 1273//2123
f 1234//2124 1358//2124 1226//2124
f 1355//2125 1358//2125 1234//2125
f 1355//2126 1350//2126 1358//2126
f 1355//2127 1234//2127 1235//2127
f 1357//2128 1355//2128 1235//2128
f 1360//2129 1361//2129 1362//2129
f 1362//2130 1361//2130 1363//2130
f 1361//2131 1222//2131 1363//2131
f 1363//2132 1222//2132 1224//2132
f 1362//2133 1363//2133 1364//2133
f 1364//2134 1363//2134 1228//2134
f 1363//2135 1224//2135 1228//2135
f 1228//2136 1270//2136 1364//2136
f 1270//2137 1228//2137 1230//2137
f 1365//2138 1361//2138 1360//2138
f 1366//2139 1361//2139 1365//2139
f 1366//2140 1222//2140 1361//2140
f 1366//2141 1365//2141 1367//2141
f 1233//2142 1366//2142 1367//2142
f 1232//2143 1366//2143 1233//2143
f 1232//2144 1222//2144 1366//2144
f 1240//2145 1368//2145 1241//2145
f 1241//2146 1368//2146 1369//2146
f 1368//2147 1360//2147 1369//2147
f 1369//2148 1360//2148 1362//2148
f 1241//2149 1369//2149 1243//2149
f 1243//2150 1369//2150 1364//2150
f 1369//2151 1362//2151 1364//2151
f 1364//2152 1245//2152 1243//2152
f 1245//2153 1364//2153 1270//2153
f 1248//2154 1368//2154 1240//2154
f 1365//2155 1368//2155 1248//2155
f 1365//2156 1360//2156 1368//2156
f 1365//2157 1248//2157 1249//2157
f 1367//2158 1365//2158 1249//2158
f 1370//2159 1371//2159 1372//2159
f 1372//2160 1371//2160 1373//2160
f 1371//2161 1236//2161 1373//2161
f 1373//2162 1236//2162 1238//2162
f 1372//2163 1373//2163 1374//2163
f 1374//2164 1373//2164 1242//2164
f 1373//2165 1238//2165 1242//2165
f 1242//2166 1266//2166 1374//2166
f 1266//2167 1242//2167 1244//2167
f 1375//2168 1371//2168 1370//2168
f 1376//2169 1371//2169 1375//2169
f 1376//2170 1236//2170 1371//2170
f 1376//2171 1375//2171 1377//2171
f 1247//2172 1376//2172 1377//2172
f 1246//2173 1376//2173 1247//2173
f 1246//2174 1236//2174 1376//2174
f 1254//2175 1378//2175 1255//2175
f 1255//2176 1378//2176 1379//2176
f 1378//2177 1370//2177 1379//2177
f 1379//2178 1370//2178 1372//2178
f 1255//2179 1379//2179 1257//2179
f 1257//2180 1379//2180 1374//2180
f 1379//2181 1372//2181 1374//2181
f 1374//2182 1259//2182 1257//2182
f 1259//2183 1374//2183 1266//2183
f 1262//2184 1378//2184 1254//2184
f 1375//2185 1378//2185 1262//2185
f 1375//2186 1370//2186 1378//2186
f 1375//2187 1262//2187 1263//2187
f 1377//2188 1375//2188 1263//2188
f 1382//2189 1380//2189 1381//2189
f 1382//2190 1383//2190 1380//2190
f 1385//2191 1382//2191 1384//2191
f 1386//2192 1382//2192 1385//2192
f 1386//2193 1383//2193 1382//2193
f 1387//2194 1383//2194 1386//2194
f 1388//2195 1387//2195 1386//2195
f 1389//2196 1387//2196 1388//2196
f 1389//2197 1390//2197 1387//2197
f 1392//2198 1389//2198 1391//2198
f 1392//2199 1390//2199 1389//2199
f 1393//2200 1390//2200 1392//2200
f 1395//2201 1394//2201 1388//2201
f 1386//2202 1395//2202 1388//2202
f 1396//2203 1395//2203 1386//2203
f 1385//2204 1396//2204 1386//2204
f 1391//2205 1397//2205 1392//2205
f 1398//2206 1384//2206 1381//2206
f 1398//2207 1381//2207 1399//2207
f 1400//2208 1399//2208 1381//2208
f 1381//2209 1380//2209 1400//2209
f 1401//2210 1399//2210 1400//2210
f 1384//2211 1382//2211 1381//2211
f 1402//2212 1400//2212 1380//2212
f 1403//2213 1400//2213 1402//2213
f 1405//2214 1403//2214 1404//2214
f 1401//2215 1400//2215 1405//2215
f 1405//2216 1400//2216 1403//2216
f 1406//2217 1404//2217 1403//2217
f 1407//2218 1404//2218 1406//2218
f 1407//2219 1406//2219 1408//2219
f 1408//2220 1406//2220 1409//2220
f 1409//2221 1406//2221 1410//2221
f 1411//2222 1409//2222 1410//2222
f 1412//2223 1409//2223 1411//2223
f 1413//2224 1412//2224 1411//2224
f 1413//2225 1411//2225 1414//2225
f 1415//2226 1409//2226 1412//2226
f 1413//2227 1415//2227 1412//2227
f 1416//2228 1415//2228 1413//2228
f 1417//2229 1416//2229 1413//2229
f 1418//2230 1417//2230 1413//2230
f 1418//2231 1413//2231 1414//2231
f 1419//2232 1417//2232 1418//2232
f 1419//2233 1418//2233 1420//2233
f 1418//2234 1414//2234 1420//2234
f 1420//2235 1414//2235 1421//2235
f 1422//2236 1409//2236 1415//2236
f 1422//2237 1408//2237 1409//2237
f 1423//2238 1419//2238 1420//2238
f 1424//2239 1423//2239 1420//2239
f 1424//2240 1420//2240 1425//2240
f 1425//2241 1420//2241 1426//2241
f 1420//2242 1421//2242 1426//2242
f 1425//2243 1426//2243 1427//2243
f 1426//2244 1421//2244 1428//2244
f 1426//2245 1428//2245 1429//2245
f 1428//2246 1430//2246 1429//2246
f 1429//2247 1430//2247 1431//2247
f 1429//2248 1431//2248 1432//2248
f 1432//2249 1431//2249 1433//2249
f 1427//2250 1426//2250 1434//2250
f 1434//2251 1426//2251 1429//2251
f 1432//2252 1435//2252 1429//2252
f 1435//2253 1434//2253 1429//2253
f 1431//2254 1430//2254 1436//2254
f 1437//2255 1433//2255 1438//2255
f 1438//2256 1439//2256 1437//2256
f 1439//2257 1438//2257 1440//2257
f 1438//2258 1436//2258 1440//2258
f 1439//2259 1440//2259 1441//2259
f 1442//2260 1441//2260 1440//2260
f 1442//2261 1440//2261 1443//2261
f 1443//2262 1440//2262 1436//2262
f 1444//2263 1441//2263 1442//2263
f 1445//2264 1444//2264 1442//2264
f 1446//2265 1445//2265 1442//2265
f 1447//2266 1446//2266 1448//2266
f 1446//2267 1442//2267 1448//2267
f 1447//2268 1448//2268 1450//2268
f 1448//2269 1449//2269 1450//2269
f 1451//2270 1450//2270 1449//2270
f 1452//2271 1450//2271 1451//2271
f 1453//2272 1452//2272 1451//2272
f 1454//2273 1452//2273 1453//2273
f 1455//2274 1454//2274 1453//2274
f 1455//2275 1453//2275 1392//2275
f 1453//2276 1393//2276 1392//2276
f 1457//2277 1452//2277 1456//2277
f 1457//2278 1450//2278 1452//2278
f 1458//2279 1450//2279 1457//2279
f 1458//2280 1447//2280 1450//2280
f 1456//2281 1452//2281 1454//2281
f 1397//2282 1455//2282 1392//2282
f 1357//2283 1393//2283 1349//2283
f 1393//2284 1357//2284 1390//2284
f 1357//2285 1235//2285 1390//2285
f 1390//2286 1235//2286 1387//2286
f 1233//2287 1387//2287 1235//2287
f 1367//2288 1387//2288 1233//2288
f 1387//2289 1367//2289 1383//2289
f 1367//2290 1249//2290 1383//2290
f 1383//2291 1249//2291 1380//2291
f 1247//2292 1380//2292 1249//2292
f 1377//2293 1380//2293 1247//2293
f 1380//2294 1377//2294 1402//2294
f 1377//2295 1263//2295 1402//2295
f 1402//2296 1410//2296 1403//2296
f 1406//2297 1403//2297 1410//2297
f 1402//2298 1263//2298 1410//2298
f 1261//2299 1410//2299 1263//2299
f 1318//2300 1410//2300 1261//2300
f 1410//2301 1318//2301 1411//2301
f 1318//2302 1149//2302 1411//2302
f 1411//2303 1149//2303 1414//2303
f 1147//2304 1414//2304 1149//2304
f 1147//2305 1421//2305 1414//2305
f 1158//2306 1421//2306 1147//2306
f 1158//2307 1166//2307 1421//2307
f 1166//2308 1428//2308 1421//2308
f 1328//2309 1428//2309 1166//2309
f 1336//2310 1428//2310 1328//2310
f 1428//2311 1336//2311 1430//2311
f 1336//2312 1181//2312 1430//2312
f 1430//2313 1181//2313 1436//2313
f 1179//2314 1436//2314 1181//2314
f 1190//2315 1436//2315 1179//2315
f 1436//2316 1190//2316 1443//2316
f 1190//2317 1198//2317 1443//2317
f 1448//2318 1442//2318 1443//2318
f 1448//2319 1443//2319 1449//2319
f 1198//2320 1449//2320 1443//2320
f 1341//2321 1449//2321 1198//2321
f 1211//2322 1449//2322 1341//2322
f 1211//2323 1212//2323 1449//2323
f 1449//2324 1212//2324 1451//2324
f 1212//2325 1221//2325 1451//2325
f 1221//2326 1453//2326 1451//2326
f 1349//2327 1453//2327 1221//2327
f 1349//2328 1393//2328 1453//2328
f 1394//2329 1459//2329 1388//2329
f 1388//2330 1459//2330 1389//2330
f 1459//2331 1391//2331 1389//2331
f 1433//2332 1431//2332 1438//2332
f 1431//2333 1436//2333 1438//2333
